# callgrind format
version: 1
creator: callgrind-3.22.0
pid: 132661
cmd:  ./build-profile/benchmarks/bench_netlib --filter ship04l
part: 1


desc: I1 cache: 
desc: D1 cache: 
desc: LL cache: 

desc: Timerange: Basic block 0 - 85984816
desc: Trigger: Program termination

positions: line
events: Ir
summary: 357140610


ob=(5) /usr/libexec/valgrind/vgpreload_core-amd64-linux.so
fl=(179) ???
fn=(1214) 0x0000000000001060
0 5

fn=(1204) 0x00000000000010d0
0 9
cob=(4) ???
cfi=(176) ???
cfn=(1210) 0x000000000483d030
calls=1 0 
0 80
0 1
cfn=(1214)
calls=1 0 
0 5
0 3

fn=(588) 0x0000000000001110
0 12

ob=(3) /usr/lib/x86_64-linux-gnu/libm.so.6
fl=(148) ./math/../sysdeps/x86_64/fpu/multiarch/e_log2.c
fn=(460) log2@@GLIBC_2.29
27 1
fi=(142) ./math/../sysdeps/x86_64/fpu/multiarch/ifunc-fma.h
+2 4
+1 3
fe=(148)
-3 1

fl=(153) ./math/../sysdeps/x86_64/fpu/multiarch/e_log2f.c
fn=(476) log2f@@GLIBC_2.27
27 1
fi=(142)
+2 4
+1 3
fe=(153)
-3 1

fl=(158) ./math/../sysdeps/x86_64/fpu/multiarch/s_fma.c
fn=(496) fma
49 6

fl=(147) ./math/../sysdeps/x86_64/fpu/multiarch/e_logf.c
fn=(456) logf@@GLIBC_2.27
27 1
fi=(142)
+2 4
+1 3
fe=(147)
-3 1

fl=(143) ./math/../sysdeps/x86_64/fpu/multiarch/e_exp.c
fn=(444) __exp_finite@GLIBC_2.15
27 1
fi=(144) ./math/../sysdeps/x86_64/fpu/multiarch/ifunc-avx-fma4.h
+5 5
+1 2
fe=(143)
-6 1

fl=(151) ./math/../sysdeps/x86_64/fpu/multiarch/e_pow.c
fn=(472) __pow_finite@GLIBC_2.15
27 1
fi=(152) ./math/../sysdeps/x86_64/fpu/multiarch/ifunc-fma4.h
+4 4
+1 2
fe=(151)
-5 1

fl=(157) ./math/../sysdeps/x86_64/fpu/multiarch/s_sinf.c
fn=(492) sinf
26 1
fi=(142)
+3 4
+1 3
fe=(157)
-4 1

fl=(141) ./math/../sysdeps/x86_64/fpu/multiarch/s_cosf.c
fn=(440) cosf
26 1
fi=(142)
+3 4
+1 3
fe=(141)
-4 1

fl=(146) ./math/../sysdeps/x86_64/fpu/multiarch/s_sin.c
fn=(452) cos
34 1
fi=(144)
-2 5
+1 2
fe=(146)
+1 1

fn=(514) sin
27 1
fi=(144)
+5 5
+1 2
fe=(146)
-6 1

fl=(150) ./math/../sysdeps/x86_64/fpu/multiarch/e_powf.c
fn=(468) powf@@GLIBC_2.27
30 1
fi=(142)
-1 4
+1 4
fe=(150)

fl=(161) ./math/../sysdeps/x86_64/fpu/multiarch/e_atan2.c
fn=(510) __atan2_finite@GLIBC_2.15
26 1
fi=(144)
+6 5
+1 2
fe=(161)
-7 1

fl=(156) ./math/../sysdeps/x86_64/fpu/multiarch/e_asin.c
fn=(498) __asin_finite@GLIBC_2.15
27 1
fi=(152)
+4 4
+1 2
fe=(156)
-5 1

fn=(488) __acos_finite@GLIBC_2.15
35 1
fi=(152)
-4 4
+1 2
+3 1
fe=(156)

fl=(145) ./math/../sysdeps/x86_64/fpu/multiarch/e_expf.c
fn=(448) expf@@GLIBC_2.27
27 1
fi=(142)
+2 4
+1 3
fe=(145)
-3 1

fl=(159) ./math/../sysdeps/x86_64/fpu/multiarch/s_expm1.c
fn=(502) expm1
26 1
fi=(142)
+3 4
+1 3
fe=(159)
-4 1

fl=(154) ./math/../sysdeps/x86_64/fpu/multiarch/s_log1p.c
fn=(480) __log1p
26 1
fi=(142)
+3 4
+1 3
fe=(154)
-4 1

fl=(184) ???
fn=(1232) 0x0000000000010430
0 5

fn=(1222) 0x00000000000104a0
0 9
cob=(4)
cfi=(176)
cfn=(1228) 0x000000000485f220
calls=1 0 
0 80
0 1
cfn=(1232)
calls=1 0 
0 5
0 3

fn=(608) 0x00000000000104e0
0 12

fl=(160) ./math/../sysdeps/x86_64/fpu/multiarch/e_exp2f.c
fn=(506) exp2f@@GLIBC_2.27
27 1
fi=(142)
+2 4
+1 3
fe=(160)
-3 1

fl=(162) ./math/../sysdeps/x86_64/fpu/multiarch/s_sincos.c
fn=(518) sincos
26 1
fi=(152)
+5 4
+1 2
fe=(162)
-6 1

fl=(155) ./math/../sysdeps/x86_64/fpu/multiarch/e_log.c
fn=(484) __log_finite@GLIBC_2.15
27 1
fi=(144)
+5 5
+1 2
fe=(155)
-6 1

fl=(149) ./math/../sysdeps/x86_64/fpu/multiarch/s_sincosf.c
fn=(464) sincosf
26 1
fi=(142)
+3 4
+1 3
fe=(149)
-4 1

ob=(1) /usr/lib/x86_64-linux-gnu/ld-linux-x86-64.so.2
fl=(43) ./string/../sysdeps/x86_64/multiarch/../multiarch/memset-vec-unaligned-erms.S
fn=(130) memset
132 8
+1 40
+5 8
+1 8
+3 2
+1 2
244 2
+1 2
+12 2
+3 2
+1 2
+12 2
+1 2
+13 2
+1 2
+2 2
+3 1
+3 2
+3 1
+1 1
+1 1
+1 1
+1 1
+1 1
+1 1
-6 34
+1 34
+1 34
+1 34
+1 34
+1 34
+1 34
+3 2
+1 2
+1 2
+1 2
+5 2
+34 6
+2 6
+1 6
+39 6
+1 6
+2 6

fl=(63) ./io/../sysdeps/unix/sysv/linux/access.c
fn=(200) access
25 1
+2 7
+4 1

fl=(29) ./string/../sysdeps/x86_64/multiarch/memmove-vec-unaligned-erms.S
fn=(126) mempcpy
197 17
+1 17
+1 17
+1 17
+17 17
+1 17
+2 6
+1 6
+1 6
+2 5
+1 5
+1 5
+2 5
+80 11
+1 11
+2 2
+4 2
+1 2
+1 2
+8 2
+39 9
+1 9
+1 9
+1 9
+1 9
+7 1
+1 1
+1 1
+1 1
+1 1
+1 1
+1 1
+11 1
+1 1
+2 1
+1 1
+1 1

fn=(82) memcpy
210 23
+1 23
+6 23
+1 23
+2 14
+1 14
+1 14
+2 8
+1 8
+1 8
+2 8
+80 9
+1 9
+2 1
+4 1
+1 1
+1 1
+1 1
+1 1
+4 1
+2 1
+39 8
+1 8
+1 8
+1 8
+1 8
+7 6
+1 6
+1 6
+1 6
+1 6
+1 6
+1 6
+11 6
+1 6
+2 6
+1 6
+1 6

fl=(48) ./elf/./elf/dl-audit.c
fn=(198) _dl_audit_objopen
77 3
+1 12

fn=(566) _dl_audit_activity_nsid
41 3
+4 12
+1 3
+1 15

fn=(1202) _dl_audit_objclose
97 5
+1 20

fn=(152) _dl_audit_activity_map
29 2
+2 1
-2 5
+1 1
+1 2
+6 6

fn=(636) _dl_audit_preinit
118 1
+1 4

fl=(32) ./string/../sysdeps/x86_64/multiarch/../multiarch/strcmp-sse2.S
fn=(94) strcmp
98 340
+33 340
+1 340
+2 340
+1 340
+21 340
+1 340
+1 252
+1 252
+1 227
+1 227
+1 227
+1 227
+17 227
+1 227
+1 227
+1 227
+1 227
+1 227
+1 227
+5 15
+1 45
+9 15
+1 15
+1 15
+1 15
+1 15
+1 15
+1 15
+1 15
-7 113
+1 113
+1 113
+1 113
+1 113
+1 113
+1 113
+1 113
+1 122
+1 48
+1 48
+1 48
+2 48
+1 48
+1 48
+1 48
+1 48
+1 48
-5 74
+1 74
+1 74
+1 74
+1 74
+1 74
+10 6
+1 6
+1 6
+2 6
+6 6
+1 6
+1 6
+1 6
+1 6
+5 6
+2 2
+1 2
+1 4
+8 2
+1 2
+3 2
+1 2
+1 2
+1 2
+1 2
+1 2
+31 6
+1 6
+1 6
+1 6
+1 6
+2 6
+1 6
+1 6
+1 6
+1 6
+1 6
+1 6
+1 6
+3 6
+1 6
+1 6
+6 6
+1 6
+1 12
+4 6
+1 6
+3 6
+1 6
+1 6
+2 6
+1 6
+1 6
+4 6
+1 6
+1 6
+1 6
+1 6
+1 6
661 1
+1 1
+1 1
+1 1
+1 1
+2 1
+1 1
+1 1
+1 1
+1 1
+1 1
+1 1
780 3
+1 3
+1 3
+1 3
+1 3
+2 3
+1 3
+1 3
+1 3
+1 3
+1 3
+1 3
+1 2
+4 2
+1 2
+1 2
+6 2
+1 2
+1 4
+4 2
+1 2
+3 2
+1 2
+1 2
+2 2
+1 2
+1 2
+4 2
+1 2
+1 2
+1 2
+1 2
+1 2
+69 3
+1 3
+1 3
+1 3
+1 3
+2 3
+1 3
+1 3
+1 3
+1 3
+1 3
+1 3
+1 2
+4 2
+1 2
+1 2
+6 2
+1 2
+1 4
+4 2
+1 2
+3 2
+1 2
+1 2
+2 2
+1 2
+1 2
+4 2
+1 2
+1 2
+1 2
+1 2
+1 2
+7 1
+1 1
+2 1
+1 1
+2 1
+1 1
+1 1
+2 1
+1 1
+1 1
+4 1
+1 1
+1 1
+1 1
+1 1
+1 1
+41 6
+1 6
+1 6
+1 6
+1 6
+2 6
+1 6
+1 6
+1 6
+1 6
+1 6
+1 6
+1 5
+4 5
+1 5
+1 5
+6 5
+1 5
+1 10
+4 5
+1 5
+3 5
+1 5
+1 5
+2 5
+1 5
+1 5
+4 5
+1 5
+1 5
+1 5
+1 5
+1 5
+69 3
+1 3
+1 3
+1 3
+1 3
+2 3
+1 3
+1 3
+1 3
+1 3
+1 3
+1 3
1256 15
+1 15
+1 15
+1 15
+1 15
+2 15
+1 15
+1 15
+1 15
+1 15
+1 15
+1 15
+1 1
+4 1
+1 1
+1 1
+6 1
+1 1
+1 2
+4 1
+1 1
+3 1
+1 1
+1 1
+2 1
+1 1
+1 1
+4 1
+1 1
+1 1
+1 1
+1 1
+1 1
+69 7
+1 7
+1 7
+1 7
+1 7
+2 7
+1 7
+1 7
+1 7
+1 7
+1 7
+1 7
+1 7
+4 7
+1 7
+1 7
+6 7
+1 7
+1 14
+4 7
+1 7
+3 7
+1 7
+1 7
+2 7
+1 7
+1 7
+4 7
+1 7
+1 7
+1 7
+1 7
+1 7
+69 39
+1 39
+1 39
+1 39
+1 39
+2 39
+1 39
+1 39
+1 39
+1 39
+1 39
+1 39
+1 37
+4 37
+1 37
+1 37
+6 37
+1 37
+1 74
+4 37
+1 37
+3 37
+1 37
+1 37
+2 37
+1 37
+1 37
+4 37
+1 37
+1 37
+1 37
+1 37
+1 37
+69 6
+1 6
+1 6
+1 6
+1 6
+2 6
+1 6
+1 6
+1 6
+1 6
+1 6
+1 6
+1 4
+4 4
+1 4
+1 4
+6 4
+1 4
+1 8
+4 4
+1 4
+3 4
+1 4
+1 4
+2 4
+1 4
+1 4
+4 4
+1 4
+1 4
+1 4
+1 4
+1 4
+7 1
+1 1
+2 1
+1 1
+2 1
+1 1
+1 1
+2 1
+1 1
+1 1
+4 1
+1 1
+1 1
+1 1
+1 1
+1 1
+41 15
+1 15
+1 15
+1 15
+1 15
+2 15
+1 15
+1 15
+1 15
+1 15
+1 15
+1 15
+1 9
+4 9
+1 9
+1 9
+6 9
+1 9
+1 18
+4 9
+1 9
+3 9
+1 9
+1 9
+2 9
+1 9
+1 9
+4 9
+1 9
+1 9
+1 9
+1 9
+1 9
+7 1
+1 1
+2 1
+1 1
+2 1
+1 1
+1 1
+2 1
+1 1
+1 1
+4 1
+1 1
+1 1
+1 1
+1 1
+1 1
+41 4
+1 4
+1 4
+1 4
+1 4
+2 4
+1 4
+1 4
+1 4
+1 4
+1 4
+1 4
+1 3
+4 3
+1 3
+1 3
+6 3
+1 3
+1 6
+4 3
+1 3
+3 3
+1 3
+1 3
+2 3
+1 3
+1 3
+4 3
+1 3
+1 3
+1 3
+1 3
+1 3
+69 14
+1 14
+1 14
+1 14
+1 14
+2 14
+1 14
+1 14
+1 14
+1 14
+1 14
+1 14
+2 6
+4 6
+1 6
+1 6
+6 6
+1 6
+2 12
+4 6
+1 6
+3 6
+1 6
+1 6
+2 6
+1 6
+1 6
+4 6
+1 6
+1 6
+1 6
+1 6
+1 6
+71 84
+2 84
+1 84
+1 84
+1 84
-3 44
+1 44
+1 44
+1 44
+1 96
+5 48
+6 48
+1 48
+8 48
+1 48
-16 292
+6 292
+1 292
+8 292
+1 292

fn=(244) strncmp
98 1
+27 1
+1 1
+1 1
+1 1
+1 1
+2 1
+1 1
+2 1
+1 1
+21 1
+1 1
+1 1
+1 1
+1 1
+1 1
+1 1
+1 1
+17 1
+1 1
+1 1
+1 1
+1 1
+1 1
+1 1
2104 1
+3 1
+1 1
+2 1
+1 1
+8 1
+1 1

fl=(78) ./elf/./elf/dl-lookup.c
fn=(270) _dl_lookup_symbol_x
772 906
+3 151
-3 453
+3 151
-3 604
fi=(79) ./elf/../sysdeps/generic/dl-new-hash.h
74 151
+3 302
-8 151
+1 302
+10 151
+1 302
-1 861
+1 1722
+20 941
-2 941
+6 941
-3 1882
+2 941
-30 941
+3 1882
fe=(78)
774 151
+1 151
+3 151
-4 151
+1 151
+7 580
+5 151
-2 151
+2 151
-2 151
+6 2164
+1 2114
cfn=(274) do_lookup_x
calls=151 347 
* 62325
* 453
+28 151
-23 453
+23 151
-23 302
+24 830
+7 141
-7 141
+35 564
+34 564
-20 423
+3 282
-57 151
+76 1359
fi=(79)
87 71
+1 71
+1 142
+1 71
fe=(78)
871 2
-72 60
+18 30
+11 40

fn=(276) check_match
70 2175
+3 864
+13 142
-13 142
+13 142
-13 142
+13 426
+3 596
cfi=(32)
cfn=(94)
calls=78 +9 
* 3827
* 156
+4 142
+1 284
+2 280
+19 280
+1 1120
+2 2
+43 141
+1 1160
-18 4
+2 4
+1 2
-1 4
+1 6
-1 4
-68 2
+39 417
cfi=(32)
cfn=(94)
calls=139 -19 
* 4940
* 278
-44 12
+5 6

fn=(274)
347 1359
+1 151
-1 604
+6 151
-6 151
+65 151
-58 151
+11 151
+50 151
-3 302
+3 302
-50 151
+50 604
-19 1857
+8 619
-4 619
+1 619
+3 2476
+1 1238
+3 619
-3 619
+4 1238
+4 1238
-2 619
+5 2476
+3 4333
+99 1440
358 1242
+3 1242
+4 1258
+21 1238
+4 1238
+71 1128
fi=(4) ./elf/../sysdeps/generic/ldsodefs.h
139 282
+1 423
fe=(78)
476 282
fi=(80) ./elf/../sysdeps/generic/dl-protected.h
29 564
fe=(78)
483 1052
+16 282
+1 141
+22 141
-21 141
+21 987
-99 450
-1 300
+2 300
+2 147
+6 588
-6 147
+6 1029
+7 576
-10 1665
+2 145
+1 435
-1 145
+1 290
-1 145
+1 145
+1 145
-1 145
+1 145
-1 1015
cfn=(276)
calls=145 70 
* 17700
+4 435
+3 8
+31 48
+52 10
-1 10
+1 70
-35 57

fl=(8) ./elf/./elf/dl-setup_hash.c
fn=(14) _dl_setup_hash
25 5
+3 5
-3 5
+3 10
+3 15
+1 10
+2 5
-1 5
+3 15
+1 5
+1 10
+7 5
-5 5
-2 5
+3 10
+2 5
+2 10
+5 5

fl=(62) ./io/../sysdeps/unix/sysv/linux/close_nocancel.c
fn=(194) __GI___close_nocancel
25 4
+1 16
+1 4

fl=(71) ./malloc/./malloc/scratch_buffer_set_array_size.c
fn=(228) __libc_scratch_buffer_set_array_size
30 39
+4 3
+1 6
+10 6
+18 3
-17 3
+17 15

fl=(66) ./io/../sysdeps/unix/sysv/linux/fstatat64.c
fn=(212) fstatat
146 6
-55 6
+70 7
+1 1
-2 4
+1 4

fl=(70) ./io/../sysdeps/unix/sysv/linux/pread64_nocancel.c
fn=(224) __pread64_nocancel
25 4
+1 8
+1 2

fl=(311) ./elf/./elf/dl-fini.c
fn=(1170) _dl_fini
26 5
+17 1
-17 6
+20 13
+3 2
cob=(2) /usr/lib/x86_64-linux-gnu/libc.so.6
cfi=(312) ./nptl/./nptl/pthread_mutex_lock.c
cfn=(1172) pthread_mutex_lock@@GLIBC_2.2.5
calls=1 +28 
* 44
+2 1
+3 2
+2 5
+7 3
-2 1
+2 1
cfi=(48)
cfn=(566)
calls=1 -22 
* 11
+5 15
+5 1
-5 1
+5 3
+2 10
+2 10
+2 10
+1 5
+1 5
+4 5
-12 15
+14 6
+1 4
+6 6
cfi=(13) ./elf/./elf/dl-sort-maps.c
cfn=(232) _dl_sort_maps
calls=1 298 
* 398
+9 2
cob=(2)
cfi=(313) ./nptl/./nptl/pthread_mutex_unlock.c
cfn=(1174) pthread_mutex_unlock@@GLIBC_2.2.5
calls=1 367 
* 34
+5 6
+2 1
+2 2
-2 4
+2 8
+2 20
cfi=(314) ./elf/./elf/dl-call_fini.c
cfn=(1176) _dl_call_fini
calls=5 -90 
* 469
+3 10
cfi=(48)
cfn=(1202)
calls=5 -20 
* 25
-9 10
+14 5
-14 15
+18 3
cfi=(48)
cfn=(566)
calls=1 -85 
* 11
* 2
+6 4
+2 1
-2 2
+6 2
+7 8
-77 2

fl=(9) ./elf/../sysdeps/unix/sysv/linux/dl-sysdep.c
fn=(18) _dl_sysdep_parse_arguments
78 1
+2 1
-2 6
+1 1
+1 1
-1 1
+2 2
+2 1
-2 1
+2 2
-1 1
+1 2
-1 49
+1 98
+7 56
fi=(10) ./elf/../sysdeps/unix/sysv/linux/dl-parse_auxv.h
-49 1
fe=(9)
+45 1
fi=(10)
-54 1
fe=(9)
+54 1
fi=(10)
-54 1
+1 1
+1 1
+7 3
+1 44
+1 22
-2 22
+2 22
-2 67
fe=(9)
+52 3
+1 1
+1 2
fi=(10)
-49 1
+1 1
fe=(9)
+46 1
fi=(10)
-45 1
+3 1
+1 1
+1 1
+1 1
+2 1
-5 1
-4 1
+1 1
+4 1
+1 1
+3 1
-7 1
-4 1
+1 1
+8 1
fe=(9)
+40 1
-1 1
+2 1
+1 6

fn=(16) _dl_sysdep_start
102 5
+4 1
-4 1
+1 1
+3 1
cfn=(18)
calls=1 -28 
* 444
+4 2
cfi=(11) ./elf/./elf/dl-tunables.c
cfn=(22) __GI___tunables_init
calls=1 261 
* 30561
+3 1
cfi=(13)
cfn=(26) _dl_sort_maps_init
calls=1 289 
* 38
+2 2
cfi=(14) ./elf/../sysdeps/unix/sysv/linux/brk.c
cfn=(30) brk
calls=1 -79 
* 8
fi=(6) ./elf/../sysdeps/x86_64/dl-machine.h
220 1
cfi=(15) ./elf/../sysdeps/x86/dl-get-cpu-features.c
cfn=(34) _dl_x86_init_cpu_features
calls=1 37 
* 7349
fe=(9)
-98 3
+1 1
cfi=(22) ./string/../sysdeps/x86_64/multiarch/../multiarch/strlen-sse2.S
cfn=(62) strlen
calls=1 -66 
* 17
* 1
+2 2
cfi=(23) ./elf/../misc/sbrk.c
cfn=(64) sbrk
calls=1 -88 
* 16
* 3
+12 3
+3 5
cfi=(2) ./elf/./elf/rtld.c
cfn=(66) dl_main
calls=1 1346 
* 157983
+3 4

fn=(564) _dl_sysdep_start_cleanup
147 1
+1 1

fl=(67) ./elf/./elf/dl-cache.c
fn=(568) _dl_unload_cache
525 1
+1 4
-1 1
+3 1
-3 1
+3 1
cfi=(140) ./misc/../sysdeps/unix/syscall-template.S
cfn=(570) munmap
calls=1 117 
* 6
+7 1
-6 1
+4 1
+2 1

fn=(214) _dl_load_cache_lookup
403 20
+2 4
+3 6
+69 3
+5 2
205 2
482 4
+3 6
fi=(69) ./elf/../sysdeps/x86/dl-procinfo.h
39 4
+3 6
cfi=(32)
cfn=(94)
calls=2 +56 
* 50
* 8
fe=(67)
208 12
cfi=(11)
cfn=(28) __tunable_get_val
calls=2 387 
* 46
* 2
+12 2
-10 2
-2 2
+12 4
-7 10
+9 10
+1 2
-32 4
+36 2
-4 2
+4 4
-5 60
+1 12
-32 24
+36 12
-4 12
+4 24
+4 42
cfn=(222) _dl_cache_libcmp
calls=14 357 
* 1042
+1 28
346 12
+3 6
220 12
347 6
220 16
+2 20
+20 4
+3 4
+2 8
cfn=(222)
calls=2 357 
* 146
* 4
-7 4
-30 6
+1 2
fi=(319) ./elf/../sysdeps/x86/dl-isa-level.h
28 4
fe=(67)
210 4
fi=(319)
28 2
fe=(67)
210 2
+1 2
-1 6
+76 6
fi=(319)
28 6
fe=(67)
259 4
+10 6
+1 8
+16 2
fi=(68) ./elf/../sysdeps/generic/dl-cache.h
125 2
fe=(67)
286 6
+9 4
+3 4
+3 2
+1 6
+28 4
500 4
+12 4
cfi=(22)
cfn=(62)
calls=2 57 
* 70
+1 2
-1 2
+1 24
+1 2
-1 2
+1 2
-1 2
+1 2
cfi=(29)
cfn=(82)
calls=2 210 
* 22
* 2
+1 2
cfi=(44) ./string/./string/strdup.c
cfn=(138) strdup
calls=2 40 
* 190
+1 16
411 4
cfi=(52) ./elf/./elf/dl-misc.c
cfn=(216) _dl_sysdep_read_whole_file
calls=1 36 
* 103
* 1
+8 5
+1 8
+3 3
+1 1
-1 3
fi=(68)
194 1
+1 5
fe=(67)
431 1
+1 2

fn=(222)
357 16
+1 16
+32 16
-33 16
+1 36
+2 79
+2 79
-2 158
+20 154
+2 154
-12 63
+2 63
+14 63
+1 63
-29 126
+32 6
-28 4
+6 2
+2 2
-2 2
+1 2
-1 2
+1 2
-1 2
+2 6
+2 2
-3 2
+3 6
+2 4
+9 42

fl=(20) ./elf/../sysdeps/x86/dl-cacheinfo.h
fn=(50) handle_intel.constprop.0
255 24
-5 12
+17 12
-17 96
+11 12
+1 12
+5 36
+4 24
+34 96
-29 12
+3 24
-3 12
+3 36
cfn=(52) intel_check_word.constprop.0
calls=12 123 
* 4092
+2 24
+3 60
cfn=(52)
calls=12 123 
* 1272
+2 24

fn=(52)
123 48
-4 72
+10 24
-10 96
+10 48
-10 24
+10 24
-10 24
+10 24
+2 48
+71 48
fi=(21) ./elf/../bits/stdlib-bsearch.h
32 24
fe=(20)
202 120
-71 96
+2 60
+2 120
+8 120
+51 96
+22 48
fi=(21)
28 48
-1 96
+2 216
+2 168
+1 84
fe=(20)
+78 168
+3 324
fi=(21)
-78 264
-6 528
+2 480
+1 240
fe=(20)
+78 480
+15 12
246 144
fi=(21)
37 120
fe=(20)
155 36
+3 36
-6 12
+3 39
+9 18
+23 21
-32 63
+3 63
+4 58
+2 116
+3 84
+1 48
+1 48
+1 30
+2 11
+2 22
+6 14
+3 8
+1 12
-20 15
+12 4
+2 4
+1 4
-2 4
-1 4
+2 8
-2 4
+3 4
-2 12
+2 12
+11 2
-9 12

fn=(56) get_common_cache_info.constprop.0
571 11
+17 1
+1 1
+9 1
-12 1
+2 1
+2 1
+8 1
-11 1
+3 1
+11 2
-5 3
+17 1
+5 3
+4 2
770 5
+1 5
+4 2
+8 1
-1 1
+1 1
+1 1
+1 7
627 5
+3 6
-32 5
+75 4
+8 5
+2 2
-2 1
+6 3
+3 1
+1 5
-4 4
+21 2
-21 4
+2 1
+2 4
-4 1
+6 4
+3 2
+5 1
+2 2
+1 1
+1 1
-2 2
+1 1
-19 4
+46 2
+1 1
+1 2
+1 1
+25 3
630 3
+10 6
+14 2
+4 1
+3 1
+1 1
-4 2
+3 3
+6 4
-37 12
+7 6
-7 3
+7 2
+3 20
+5 2
+4 1
+1 1
-1 2
+1 1
+61 2
+7 1
+2 2
-16 1
+22 1
-6 2
+1 1
+5 1
-30 5

fl=(2)
fn=(66)
1346 2
197 1
1346 11
199 1
302 1
+1 1
197 1
+99 3
1357 1
cfi=(24) ./elf/../sysdeps/nptl/dl-tls_init_tp.c
cfn=(68) __tls_pre_init_tp
calls=1 53 
* 17
2749 1
2538 1
2749 2
2598 1
+2 2
+15 1
-13 2
cfi=(25) ./elf/./elf/dl-environ.c
cfn=(70) _dl_next_ld_env_entry
calls=1 28 
* 53
* 4
cfi=(25)
cfn=(70)
calls=2 28 
* 291
* 9
+4 6
-2 2
+2 6
+1 2
-1 6
+1 17
-1 89
+9 12
2727 3
1373 1
+1 2
-1 2
+1 2
2687 3
-47 2
+10 2
1637 9
cfi=(26) ./elf/./elf/dl-object.c
cfn=(72) _dl_new_object
calls=1 59 
* 210
* 1
+2 2
+1 3
+6 1
-5 2
+1 3
+4 1
cfi=(26)
cfn=(84) _dl_add_to_namespace_list
calls=1 31 
* 42
+1 2
1116 1
-1 1
1351 1
1143 1
-21 2
+21 2
-19 1
+1 1
-3 1
+21 2
+57 1
-82 1
+25 1
-3 1
+4 1
+19 1
+37 4
-56 102
+56 4
-1 4
+1 8
-1 4
+2 8
+1 1
+2 12
+1 14
+4 8
+1 8
+1 4
+4 12
-72 27
1253 2
+1 22
+6 4
cfi=(30) ./elf/./elf/dl-load.c
cfn=(88) _dl_process_pt_gnu_property
calls=1 868 
* 90
-7 26
+1 13
+6 13
-6 26
fi=(31) ./elf/../sysdeps/x86/dl-prop.h
235 4
+1 2
-87 4
fe=(2)
1148 1
-5 1
+5 2
-5 2
+30 1
-9 2
+2 1
-3 1
+10 2
+18 2
-38 2
-10 1
+10 1
+1 9
-11 2
+1 14
1247 1
1143 1
1247 2
1143 3
1266 4
+3 3
+2 3
1672 3
+2 2
-1 1
+1 1
+1 3
-2 2
cfi=(32)
cfn=(94)
calls=1 98 
* 25
* 2
+7 1
+3 1
-5 1
+3 1
+2 1
+1 2
+4 2
+2 2
fi=(3) ./elf/./get-dynamic-info.h
39 4
+4 1
+2 1
+9 1
+1 1
-10 2
+23 27
-23 108
+4 54
+3 6
-1 12
+3 24
+1 20
fe=(2)
1243 1
1143 1
1243 1
1143 2
fi=(3)
72 4
+43 2
+7 3
+1 4
+6 3
+18 4
+5 2
+2 2
+2 2
+2 2
+1 2
+3 4
+2 3
+1 2
+9 2
+6 2
+1 3
+3 3
fe=(2)
1698 4
+7 2
cfi=(8)
cfn=(14)
calls=1 25 
* 27
+3 2
fi=(33) ./elf/./setup-vdso.h
24 2
fi=(36) ./elf/./dl-main.h
+85 2
fi=(35) ./elf/../sysdeps/unix/sysv/linux/dl-vdso-setup.h
-64 1
fi=(36)
+64 3
cfi=(30)
cfn=(106) _dl_init_paths
calls=1 706 
* 2322
fe=(2)
1733 3
cfi=(45) ./elf/./elf/dl-debug.c
cfn=(144) _dl_debug_initialize
calls=1 56 
* 34
+7 1
-5 1
-2 1
+7 1
+4 1
+1 1
+2 1
-3 3
+1 2
+3 1
+11 1
-13 1
+13 1
+1 2
+5 1
-3 2
+2 1
+1 2
+5 3
+1 5
-1 2
224 1
+1 1
-1 1
+1 3
+1 2
1788 2
+5 1
-1 1
1352 1
1793 1
+24 1
cfi=(46) ./elf/../elf/dl-tls.c
cfn=(146) _dl_count_modids
calls=1 192 
* 6
* 1
fi=(47) ./elf/../sysdeps/generic/dl-debug.h
29 4
+1 1
fe=(2)
1823 1
+1 1
cfi=(45)
cfn=(150) _dl_debug_state
calls=1 116 
* 2
+1 1
+4 3
cfi=(48)
cfn=(152)
calls=1 29 
* 17
+5 3
+2 1
+2 2
+9 2
+16 4
cfi=(63)
cfn=(200)
calls=1 25 
* 9
* 2
+76 4
+16 3
85 1
1965 1
85 2
1965 1
85 1
1965 5
85 1
1965 2
cfi=(64) ./elf/./elf/dl-deps.c
cfn=(202) _dl_map_object_deps
calls=1 143 
* 13399
92 1
+9 1
1971 1
92 2
+9 2
1971 2
+1 6
-1 4
+1 8
-1 16
+4 3
+1 2
+1 1
+2 18
+1 8
+46 1
-42 2
+8 3
+1 2
+2 1
+2 3
+2 1
-4 1
+5 1
-1 2
+14 2
+1 2
+1 3
-25 1
+36 2
+2 1
-2 1
+2 2
-2 1
+1 2
+1 1
-1 2
+1 1
cfi=(50) ./elf/./elf/dl-catch.c
cfn=(236) _dl_receive_error
calls=1 186 
* 9287
+10 1
+1 1
-1 1
+1 1
+3 2
837 1
fi=(320) ./elf/../sysdeps/unix/sysv/linux/dl-osinfo.h
39 2
fe=(2)
839 1
fi=(320)
52 1
fe=(2)
848 1
+7 1
-5 1
2047 3
2246 2
+4 1
-4 1
+10 1
-6 1
+6 1
-6 1
+9 2
+8 2
fi=(31)
36 2
+1 3
+3 3
+13 7
-13 4
+9 8
-9 1
+9 20
+4 16
-16 15
+34 1
fe=(2)
2279 1
fi=(31)
71 1
cfi=(76) ./elf/../sysdeps/x86_64/dl-cet.c
cfn=(260) _dl_cet_check
calls=1 361 
* 55
fe=(2)
2282 1
-3 2
+5 1
-2 2
+2 2
+1 6
cfi=(77) ./elf/./elf/dl-reloc.c
cfn=(262) _dl_relocate_object
calls=1 207 
* 71452
85 2
2292 1
85 2
2292 1
+1 20
+2 10
+5 10
+2 10
+6 5
+2 10
+1 32
cfi=(77)
cfn=(262)
calls=4 207 
* 48647
+4 12
+1 2
-23 1
+23 1
cfi=(46)
cfn=(438) _dl_add_to_slotinfo
calls=1 1017 
* 28
-23 3
92 3
+1 1
2325 1
93 1
2325 1
+4 4
+2 1
+7 4
cfi=(46)
cfn=(524) _dl_allocate_tls_init
calls=1 523 
* 149
+3 2
+4 3
+2 2
+33 3
cfi=(170) ./elf/./elf/dl-call-libc-early-init.c
cfn=(548) _dl_call_libc_early_init
calls=1 27 
* 603
+7 1
cfi=(9)
cfn=(564)
calls=1 147 
* 2
+3 3
cfi=(48)
cfn=(566)
calls=1 41 
* 11
+4 2
cfi=(45)
cfn=(196) _dl_debug_update
calls=1 38 
* 7
+1 1
-1 1
+2 1
cfi=(45)
cfn=(150)
calls=1 116 
* 2
+1 1
+4 1
cfi=(67)
cfn=(568)
calls=1 525 
* 19
+5 8
2304 1
+1 1
-3 2
226 2
-2 1
+1 1
1773 1
+6 1
-6 2
+6 1
fi=(3)
56 5
+3 4
fi=(34) ./elf/../sysdeps/unix/sysv/linux/dl-vdso.h
-19 2
+1 5
fi=(35)
-11 1
+3 1
+3 1
+3 1
fi=(34)
+16 2
fi=(3)
+17 3
+12 3
+1 5
+1 5
+1 5
+1 4
+1 5
+1 5
+1 5
+12 2
+7 1
-7 7
+7 2
fe=(2)
1743 4
2357 1
cfi=(164) ./elf/./elf/dl-find_object.c
cfn=(526) _dl_find_object_init
calls=1 561 
* 723
+5 3
cfi=(7) ./elf/./elf/dl-minimal.c
cfn=(534) __rtld_malloc_init_real
calls=1 76 
* 2651
+3 1
cfi=(168) ./elf/../sysdeps/nptl/dl-mutex.c
cfn=(542) __rtld_mutex_init
calls=1 30 
* 503
85 1
2371 1
+1 3
85 3
2372 2
cfi=(77)
cfn=(262)
calls=1 207 
* 1699
92 3
+9 3
2687 2
+2 1
+1 1
-1 1
+1 1
+1 1
2040 2
cfn=(246) init_tls
calls=1 734 
* 836
* 2
2650 2
+2 2
+1 1
fi=(3)
62 4
+2 4
fe=(2)
1943 10
85 1
1842 2
85 3
1842 2
cfn=(154) handle_preload_list
calls=1 869 
* 3084
* 1
92 3
+9 3
1943 6
+1 1
-1 1
+4 3
+1 1
+1 2
+1 2
-7 2

fn=(154)
869 11
+5 1
-5 2
+5 2
-4 3
+7 3
cfi=(49) ./string/../string/strcspn.c
cfn=(156) strcspn
calls=1 32 
* 240
* 1
+1 3
+9 1
183 1
889 2
183 2
891 2
-80 1
+5 1
-6 1
-4 1
+10 2
-6 1
+4 1
+2 2
-5 1
+1 1
+4 1
cfi=(50)
cfn=(158) _dl_catch_error
calls=1 254 
* 2754
+1 3
+8 3
+67 1
-18 2
+21 9
-15 4
cfi=(29)
cfn=(82)
calls=1 210 
* 19
+1 2

fn=(238) version_check_doit
674 2
+2 1
-2 4
+2 3
cfi=(73) ./elf/./elf/dl-version.c
cfn=(240) _dl_check_all_versions
calls=1 392 
* 9250
* 2
+4 3

fn=(2) _dl_start
517 16
85 1
547 4
85 1
543 1
fi=(6)
55 1
fe=(2)
+30 1
546 1
85 1
fi=(3)
-40 1
fe=(2)
546 1
fi=(3)
45 2
+23 18
-23 72
+4 36
+3 5
-1 10
+3 20
+1 16
+1 5
fi=(4)
+23 1
fi=(3)
+31 1
-38 3
+12 4
+1 3
+1 4
+1 4
+1 5
+1 3
+1 4
+1 4
+12 7
+7 2
-51 4
+64 3
+6 3
+1 3
+3 2
+1 3
+5 5
+3 5
fe=(2)
563 154
fi=(4)
79 1
fe=(2)
563 1
fi=(4)
79 2
fe=(2)
563 27
fi=(6)
287 3
fi=(5) ./elf/./elf/do-rel.h
49 1
fe=(2)
563 1
fi=(5)
50 1
-1 2
+4 1
-3 1
+3 4
+3 2
-7 1
fe=(2)
563 1
fi=(5)
50 1
-1 2
+4 1
-3 1
+3 4
+3 2
+7 3
+2 3
-2 6
fi=(6)
278 3
fi=(5)
64 6
fi=(6)
278 6
+9 24
+3 6
+1 6
+26 8
+6 2
fi=(5)
61 13
fe=(2)
563 6
fi=(5)
51 1
fi=(4)
+28 2
fi=(3)
-17 4
+2 4
fe=(2)
565 1
+13 1
cfi=(7)
cfn=(12) __rtld_malloc_init_stubs
calls=1 42 
* 10
458 2
85 1
476 2
85 3
476 1
cfi=(8)
cfn=(14)
calls=1 25 
* 27
+2 1
+16 2
-17 1
+11 1
-10 1
+16 1
cfi=(9)
cfn=(16)
calls=1 102 
* 196453
* 1
+2 2
+89 9
fi=(3)
103 3
fe=(2)

fn=(164) map_doit
641 2
+2 1
-2 4
+2 1
+1 2
-1 2
+1 3
cfi=(30)
cfn=(166) _dl_map_object
calls=1 1967 
* 2643
* 1
+2 3

fn=(246)
734 1
+6 1
-6 3
+2 2
+4 2
+11 1
fi=(28) ./elf/../include/rtld-malloc.h
44 1
fe=(2)
746 1
+4 1
fi=(28)
44 1
cfi=(27) ./elf/./elf/dl-minimal-malloc.c
cfn=(74) __minimal_calloc
calls=1 +36 
* 41
fe=(2)
761 1
-12 1
+6 1
-9 1
+11 1
+4 1
+2 3
-1 2
+3 10
+4 1
+2 1
-2 2
-5 1
-1 2
+10 3
+3 2
cfi=(46)
cfn=(248) _dl_tls_static_surplus_init
calls=1 97 
* 86
+3 1
cfi=(46)
cfn=(250) _dl_determine_tlsoffset
calls=1 216 
* 79
+7 1
cfi=(46)
cfn=(252) _dl_allocate_tls_storage
calls=1 417 
* 469
* 1
+1 2
+6 1
fi=(74) ./elf/../sysdeps/generic/dl-call_tls_init_tp.h
31 2
fe=(2)
793 1
fi=(74)
31 6
+2 1
cfi=(24)
cfn=(256) __tls_init_tp
calls=1 +35 
* 79
fe=(2)
800 1
-3 1
+3 4
-36 4
-1 9

fl=(16) ./elf/../sysdeps/x86/cpu-features.c
fn=(42) update_active.constprop.0
72 8
+4 1
+10 1
+9 1
+9 1
-19 1
-1 1
+29 1
-4 1
-24 1
+9 1
+9 1
+9 1
-28 2
+25 1
-15 1
-9 1
+9 1
+9 1
+9 1
-3 1
+7 1
-13 1
+9 1
+4 2
-22 1
+22 2
-13 1
+6 1
+3 1
+5 1
+12 1
-8 1
-4 1
+7 1
-3 4
+1 1
+2 1
-2 2
+1 3
+5 1
+2 1
-2 4
+1 1
+1 1
-1 2
+1 1
-1 1
+3 2
+1 4
+14 2
356 2
+4 3
fi=(18) ./elf/../sysdeps/unix/sysv/linux/x86/dl-hwcap2.h
25 2
fi=(19) ./elf/../sysdeps/x86/get-isa-level.h
+5 1
-2 1
+2 3
fe=(16)
369 1
+1 8
151 2
+1 2
-1 5
+1 2
+2 3
+90 1
+1 1
-1 2
+17 4
+16 2
+5 1
-1 2
+4 4
+4 2
+4 3
+1 2
+3 1
-1 1
+9 1
-5 1
+2 1
-2 1
+5 1
+51 1
fi=(19)
31 1
fe=(16)
356 2
fi=(19)
32 3
+4 3
fe=(16)
158 4
+3 1
+3 2
+14 1
+2 1
+10 3
-12 1
+12 1
-12 1
+2 2
-2 1
+2 1
+8 1
-8 1
+6 3
+2 1
-2 1
+2 3
+7 5
fi=(19)
39 2
+1 4
-2 1
+7 4
+2 1
+1 2
+3 5
+2 4
+1 2
+1 2
+3 1
-1 1
+1 3
fe=(16)
171 1
-5 2
+4 1

fn=(36) init_cpu_features.constprop.0
682 1
+17 1
-17 7
+3 1
+1 1
+1 1
+3 1
+9 2
+3 6
1001 3
+1 2
+3 2
+1 2
+6 1
+1 1
+1 1
+1 1
fi=(20)
792 1
+1 1
+2 1
+14 2
+85 1
+1 1
+15 1
-5 1
+5 1
-10 1
-6 1
+2 1
+14 1
-15 1
+2 1
-1 1
+2 1
-1 1
+2 1
-1 1
+1 1
+2 1
+1 1
+1 1
+1 1
+35 2
-15 3
+8 2
+27 6
+9 2
+19 2
+8 6
cfi=(11)
cfn=(28)
calls=1 387 
* 23
* 1
+2 2
+3 4
cfi=(11)
cfn=(28)
calls=1 387 
* 23
* 1
+2 2
+3 4
cfi=(11)
cfn=(28)
calls=1 387 
* 23
* 1
+1 5
+16 2
-12 5
cfi=(11)
cfn=(28)
calls=1 387 
* 23
* 1
+1 3
+6 3
+3 1
-3 2
cfi=(11)
cfn=(28)
calls=1 387 
* 23
* 1
+3 5
-3 1
+3 5
cfi=(11)
cfn=(58) __GI___tunable_set_val
calls=1 153 
* 62
+1 10
cfi=(11)
cfn=(58)
calls=1 153 
* 62
+1 11
cfi=(11)
cfn=(58)
calls=1 153 
* 62
+3 10
cfi=(11)
cfn=(58)
calls=1 153 
* 62
+2 10
cfi=(11)
cfn=(58)
calls=1 153 
* 62
+13 1
+2 1
fe=(16)
-23 1
fi=(20)
+21 1
+3 1
fe=(16)
-24 1
fi=(20)
+26 1
-5 1
+2 1
-2 1
+3 1
fe=(16)
-24 1
fi=(20)
+25 1
+3 1
-1 1
fe=(16)
-27 1
cfi=(11)
cfn=(28)
calls=1 387 
* 22
+3 4
cfi=(11)
cfn=(28)
calls=1 387 
* 24
+6 3
+54 1
-1 1
+1 1
+45 4
cfi=(11)
cfn=(28)
calls=1 387 
* 22
+2 4
cfi=(11)
cfn=(28)
calls=1 387 
* 22
+6 4
cfi=(11)
cfn=(28)
calls=1 387 
* 24
+7 8
fi=(20)
974 12
fe=(16)
+68 1
-1 2
+1 3
+44 3
+27 2
-10 2
+1 2
+2 3
+1 2
+2 3
+1 2
fi=(20)
811 2
cfn=(50)
calls=1 255 
* 455
+1 1
-1 1
+1 1
cfn=(50)
calls=1 255 
* 503
+1 1
-1 1
+1 1
cfn=(50)
calls=1 255 
* 530
+4 1
-4 1
+1 2
+3 1
cfn=(50)
calls=1 255 
* 476
+2 1
-2 1
+2 1
cfn=(50)
calls=1 255 
* 468
+3 1
-3 1
+1 2
+2 1
cfn=(50)
calls=1 255 
* 446
+2 1
-2 1
+2 1
cfn=(50)
calls=1 255 
* 447
+3 1
-2 1
-1 1
+3 1
cfn=(50)
calls=1 255 
* 494
+2 1
-2 1
+2 1
cfn=(50)
calls=1 255 
* 495
+1 1
+2 1
-3 1
+1 1
+2 1
cfn=(50)
calls=1 255 
* 521
+2 1
-2 1
+2 1
cfn=(50)
calls=1 255 
* 522
+2 1
-2 1
+2 1
cfn=(50)
calls=1 255 
* 523
+2 4
-2 1
+2 1
cfn=(56)
calls=1 571 
* 223
+93 1
-6 3
+6 1
-6 2
+6 2
-6 2
+6 2
-1 2
fe=(16)
708 6
cfn=(38) get_common_indices.constprop.0
calls=1 398 
* 74
376 3
+1 2
+1 6
+5 2
713 1
cfn=(42)
calls=1 72 
* 222
+2 1
+2 1
1015 1
715 2
878 2
+7 2
+2 2
+4 2
+6 2
+2 1
706 2
-3 1
384 6
+5 2
+1 7
717 1
fi=(20)
987 1
-48 1
fe=(16)
717 1
fi=(20)
987 2
fe=(16)
717 6
+4 7
+78 1
-25 3
+92 2
+3 2
fi=(20)
+38 1
fe=(16)
-37 1
-89 2
+51 2

fn=(38)
398 3
+4 4
+3 3
+5 2
-5 1
+5 1
-5 1
+4 1
+1 1
+1 4
+1 4
+1 3
+1 2
+7 2
+2 5
+5 1
-5 1
+5 1
-5 1
+5 1
-5 2
+5 1
+7 1
-7 4
+7 1
+1 3
+6 1
-6 4
+6 1
fi=(17) ./elf/../sysdeps/unix/sysv/linux/x86/dl-minsigstacksize.h
24 2
+3 2
+1 2
+37 3
+7 1
+2 1
fe=(16)
457 3

fl=(14)
fn=(30)
36 1
fi=(321) ./elf/../sysdeps/unix/sysv/linux/brk_call.h
-12 2
fe=(14)
+13 1
+1 2
+6 1
+1 1

fl=(24)
fn=(256)
68 2
fi=(322) ./elf/../include/list.h
-24 1
fe=(24)
+24 3
fi=(322)
-25 1
fe=(24)
+26 1
+3 1
fi=(322)
-29 1
+1 1
+1 1
+2 1
fe=(24)
+28 4
+1 2
+1 1
+5 2
+5 1
+6 1
-3 1
+3 1
-6 3
+6 1
+12 4
cfi=(11)
cfn=(28)
calls=1 387 
* 24
fi=(75) ./elf/../sysdeps/unix/sysv/linux/rseq-internal.h
-73 3
+8 1
fe=(24)
+81 3
+7 2
+1 3
fi=(75)
-95 7
+3 2
fe=(24)

fn=(86) rtld_mutex_dummy
42 10
+2 20

fn=(68)
53 3
+3 8
+5 1
-5 1
+5 1
+1 1
-6 1
+8 1

fl=(13)
fn=(26)
289 2
+1 2
-1 2
+1 2
cfi=(11)
cfn=(28)
calls=1 +97 
* 24
+2 3
-1 1
+2 2

fn=(232)
298 24
+8 2
-8 2
+8 4
+4 16
-99 2
-28 2
-2 2
+1 4
+29 2
-28 8
+1 2
-1 2
+1 2
-1 4
+1 8
-1 8
+1 8
-1 16
+28 30
+8 6
-3 2
+2 2
+1 4
-3 2
+5 32
+2 10
-83 50
cfn=(234) dfs_traversal.part.0
calls=10 -5 
* 395
+86 30
+18 8
+32 8
+7 2
+27 2
-47 6
cfi=(29)
cfn=(82)
calls=2 -53 
* 38
* 2

fn=(234)
135 90
+10 10
-2 10
+2 20
+2 28
-7 34
+7 68
+9 20
+15 30
+1 10
+1 60
-17 15

fl=(25)
fn=(70)
28 3
+1 3
+3 58
+13 48
-13 96
+2 100
+1 28
+5 2
-3 2
+3 2
+2 2

fl=(77)
fn=(262)
207 66
+1 12
+12 5
+4 20
-4 5
+6 15
+3 5
-1 5
+1 10
+22 25
+4 4
+7 6
fi=(6)
81 8
fi=(4)
-2 5
fe=(77)
301 10
fi=(4)
79 10
fe=(77)
301 9884
fi=(4)
79 2
fe=(77)
301 2
fi=(4)
79 4
fe=(77)
301 202
-80 10
fi=(6)
393 10
fe=(77)
190 5
+31 5
-31 5
fi=(6)
393 15
fi=(5)
49 5
fe=(77)
301 5
fi=(5)
50 5
+30 5
-31 10
+4 5
-3 5
+3 5
-3 5
+3 15
+27 10
-31 5
fe=(77)
301 5
fi=(5)
50 5
+30 5
-31 10
+4 5
-3 5
+3 5
-3 5
+3 15
+27 10
fe=(77)
301 30
fi=(5)
51 5
fi=(4)
+28 25
fi=(6)
730 10
+4 8
fe=(77)
304 25
+24 5
+3 10
+17 15
+2 48
-98 10
+3 6
+7 3
-9 3
+9 6
fi=(6)
81 6
fi=(5)
+33 30
+9 18
+1 2
fi=(6)
498 2
fi=(5)
124 2
fi=(6)
498 4
fi=(5)
124 4
fi=(6)
498 4
fi=(5)
124 4
fi=(6)
498 8
+5 12
+1 6
fi=(5)
123 6
fi=(6)
504 6
-5 6
fi=(5)
123 12
+3 30
+3 32
+2 28
fe=(77)
+59 8
fi=(5)
73 4
fe=(77)
190 4
fi=(5)
72 4
fe=(77)
190 36
fi=(5)
-57 8
+1 4
+1 4
-2 4
+2 4
+3 4
-5 4
+2 4
-2 4
+1 8
+2 4
-2 4
+2 12
+2 8
-5 454
+1 227
+1 227
-2 227
+2 227
+3 227
-5 227
+2 227
-2 227
+1 454
+2 227
-2 227
+2 681
+2 454
+9 163
fi=(6)
267 326
+7 326
+4 326
fe=(77)
170 652
fi=(4)
-30 444
fe=(77)
+31 296
+3 296
+8 282
-8 1251
+12 274
-3 137
+1 137
+2 556
-3 4
+1 4
+2 157
+1 141
-1 141
+2 282
-1 564
+3 846
cfi=(78)
cfn=(270)
calls=141 772 
* 84067
+3 141
+1 282
-4 141
+4 705
fi=(6)
+93 586
+3 142
-3 441
+3 157
-3 157
+5 332
+25 978
423 24
fi=(5)
150 24
fi=(6)
423 272
fi=(5)
150 448
-19 936
+33 16
+1 72
+1 252
+3 136
+4 68
-1 68
-3 68
+2 136
+2 68
-2 136
fe=(77)
-1 272
fi=(6)
287 68
+3 68
-3 68
+4 136
476 136
+2 68
cfi=(15)
cfn=(546) __x86_cpu_features
calls=1 71 
* 6
cob=(3)
cfi=(162)
cfn=(518)
calls=1 26 
* 8
cob=(3)
cfi=(146)
cfn=(514)
calls=1 27 
* 9
cob=(3)
cfi=(161)
cfn=(510)
calls=1 26 
* 9
cob=(3)
cfi=(160)
cfn=(506)
calls=1 27 
* 9
cob=(3)
cfi=(159)
cfn=(502)
calls=1 26 
* 9
cob=(3)
cfi=(156)
cfn=(498)
calls=1 27 
* 8
cob=(3)
cfi=(158)
cfn=(496)
calls=1 49 
* 6
cob=(3)
cfi=(157)
cfn=(492)
calls=1 26 
* 9
cob=(3)
cfi=(156)
cfn=(488)
calls=1 35 
* 8
cob=(3)
cfi=(155)
cfn=(484)
calls=1 27 
* 9
cob=(3)
cfi=(154)
cfn=(480)
calls=1 26 
* 9
cob=(3)
cfi=(153)
cfn=(476)
calls=1 27 
* 9
cob=(3)
cfi=(151)
cfn=(472)
calls=1 27 
* 8
cob=(3)
cfi=(150)
cfn=(468)
calls=1 30 
* 9
cob=(3)
cfi=(149)
cfn=(464)
calls=1 26 
* 9
cob=(3)
cfi=(148)
cfn=(460)
calls=1 27 
* 9
cob=(3)
cfi=(147)
cfn=(456)
calls=1 27 
* 9
cob=(3)
cfi=(146)
cfn=(452)
calls=1 34 
* 9
cob=(3)
cfi=(145)
cfn=(448)
calls=1 27 
* 9
cob=(3)
cfi=(143)
cfn=(444)
calls=1 27 
* 9
cob=(3)
cfi=(141)
cfn=(440)
calls=1 26 
* 9
cob=(2)
cfi=(139) ./string/../sysdeps/x86_64/multiarch/strncase.c
cfn=(432) strncasecmp
calls=1 31 
* 21
cob=(2)
cfi=(138) ./string/../sysdeps/x86_64/multiarch/mempcpy.c
cfn=(428) mempcpy
calls=1 33 
* 22
cob=(2)
cfi=(137) ./wcsmbs/../sysdeps/x86_64/multiarch/wcpcpy.c
cfn=(424) wcpncpy
calls=1 31 
* 18
cob=(2)
cfi=(136) ./string/../sysdeps/x86_64/multiarch/strspn.c
cfn=(422) strspn
calls=1 29 
* 7
cob=(2)
cfi=(134) ./string/../sysdeps/x86_64/multiarch/memchr.c
cfn=(418) memchr
calls=1 29 
* 23
cob=(2)
cfi=(133) ./string/../sysdeps/x86_64/multiarch/memmove.c
cfn=(414) memmove
calls=1 29 
* 22
cob=(2)
cfi=(132) ./string/../sysdeps/x86_64/multiarch/stpcpy.c
cfn=(410) stpcpy
calls=1 33 
* 17
cob=(2)
cfi=(131) ./debug/../sysdeps/x86_64/multiarch/memmove_chk.c
cfn=(406) __memmove_chk
calls=1 29 
* 22
cob=(2)
cfi=(129) ./wcsmbs/../sysdeps/x86_64/multiarch/wmemcmp.c
cfn=(402) wmemcmp
calls=1 29 
* 24
cob=(2)
cfi=(128) ./string/../sysdeps/x86_64/multiarch/strncpy.c
cfn=(398) strncpy
calls=1 29 
* 19
cob=(2)
cfi=(127) ./string/../sysdeps/x86_64/multiarch/strlen.c
cfn=(394) strlen
calls=1 29 
* 25
cob=(2)
cfi=(100) ./wcsmbs/../sysdeps/x86_64/multiarch/wcscat.c
cfn=(390) wcscat
calls=1 31 
* 18
cob=(2)
cfi=(126) ./string/../sysdeps/x86_64/multiarch/strcasecmp_l.c
cfn=(386) strcasecmp_l
calls=1 31 
* 21
cob=(2)
cfi=(125) ./string/../sysdeps/x86_64/multiarch/strcpy.c
cfn=(382) strcpy
calls=1 29 
* 17
cob=(2)
cfi=(123) ./wcsmbs/../sysdeps/x86_64/multiarch/wmemset.c
cfn=(378) wmemset
calls=2 31 
* 20
cob=(2)
cfi=(121) ./string/../sysdeps/x86_64/multiarch/memcmp.c
cfn=(374) bcmp
calls=1 29 
* 24
cob=(2)
cfi=(120) ./string/../sysdeps/x86_64/multiarch/strchrnul.c
cfn=(370) strchrnul
calls=1 31 
* 25
cob=(2)
cfi=(119) ./string/../sysdeps/x86_64/multiarch/strncase_l.c
cfn=(366) strncasecmp_l
calls=1 31 
* 21
cob=(2)
cfi=(117) ./string/../sysdeps/x86_64/multiarch/strcat.c
cfn=(362) strcat
calls=1 29 
* 17
cob=(2)
cfi=(116) ./wcsmbs/../sysdeps/x86_64/multiarch/wcscpy.c
cfn=(360) wcscpy
calls=1 60 
* 16
cob=(2)
cfi=(115) ./string/../sysdeps/x86_64/multiarch/strcspn.c
cfn=(358) strcspn
calls=1 29 
* 7
cob=(2)
cfi=(113) ./string/../sysdeps/x86_64/multiarch/strcasecmp.c
cfn=(354) strcasecmp
calls=1 31 
* 21
cob=(2)
cfi=(112) ./string/../sysdeps/x86_64/multiarch/strncmp.c
cfn=(352) strncmp
calls=1 67 
* 21
cob=(2)
cfi=(110) ./wcsmbs/../sysdeps/x86_64/multiarch/wmemchr.c
cfn=(348) wmemchr
calls=2 31 
* 46
cob=(2)
cfi=(108) ./string/../sysdeps/x86_64/multiarch/stpncpy.c
cfn=(344) stpncpy
calls=1 31 
* 19
cob=(2)
cfi=(107) ./wcsmbs/../sysdeps/x86_64/multiarch/wcscmp.c
cfn=(340) wcscmp
calls=1 30 
* 25
cob=(2)
cfi=(106) ./string/../sysdeps/x86_64/multiarch/strrchr.c
cfn=(336) rindex
calls=1 28 
* 25
cob=(2)
cfi=(104) ./debug/../sysdeps/x86_64/multiarch/memset_chk.c
cfn=(332) __memset_chk
calls=1 29 
* 24
cob=(2)
cfi=(103) ./string/../sysdeps/x86_64/multiarch/strchr.c
cfn=(330) index
calls=1 65 
* 19
cob=(2)
cfi=(100)
cfn=(324) wcschr
calls=2 31 
* 50
cob=(2)
cfi=(98) ./string/../sysdeps/x86_64/multiarch/memcmpeq.c
cfn=(320) memcpy@@GLIBC_2.14
calls=1 29 
* 22
cob=(2)
cfi=(96) ./wcsmbs/../sysdeps/x86_64/multiarch/wcsncpy.c
cfn=(316) wcsncpy
calls=1 31 
* 18
cob=(2)
cfi=(95) ./string/../sysdeps/x86_64/multiarch/memrchr.c
cfn=(312) memrchr
calls=1 29 
* 25
cob=(2)
cfi=(94) ./debug/../sysdeps/x86_64/multiarch/memcpy_chk.c
cfn=(308) __memcpy_chk
calls=1 29 
* 22
cob=(2)
cfi=(92) ./debug/../sysdeps/x86_64/multiarch/mempcpy_chk.c
cfn=(304) __mempcpy_chk
calls=1 29 
* 22
cob=(2)
cfi=(91) ./wcsmbs/../sysdeps/x86_64/multiarch/wcslen.c
cfn=(300) wcslen
calls=1 29 
* 19
cob=(2)
cfi=(89) ./string/../sysdeps/x86_64/multiarch/memset.c
cfn=(296) memset
calls=1 29 
* 24
cob=(2)
cfi=(87) ./wcsmbs/../sysdeps/x86_64/multiarch/wcsnlen.c
cfn=(292) wcsnlen
calls=1 30 
* 19
cob=(2)
cfi=(86) ./string/../sysdeps/x86_64/multiarch/strcmp.c
cfn=(290) strcmp
calls=1 79 
* 19
cob=(2)
cfi=(85) ./string/../sysdeps/x86_64/multiarch/strpbrk.c
cfn=(288) strpbrk
calls=1 29 
* 7
cob=(2)
cfi=(83) ./string/../sysdeps/x86_64/multiarch/strnlen.c
cfn=(284) strnlen
calls=2 31 
* 50
cob=(2)
cfi=(81) ./string/../sysdeps/x86/cacheinfo.c
cfn=(280) __x86_cacheinfo
calls=1 86 
* 28
fi=(5)
165 68
fi=(6)
479 68
fi=(5)
165 145
-14 177
fi=(6)
460 6
+5 4
-1 6
+1 4
-1 2
cfi=(29)
cfn=(82)
calls=2 210 
* 22
+2 10
+1 4
-67 51
+2 68
+4 17
+9 17
-9 34
+9 17
fi=(5)
150 34
fi=(6)
320 59
+3 59
-36 75
fi=(5)
141 68
+1 68
-1 204
+2 68
fi=(6)
287 340
fe=(77)
175 63
+3 7
-1 7
+19 7
-18 14
fi=(6)
295 18
+1 27
+11 18
+7 9
cob=(2)
cfi=(163) ./string/../sysdeps/x86_64/multiarch/strstr.c
cfn=(522) strstr
calls=1 64 
* 10
cob=(2)
cfi=(104)
cfn=(332)
calls=1 29 
* 24
cob=(2)
cfi=(98)
cfn=(320)
calls=1 29 
* 22
cob=(2)
cfi=(94)
cfn=(308)
calls=1 29 
* 22
cob=(2)
cfi=(86)
cfn=(290)
calls=1 79 
* 19
cob=(2)
cfi=(89)
cfn=(296)
calls=1 29 
* 24
cob=(2)
cfi=(127)
cfn=(394)
calls=1 29 
* 25
cob=(2)
cfi=(112)
cfn=(352)
calls=1 67 
* 21
cob=(2)
cfi=(128)
cfn=(398)
calls=1 29 
* 19
* 36
fe=(77)
+42 25
+3 5
-3 5
+3 5
+4 10
+1 20
cfi=(140)
cfn=(436) mprotect
calls=5 117 
* 30
* 10
-63 9
fi=(5)
180 7
fe=(77)
+10 2
fi=(5)
73 1
fe=(77)
190 3
fi=(6)
436 7
fi=(5)
182 2
+1 2
-1 1
+3 1
-3 4
+3 2
-3 10
+1 10
-1 5
+3 5
-3 20
+3 10
+8 6
fi=(6)
+74 12
+7 12
+4 12
fe=(77)
170 24
fi=(4)
-30 18
fe=(77)
+31 12
+3 12
+8 12
-8 54
+12 12
-3 6
+1 6
+2 36
+4 24
-4 6
+4 18
cfi=(78)
cfn=(270)
calls=6 772 
* 3235
+3 6
+1 12
-4 6
+4 30
fi=(6)
+93 20
+3 2
-3 6
+3 2
-3 2
+5 4
+25 36
423 6
fi=(5)
196 18
-16 24
+31 7
fe=(77)
-33 7
-3 21

fl=(140)
fn=(436)
117 25
+5 5

fn=(570)
117 5
+5 1

fl=(65) ./io/../sysdeps/unix/sysv/linux/stat64.c
fn=(210) stat
28 6
+1 12
cfi=(66)
cfn=(212)
calls=3 146 
* 28

fl=(22)
fn=(62)
57 20
+44 20
+1 20
+1 20
+1 20
+1 20
+1 20
+1 20
+2 20
+2 20
+31 20
+1 20
+1 20
+1 20
+1 20
+1 11
+2 11
+4 9
+1 9
+1 9
+1 9
+1 9
+1 9
+1 9
+1 9
+1 9
+1 9
+1 9
+1 9
+5 72

fl=(23)
fn=(64)
37 4
+3 1
-3 2
+21 2
+4 2
+16 5

fl=(164)
fn=(530) _dlfo_process_initial
474 2
+3 2
-3 6
+1 2
+3 4
+26 14
+1 6
+1 10
-1 20
+3 36
+3 32
-7 10
+27 2
-2 2
+2 6
-18 24
+3 8
-1 8
cfi=(165) ./elf/./dl-find_object.h
cfn=(528) _dl_find_object_from_map
calls=4 95 
* 247
+2 16

fn=(532) _dlfo_sort_mappings
536 1
+1 2
+3 4
+4 1
+1 1
-1 1
+1 2
-1 2
+1 2
-1 2
+1 10
+1 30
+3 3
-1 3
-3 18
+8 9
+1 6
-1 3
-13 6
+14 9
+1 6
-15 6
+17 1

fn=(526)
561 2
+3 1
-3 3
+5 2
+13 1
cfn=(530)
calls=1 474 
* 97
+1 1
-1 1
+1 1
fi=(28)
56 1
cfi=(27)
cfn=(78) __minimal_malloc
calls=1 -20 
* 30
fe=(164)
580 1
fi=(28)
56 1
fe=(164)
582 2
+3 2
+5 1
+1 1
cfn=(530)
calls=1 474 
* 360
+3 3
+10 4
-37 2
cfi=(165)
cfn=(528)
calls=1 95 
* 68
* 1
+29 2
cfn=(532)
calls=1 -60 
* 128
+3 6
+2 1

fl=(38) ./elf/../sysdeps/x86_64/dl-hwcaps-subdirs.c
fn=(110) _dl_hwcaps_subdirs_active
29 1
fi=(19)
+2 1
fe=(38)
+7 1
fi=(19)
-8 4
fe=(38)
+22 1
fi=(19)
-20 3
+4 1
fe=(38)
+2 1
fi=(19)
-2 2
+3 4
+1 4
+5 1
fe=(38)
-7 1
fi=(19)
+7 3
fe=(38)
-2 1
fi=(19)
+5 2
+3 5
+2 4
+1 2
+1 2
+3 1
fe=(38)
-10 1
fi=(19)
+10 3
fe=(38)

fl=(27)
fn=(142) __minimal_free
97 1
+2 4

fn=(78)
36 232
+1 87
+11 84
+3 28
-3 28
+3 56
-3 2
+3 1
-3 1
+3 110
+19 29
+1 29
+2 174
-17 8
+1 4
+2 2
+1 14
cfi=(57) ./misc/../sysdeps/unix/sysv/linux/mmap64.c
cfn=(182) mmap
calls=2 -13 
* 52
* 2
+2 4
+2 8
cfi=(58) ./misc/../sysdeps/unix/sysv/linux/setvmaname.c
cfn=(184) __set_vma_name
calls=2 -31 
* 56
+1 6
+2 2
+4 2
-4 4
-24 1
-1 1
+1 1
+1 2
-2 2

fn=(74)
80 10
+4 10
-4 40
+7 10
+1 30
fi=(28)
-32 10
cfi=(27)
cfn=(78)
calls=10 -20 
* 407
fe=(27)

fl=(30)
fn=(132) fillin_rpath.isra.0
468 9
+4 1
-4 8
+6 3
cfi=(7)
cfn=(134) strsep
calls=1 239 
* 240
* 3
cfi=(7)
cfn=(134)
calls=1 239 
* 8
* 6
+7 2
+2 3
cfn=(136) expand_dynamic_string_token
calls=1 -98 
* 125
* 1
+4 2
+5 2
cfi=(22)
cfn=(62)
calls=1 57 
* 17
* 1
+1 2
+7 5
+9 15
+1 8
fi=(28)
50 2
cfi=(27)
cfn=(142)
calls=1 +47 
* 5
+1 1
fe=(30)
528 4
+4 4
fi=(28)
56 1
cfi=(27)
cfn=(78)
calls=1 -20 
* 30
* 1
fe=(30)
534 2
+5 1
+1 2
-1 1
-1 1
+2 1
cfi=(29)
cfn=(126)
calls=1 197 
* 13
+3 1
-3 1
+1 1
+2 1
+6 1
+1 1
-1 3
+1 5
+1 1
-1 1
+1 1
-1 3
+1 1
-1 2
+1 1
+2 2
+1 3
+1 1
+6 2
+1 1
+3 3
-60 2
-22 2
+88 1
+3 8
-24 2

fn=(166)
1967 72
+8 12
+1 24
+3 111
+5 126
+2 54
cfi=(52)
cfn=(168) _dl_name_match_p
calls=18 68 
* 1894
* 36
+4 30
+1 45
+4 6
-1 30
+1 6
+1 6
-1 6
+1 12
cfi=(32)
cfn=(94)
calls=6 98 
* 196
* 12
2270 57
2011 9
-1 6
+9 3
-50 3
+50 6
+17 6
-2 3
+2 3
cfi=(41) ./string/../sysdeps/x86_64/multiarch/../multiarch/strchr-sse2.S
cfn=(118) index
calls=3 32 
* 72
* 6
2202 2
-1 3
cfn=(136)
calls=1 385 
* 175
+6 1
-7 1
+1 1
+2 2
+4 7
cfn=(170) open_verify.constprop.0
calls=1 1572 
* 106
+3 2
-3 1
+3 1
+12 4
+45 1
+1 5
-1 1
+1 8
cfn=(176) _dl_map_object_from_fd
calls=1 944 
* 1940
-1 2
+1 10
-1 2
+1 16
cfn=(176)
calls=2 944 
* 4412
* 9
2040 4
cfi=(22)
cfn=(62)
calls=2 57 
* 34
* 4
+2 4
+7 8
+51 26
cfn=(208) open_path
calls=2 1812 
* 824
+6 2
-6 2
+6 4
2222 8
+46 4
682 2
2107 2
682 4
2135 4
cfi=(67)
cfn=(214)
calls=2 403 
* 2290
* 2
+2 4
+4 4
+31 2
-23 4
+23 14
cfn=(170)
calls=2 1572 
* 246
+4 4
-4 2
+4 2
+1 2
+17 4
2074 10
682 2
2075 2
682 6
2099 4
+1 4
-47 2
+1 2
696 10
2058 6
682 2
2059 2
682 4
2073 10
+1 4
+41 2
+14 4
+2 6
-47 4

fn=(170)
1572 70
+32 7
-32 14
+32 14
+19 28
cfi=(53) ./io/../sysdeps/unix/sysv/linux/open64_nocancel.c
cfn=(172) __open_nocancel
calls=7 28 
* 152
* 7
+2 14
+8 3
+1 6
+5 3
-5 3
+5 15
cfi=(54) ./io/../sysdeps/unix/sysv/linux/read_nocancel.c
cfn=(174) __read_nocancel
calls=3 25 
* 18
+2 6
+2 6
+2 6
+6 6
+17 39
+81 6
+5 6
+6 12
+6 6
+6 3
+1 3
-1 9
+1 9
+26 63
-22 13
+1 2
-1 1
+1 1
cfi=(70)
cfn=(224)
calls=1 25 
* 7
* 2
1668 6
-59 8
1777 2

fn=(176)
944 30
+15 3
-15 6
+15 3
-15 6
+15 6
+77 12
+10 6
+7 21
cfi=(26)
cfn=(72)
calls=3 59 
* 1184
* 3
+1 6
+11 3
+5 3
-4 3
-1 3
+2 3
+2 3
-2 3
+2 6
+1 9
+1 4
+19 4
-2 2
+2 22
-2 1
+2 37
+10 3
-10 3
+10 9
+27 3
-33 3
-3 3
+2 3
-1 3
+35 3
+9 3
-50 3
+41 3
+9 3
-36 3
+63 15
-62 124
+26 84
+8 24
+1 12
-1 12
+1 48
+1 12
-1 12
+1 12
+2 12
-2 12
+2 12
+2 12
-4 12
+1 12
+3 12
-4 12
+4 60
+2 24
+13 24
+1 45
+5 9
+1 81
-28 18
-35 27
+62 3
+1 27
-28 6
-35 72
+1 185
1213 3
1100 3
1213 6
1100 9
1218 21
+10 9
+1 3
-1 3
+1 3
-1 9
+1 9
-1 9
+1 9
-1 27
1066 6
1235 6
+10 12
+7 12
fi=(59) ./elf/./dl-map-segments.h
28 3
fe=(30)
1252 9
fi=(59)
28 6
+1 24
cfi=(57)
cfn=(182)
calls=3 +18 
* 84
+73 6
-1 3
-72 3
+73 3
+3 6
+1 3
+2 3
-3 3
+1 3
+2 3
+17 3
-44 3
fi=(60) ./elf/./dl-load.h
+10 24
fi=(59)
+58 48
+6 3
+2 3
-2 3
+1 3
+2 6
-1 6
+3 6
+5 6
+3 9
+8 18
cfi=(43)
cfn=(130)
calls=3 -44 
* 301
* 3
+6 6
+12 12
-59 72
+2 36
+2 72
cfi=(57)
cfn=(182)
calls=9 -92 
* 189
* 18
fe=(30)
1264 3
fi=(56) ./elf/../sysdeps/posix/dl-fileid.h
37 6
cfi=(55) ./io/../sysdeps/unix/sysv/linux/fstat64.c
cfn=(178) fstat
calls=3 -7 
* 18
* 6
fe=(30)
989 6
fi=(56)
40 9
fe=(30)
989 3
fi=(56)
40 3
fe=(30)
989 39
+1 18
fi=(56)
49 24
fe=(30)
1519 27
1074 13
+1 2
-1 1
+1 1
-1 1
+1 1
cfi=(70)
cfn=(224)
calls=1 25 
* 7
* 2
+46 2
+1 1
-15 6
+7 3
+2 3
-2 3
+1 3
+1 3
-1 6
+1 24
+60 3
+5 1
-1 2
+5 1
-5 2
-66 1
+71 4
+1 1
+3 1
-3 1
+8 4
+15 6
+1 3
1008 6
1268 12
+1 9
fi=(61) ./elf/./elf/get-dynamic-info.h
39 6
+6 3
-2 3
+11 3
+1 3
-10 6
+8 6
+15 6
-23 24
+23 76
-23 304
+4 164
+3 23
-1 46
+3 68
+1 56
+1 15
+16 12
+12 11
+1 12
+1 12
+1 12
+1 11
+1 11
+1 11
+1 12
+12 3
+7 3
-7 21
+7 7
+5 4
+7 4
+1 9
+6 9
+1 6
+17 9
+5 4
+2 4
+2 4
+2 4
+4 9
+2 9
+1 6
+9 6
+6 6
+4 6
fe=(30)
1275 6
+1 6
+2 6
+10 9
+19 9
+2 18
+52 9
+1 2
+6 27
+1 60
+6 12
cfn=(88)
calls=3 868 
* 244
-7 75
+1 36
+6 36
-6 72
fi=(31)
149 12
fe=(30)
1380 6
cfi=(62)
cfn=(194)
calls=3 25 
* 18
* 6
+13 6
+2 12
+2 6
+16 6
cfi=(8)
cfn=(14)
calls=3 25 
* 81
+4 6
+1 6
+17 6
+1 1
+3 1
+5 1
-5 1
+5 1
-5 2
+5 2
-5 2
+5 2
+5 6
+12 24
+10 6
+1 4
+5 2
cfi=(46)
cfn=(226) _dl_assign_tls_modid
calls=1 125 
* 12
+7 9
cfi=(26)
cfn=(84)
calls=3 31 
* 165
+3 6
+4 6
cfi=(45)
cfn=(196)
calls=3 38 
* 21
* 3
+1 9
+22 21
+1 9
cfi=(48)
cfn=(198)
calls=3 77 
* 15
* 3
fi=(60)
92 8
+2 2
-1 2
+1 2
-1 2
+1 2
-1 2
+1 2
-1 4
+3 8
fi=(61)
-37 12
+3 12
+2 12
181 6
-22 4
fe=(30)
1510 6
1074 2
fi=(59)
186 8
cfi=(57)
cfn=(182)
calls=1 47 
* 21
+3 2
fe=(30)
1462 9
+2 2
-1 10
+1 2
-1 2
+1 2
-1 2
cfi=(32)
cfn=(94)
calls=2 98 
* 70
* 4
+2 5

fn=(106)
706 11
+14 1
-14 2
+14 2
cfi=(37) ./elf/./elf/dl-hwcaps.c
cfn=(108) _dl_important_hwcaps
calls=1 172 
* 1244
fi=(28)
56 1
fe=(30)
720 1
fi=(28)
56 1
cfi=(27)
cfn=(78)
calls=1 -20 
* 30
fe=(30)
725 1
+2 3
+8 2
-1 3
+5 3
fi=(28)
56 1
cfi=(27)
cfn=(78)
calls=1 -20 
* 30
fe=(30)
739 1
+2 4
+7 1
+8 1
+2 1
+12 2
-23 1
+9 1
+11 1
-4 1
-5 1
+3 2
+7 2
+2 2
-11 1
+11 3
-8 1
+4 1
+1 3
+1 16
cfi=(43)
cfn=(130)
calls=4 132 
* 56
+2 15
-14 3
+10 3
+4 9
-12 3
-2 3
+2 3
+4 3
-3 3
+3 3
+1 3
-2 3
+5 9
+1 6
+3 1
+15 1
-8 1
+5 1
-6 1
+9 2
+2 4
+2 3
+36 5
+2 2
cfi=(22)
cfn=(62)
calls=1 57 
* 17
* 9
-19 1
-2 1
+2 2
+19 9
cfi=(29)
cfn=(82)
calls=1 210 
* 11
* 1
+5 4
-1 2
+2 1
+1 2
-2 4
+1 13
+1 26
-2 52
+5 1
fi=(28)
56 1
cfi=(27)
cfn=(78)
calls=1 -20 
* 30
fe=(30)
836 1
fi=(28)
56 1
fe=(30)
838 2
+6 6
cfn=(132)
calls=1 468 
* 581
+3 3
+6 1
+4 8
-35 2
+5 2

fn=(208)
1812 16
+1 2
-1 6
+1 2
+6 4
+5 34
+67 4
-74 2
+7 6
+57 2
-65 2
+65 2
+10 4
-64 4
+8 12
+7 4
-11 2
+12 2
-1 8
cfi=(29)
cfn=(126)
calls=2 197 
* 26
+1 20
+50 2
-2 4
-48 22
+3 12
+5 28
cfi=(29)
cfn=(126)
calls=4 197 
* 52
* 16
cfi=(29)
cfn=(126)
calls=4 197 
* 52
+3 8
+6 12
+3 28
cfn=(170)
calls=4 1572 
* 224
* 4
+2 12
+2 6
+93 18
-88 6
+1 21
+6 3
+2 6
-2 6
+2 3
cfi=(65)
cfn=(210)
calls=3 28 
* 46
* 3
+3 3
-3 6
+1 2
+9 8
+2 1
-2 2
+2 4
+44 16
+6 4
-2 2
+2 4
+3 6
1822 4
+2 4

fn=(204) _dl_dst_count
238 10
+3 5
-3 25
+7 5
-7 10
+3 5
cfi=(41)
cfn=(118)
calls=5 32 
* 168
+3 10
+20 45

fn=(136)
385 18
241 4
385 2
241 2
cfi=(41)
cfn=(118)
calls=2 32 
* 72
+3 4
410 2
-11 2
+11 12
-11 2
cfi=(44)
cfn=(138)
calls=2 40 
* 180

fn=(88)
868 4
+8 4
-8 8
+8 4
-6 4
+12 8
-13 4
+13 4
-13 4
+13 8
+3 12
+1 8
+1 8
+3 12
+1 12
+4 4
+1 8
+22 4
+2 4
-2 8
+2 12
-20 14
+1 7
+3 14
+3 7
+1 28
fi=(31)
95 28
+7 14
+16 7
-3 14
254 8
+1 4
+2 16
+3 4
-8 6
+5 3
-4 3
+4 9
+3 3
-2 1
fe=(30)

fl=(46)
fn=(226)
125 1
+16 1
-13 1
-3 3
+3 1
+55 1
-2 1
+5 1
+1 2

fn=(250)
216 9
+6 4
+3 2
+36 3
+2 1
-2 1
-2 1
-40 1
-1 1
-1 1
+46 2
+23 3
+3 1
-3 5
+2 2
+6 1
-33 2
+20 1
-20 5
+2 2
+3 1
-1 1
+5 2
-5 1
+1 1
-1 1
+3 2
+2 3
+32 2
-1 1
+53 1
-52 5
+2 2
+51 8

fn=(438)
1017 8
+9 1
-9 1
+6 1
+4 1
+4 3
+34 2
+3 2
+1 3
+3 6

fn=(524)
523 11
+1 2
+4 1
+6 1
-6 1
+6 1
cfi=(24)
cfn=(86)
calls=1 42 
* 3
+3 3
+12 1
-18 1
+42 3
-19 12
+9 3
+1 2
+6 3
+3 1
-2 1
+2 1
-2 1
+2 4
+4 1
-4 1
+4 1
-1 2
+4 2
+1 4
+2 2
+1 2
+17 1
-8 1
+8 1
+2 4
cfi=(29)
cfn=(126)
calls=1 197 
* 13
* 6
cfi=(43)
cfn=(130)
calls=1 132 
* 25
-49 1
+55 1
-55 4
+6 5
+55 2
cfi=(24)
cfn=(86)
calls=1 42 
* 3
+3 2
+3 9

fn=(146)
192 1
+2 2
+1 1
+15 2

fn=(252)
417 7
+2 1
+11 1
+1 1
fi=(28)
56 1
cfi=(27)
cfn=(78)
calls=1 -20 
* 85
fe=(46)
432 2
+8 3
fi=(28)
44 1
fe=(46)
440 2
+5 1
-5 1
+1 1
+4 304
+19 1
-99 1
+4 1
+1 1
fi=(28)
44 1
cfi=(27)
cfn=(74)
calls=1 +36 
* 41
fe=(46)
371 2
+3 1
+6 2
+90 7

fn=(248)
97 2
+3 1
-3 3
+3 1
-3 1
+3 1
-3 1
+3 1
-3 1
+3 1
cfi=(11)
cfn=(28)
calls=1 387 
* 23
* 1
+1 4
cfi=(11)
cfn=(28)
calls=1 387 
* 23
+1 1
+2 1
-3 1
+1 2
+2 3
+3 1
+2 1
-26 3
+28 3
+1 6

fl=(314)
fn=(1176)
24 40
+4 10
+6 5
-2 5
+3 10
+3 3
+1 3
-1 3
+1 6
+3 12
+1 3
cob=(3)
cfi=(184)
cfn=(1222)
calls=1 -43 
* 98
cob=(5)
cfi=(179)
cfn=(1204)
calls=1 -43 
* 98
cob=(6) /home/tobiasosborne/Projects/convexfeld/build-profile/benchmarks/bench_netlib
cfi=(185) ???
cfn=(1178) 0x0000000000001e30
calls=1 -43 
* 98
-1 12
+5 5
+1 10
+1 6
+1 15
-1 3
cob=(4)
cfi=(176)
cfn=(1238) 0x00000000048dd3a8
calls=1 -49 
* 4
cob=(4)
cfi=(176)
cfn=(1220) 0x000000000483d294
calls=1 -49 
* 4
cob=(4)
cfi=(176)
cfn=(1200) 0x00000000001123a8
calls=1 -49 
* 4
+1 12

fl=(39) ./elf/./elf/dl-hwcaps_split.c
fn=(120) _dl_hwcaps_split
25 5
+1 3
+21 1
-20 1
+20 3

fn=(114) _dl_hwcaps_split_masked
51 110
-25 44
+36 5
-7 5
+7 35
-26 24
+5 27
cfi=(41)
cfn=(118)
calls=9 -9 
* 216
* 9
+1 18
+3 6
+11 12
+1 18
+1 12
-2 6
+1 9
+1 6
-28 24
+4 48
+1 12
-1 30
+24 6
+9 12
-5 6
-2 6
+2 42
-19 6
cfi=(22)
cfn=(62)
calls=3 +14 
* 51
* 6

fl=(53)
fn=(172)
28 16
+3 8
-3 16
+3 48
+8 56
+2 8
-2 12
+2 8

fl=(73)
fn=(242) _dl_check_map_versions
155 50
+15 15
+2 25
+2 5
+1 5
+2 10
+3 6
-16 6
+20 3
-4 3
-24 3
+28 21
+16 6
36 3
200 3
36 21
200 4
36 2
200 2
36 14
+1 16
-1 32
+2 63
cfi=(52)
cfn=(168)
calls=21 +30 
* 2033
* 47
208 15
+5 5
fi=(323) ./elf/../sysdeps/generic/_itoa.h
76 15
fe=(73)
213 10
+4 10
+1 10
-1 10
+4 5
-3 5
+3 5
-3 15
-1 28
+1 28
-1 28
+4 14
-3 14
+3 14
-3 92
56 76
+8 57
+6 57
+16 19
+1 38
+2 19
+5 133
+14 534
+12 744
+4 248
-30 496
231 76
+3 57
+5 14
-24 14
110 19
+3 95
cfi=(32)
cfn=(94)
calls=19 -15 
* 835
* 57
224 57
+1 3
cfi=(32)
cfn=(94)
calls=1 98 
* 71
* 2
+3 12
+15 15
+5 2
-50 2
+59 15
+3 6
+3 21
+3 12
+4 3
-7 12
+3 9
+4 59
-7 236
+3 180
+8 9
+6 8
fi=(28)
44 4
fe=(73)
280 8
fi=(28)
44 4
cfi=(27)
cfn=(74)
calls=4 +36 
* 164
fe=(73)
281 8
-2 4
fi=(28)
44 4
fe=(73)
281 4
+13 4
-3 4
+3 16
+2 8
+3 12
+4 15
+7 19
+1 19
-1 57
+1 19
+1 19
-2 19
+2 38
+1 57
+3 57
+5 14
-15 14
+2 14
-2 14
+2 14
-2 14
+2 28
-2 5
+2 5
-2 5
+2 5
-2 5
+2 10
+16 15
+5 2
-28 2
+33 6
+3 6
+4 62
+6 62
+1 62
+1 62
-1 186
+1 62
-1 62
+1 62
+1 62
+3 186
+4 62
-14 130
+10 9
+12 6
+1 6
+1 6
+1 4
+19 45
164 2
-8 2
257 5
+17 3
+60 2
-40 2
+76 4
+2 4
+4 2
-4 120
+1 60
+2 1
+1 2
-1 1
+1 1
cfi=(32)
cfn=(244)
calls=1 98 
* 32
* 2

fn=(240)
392 7
+4 5
-2 1
+4 30
cfn=(242)
calls=5 155 
* 9165
-2 5
+2 15
-1 5
-1 10
+5 7

fl=(51) ./setjmp/../sysdeps/x86_64/setjmp.S
fn=(162) __sigsetjmp
31 6
+2 6
+9 6
+1 12
+1 6
+4 6
+1 6
+1 6
+1 6
+1 6
+2 12
+2 6
+1 6
+1 6
+2 12
+2 6
+8 6
+3 6
+1 6
+7 6
+1 6

fl=(41)
fn=(118)
32 19
+1 19
+1 19
+1 19
+1 19
+1 19
+1 19
+1 19
+1 19
+1 19
+1 19
+1 19
+1 19
+1 19
+1 19
+1 19
+1 19
+1 19
+1 16
+4 16
+1 16
+1 16
+1 16
+2 16
+4 3
+1 3
+1 3
+1 3
+1 3
+1 3
+1 3
+1 3
+1 3
+1 3
+1 3
+1 3
+1 3
+1 3
+1 3
+1 3
+1 3
+1 3
+1 3
+1 3
+1 3
+1 3
+1 3
+1 3
+52 3
+4 3
+1 3
+1 3
+1 3
+2 3

fl=(165)
fn=(528)
95 10
+1 10
+1 5
+6 25
+1 145
+1 100
+2 15
+5 5

fl=(169) ./elf/./elf/dl-lookup-direct.c
fn=(544) _dl_lookup_direct
74 30
+2 3
-2 6
+4 3
-4 3
+2 3
+2 9
+37 3
-37 9
+1 6
+2 12
+3 25
+2 6
-54 3
+54 3
-54 3
+54 3
-54 9
+1 9
+2 6
+1 6
+12 9
+3 3
+2 6
-2 3
+2 9
cfi=(32)
cfn=(94)
calls=3 +45 
* 209
* 6
+4 6
+1 3
-1 3
+1 18
+1 9
cfi=(32)
cfn=(94)
calls=3 +39 
* 198
* 6
+57 27
-23 6

fl=(42) ./string/../sysdeps/x86_64/multiarch/../multiarch/memcmp-sse2.S
fn=(122) bcmp
59 1
+12 1
+1 1
+22 1
+1 1
+45 1
+1 1
+2 1
+1 1
+2 1
+1 1
+2 1
+1 1
+47 1
+1 1
+1 1
+1 1
+1 1
+1 1

fl=(57)
fn=(182)
47 16
+3 32
-3 96
+6 32
+5 96
+2 64
-7 36

fl=(55)
fn=(178)
30 4
+9 16
+33 4

fl=(15)
fn=(34)
37 1
+2 3
+2 1
cfi=(16)
cfn=(36)
calls=1 682 
* 7344

fn=(546)
71 1
-32 3
+32 2

fl=(76)
fn=(576) _dl_cet_setup_features
331 1
+3 2
+16 1

fn=(260)
361 8
-76 1
-10 2
+2 2
-1 1
+6 1
+3 1
+8 1
-11 1
+1 1
-1 1
+1 1
-1 1
+1 1
+10 4
+3 1
+4 2
+2 2
-1 1
+2 2
+2 2
-1 2
+4 1
+2 1
+3 2
145 2
+12 2
+16 1
+6 1
363 6

fl=(170)
fn=(548)
27 1
+2 2
-2 1
+6 3
-6 3
+6 1
-6 2
+6 1
cfi=(169)
cfn=(544)
calls=1 +41 
* 225
+4 2
+2 3
+2 1
-1 1
-1 1
+2 2
-1 1
cob=(2)
cfi=(171) ./elf/./elf/libc_early_init.c
cfn=(550) __libc_early_init
calls=1 -7 
* 353

fl=(178) ./elf/./elf/dl-init.c
fn=(582) call_init.part.0
26 60
+17 5
+3 5
-3 10
+3 10
+5 8
+8 12
+1 12
cob=(4)
cfi=(176)
cfn=(604) 0x000000000485f000
calls=1 -60 
* 7
cob=(4)
cfi=(176)
cfn=(584) 0x000000000483d000
calls=1 -60 
* 7
+3 4
+1 8
+6 6
+2 6
-2 3
+3 19
+1 4
cob=(2)
cfi=(183) ./libio/./libio/vtables.c
cfn=(602) check_stdfiles_vtables
calls=1 545 
* 12
* 12
cob=(3)
cfi=(184)
cfn=(608)
calls=1 -74 
* 12
cob=(2)
cfi=(180) ./csu/./csu/init-first.c
cfn=(594) _init_first
calls=1 -28 
* 83
cob=(5)
cfi=(179)
cfn=(588)
calls=1 -74 
* 12
-1 12
+3 40
-29 2

fn=(580) _dl_init
81 13
+1 1
+1 1
+3 3
+8 2
+25 1
+1 8
+1 10
-92 10
+6 15
+2 22
+83 8
cfn=(582)
calls=4 -94 
* 294
* 8
+7 8
-98 2
+60 2
-54 3
+2 7
cfn=(582)
calls=1 -11 
* 77
* 2

fl=(54)
fn=(174)
25 3
+1 12
+1 3

fl=(49)
fn=(156)
32 6
+1 3
+1 2
+5 6
+1 4
+1 4
+1 4
+2 1
+3 3
+1 2
-1 6
+1 4
+3 4
+1 4
+1 4
+1 4
+2 3
+6 1
-1 1
+1 1
+2 2
-1 2
+2 1
+2 6
-5 11
-1 11
+1 11
+2 22
-1 22
+2 11
+2 66
+2 1
+1 3
+1 2
-1 1
+1 1

fl=(52)
fn=(216)
36 2
+3 1
-3 7
+3 1
-3 2
+3 1
cfi=(53)
cfn=(172)
calls=1 -11 
* 20
+1 2
+23 8
-21 4
cfi=(55)
cfn=(178)
calls=1 -12 
* 6
* 2
+2 2
+3 2
+13 2
cfi=(62)
cfn=(194)
calls=1 -35 
* 6
* 1
-11 6
cfi=(57)
cfn=(182)
calls=1 -2 
* 26
* 2

fn=(168)
68 273
+1 78
cfi=(32)
cfn=(94)
calls=39 +29 
* 1183
* 78
+3 39
+2 78
+6 39
-6 78
+1 141
cfi=(32)
cfn=(94)
calls=47 +23 
* 1651
* 94
+8 8
-13 8
+13 55
-1 31
+1 93

fl=(7)
fn=(12)
42 1
+1 2
+1 2
+1 2
+1 2
+1 1

fn=(538) lookup_malloc_symbol
61 8
+3 4
-3 12
+3 4
-3 12
+3 4
-3 4
+2 4
+1 16
cfi=(78)
cfn=(270)
calls=4 772 
* 2368
+4 28
+1 28
+2 4
fi=(167) ./elf/./dl-sym-post.h
-30 8
+12 12
fe=(7)
+19 24

fn=(534)
76 2
+10 1
fi=(166) ./elf/../sysdeps/generic/dl-hash.h
-41 1
-1 1
fe=(7)
+32 8
+11 1
-1 1
fi=(166)
-43 1
+5 3
+14 4
-17 3
+3 15
+14 20
-17 15
fe=(7)
+46 2
fi=(166)
-24 1
fe=(7)
+22 1
+2 2
fi=(166)
-19 1
fe=(7)
+19 1
cfn=(538)
calls=1 -30 
* 617
+1 3
-1 1
+1 1
cfn=(538)
calls=1 -31 
* 606
+1 3
-1 1
+1 1
cfn=(538)
calls=1 -32 
* 691
+1 3
-1 1
+1 1
cfn=(538)
calls=1 -33 
* 626
+5 1
+1 1
+1 1
+1 1
+1 8

fn=(134)
239 2
+3 4
+2 2
+1 4
+4 3
-2 2
+4 28
+5 84
-2 56
+13 1
+4 4
-22 14
+15 14
-15 30

fl=(1) ???
fn=(0) 0x000000000001f540
0 2
cfi=(2)
cfn=(2)
calls=1 517 
0 197126
0 8
cfi=(76)
cfn=(576)
calls=1 331 
0 4
0 10
cfi=(178)
cfn=(580)
calls=1 81 
0 497
0 3
cob=(6)
cfi=(185)
cfn=(616) (below main)
calls=1 0 
0 356942960

fl=(58)
fn=(184)
33 2
+2 7
-2 4
+7 1
-7 2
+7 1
-7 2
+7 1
-7 1
+7 1
cfi=(11)
cfn=(28)
calls=1 387 
* 24
* 3
+7 1
+2 6

fl=(168)
fn=(542)
30 2
+10 3
-10 3
+10 1
-10 1
+10 1
-10 1
+7 1
+3 2
cfi=(169)
cfn=(544)
calls=1 +34 
* 233
+4 2
+1 8
+2 3
-2 1
+2 3
cfi=(169)
cfn=(544)
calls=1 +27 
* 223
+4 2
+1 7
+1 6

fl=(37)
fn=(108)
172 6
+3 1
-3 3
+3 1
-3 5
+2 1
cfi=(38)
cfn=(110)
calls=1 29 
* 49
+1 1
fi=(40) ./elf/./dl-hwcaps.h
43 1
fe=(37)
174 1
fi=(40)
45 2
+32 1
+1 1
+1 1
fe=(37)
-27 2
cfi=(39)
cfn=(114)
calls=1 -1 
* 23
* 2
fi=(40)
-9 1
+2 1
-2 1
+34 2
+1 2
+1 1
fe=(37)
-24 2
-1 2
+1 2
+1 2
+1 2
-5 4
cfi=(39)
cfn=(114)
calls=2 -1 
* 130
* 2
cfi=(39)
cfn=(114)
calls=1 -1 
* 125
* 6
+48 4
fi=(28)
-44 2
cfi=(27)
cfn=(78)
calls=1 -20 
* 30
fe=(37)
+46 2
-2 1
+2 1
+3 1
+3 1
fi=(40)
-65 1
+2 1
fe=(37)
+67 1
fi=(40)
-66 1
fe=(37)
+66 2
cfi=(39)
cfn=(120)
calls=1 -87 
* 13
* 2
fi=(40)
-69 1
+2 1
-2 1
+34 2
+1 2
+1 1
fe=(37)
+48 10
+1 4
+1 2
+1 2
-1 2
-4 4
cfi=(39)
cfn=(114)
calls=2 -74 
* 130
* 2
cfi=(39)
cfn=(114)
calls=1 -74 
* 125
* 6
+8 3
+9 5
+3 8
-2 6
+14 1
+4 1
+1 1
+1 1
-20 3
+19 1
+1 1
-20 2
+8 2
+4 2
-4 3
+4 2
cfi=(42)
cfn=(122)
calls=1 -96 
* 19
+1 3
-14 8
+47 1
-4 2
+4 2
-3 1
+7 1
-7 2
+7 1
fi=(28)
56 1
cfi=(27)
cfn=(78)
calls=1 -20 
* 30
* 1
fe=(37)
194 2
+8 1
fi=(40)
43 1
fe=(37)
201 1
80 1
fi=(40)
-35 1
fe=(37)
+35 1
202 1
fi=(40)
77 1
+1 1
fe=(37)
202 3
fi=(40)
79 1
fe=(37)
-2 2
cfi=(39)
cfn=(114)
calls=1 -26 
* 23
* 2
fi=(40)
-34 1
+2 1
fe=(37)
+35 2
fi=(40)
-37 1
+34 2
+1 2
+1 3
fe=(37)
+1 4
+7 2
-7 8
cfi=(29)
cfn=(126)
calls=2 197 
* 26
+4 2
+2 2
+2 2
-2 4
-9 4
cfi=(39)
cfn=(114)
calls=2 -26 
* 130
* 2
cfi=(39)
cfn=(114)
calls=1 -26 
* 125
* 6
213 2
-5 1
+1 1
-1 1
+5 1
+3 9

fl=(64)
fn=(202)
143 4
+1 2
-1 1
+1 1
-1 2
+1 1
-1 1
+1 1
-1 4
+1 3
-1 1
+1 7
-8 1
+8 2
-8 1
-6 1
-2 1
+16 1
-8 1
-7 1
+1 1
+6 1
+24 4
-28 3
-2 1
+31 1
-33 2
+2 2
+30 2
-30 1
-1 4
+7 4
+24 3
+28 3
-6 1
+46 1
fi=(72) ./elf/../include/scratch_buffer.h
77 1
fe=(64)
+87 1
fi=(72)
-87 1
+1 1
fe=(64)
184 1
+44 4
-31 1
-4 1
+4 6
-4 4
+4 8
+11 14
-18 2
+18 4
417 10
+2 3
+3 3
-3 9
+3 3
-3 3
fi=(28)
56 3
cfi=(27)
cfn=(78)
calls=3 -20 
* 90
fe=(64)
423 9
fi=(28)
56 3
fe=(64)
423 3
+6 3
+1 15
cfi=(29)
cfn=(82)
calls=3 210 
* 33
+1 15
cfi=(29)
cfn=(82)
calls=3 210 
* 33
+3 3
+1 6
+4 15
188 8
442 12
-1 5
+1 10
183 6
+27 12
+7 3
+4 3
-6 3
+1 3
+1 3
+1 6
+3 9
-2 3
-29 15
+32 184
+6 20
cfi=(30)
cfn=(204)
calls=5 +10 
* 283
* 15
+4 10
-2 5
+2 10
cfi=(50)
cfn=(160) _dl_catch_exception
calls=5 -28 
* 10963
+1 10
+9 5
+2 10
+5 15
+6 3
+2 3
-8 6
+3 3
+1 3
+1 3
+1 3
+4 3
-3 3
+3 9
+4 15
+1 9
-43 377
+7 10
+38 261
fi=(72)
85 3
fe=(64)
448 5
+1 1
+3 4
+11 5
fi=(28)
56 1
cfi=(27)
cfn=(78)
calls=1 -20 
* 30
fe=(64)
465 3
fi=(28)
56 1
fe=(64)
465 1
+5 2
+1 1
-1 3
+4 3
-2 2
+13 4
+5 4
-16 12
+11 4
-7 4
+7 4
-2 8
-5 1
+7 1
-2 2
+2 1
-11 1
+11 1
+5 1
-16 3
+21 3
+37 2
+15 2
-14 2
+20 1
-1 4
+1 4
-1 5
cfi=(13)
cfn=(232)
calls=1 298 
* 349
+5 1
+2 1
+1 1
+1 2
-2 1
+2 1
+7 3
+3 2
+3 8
198 32
+3 3
fi=(72)
-70 12
cfi=(71)
cfn=(228)
calls=3 30 
* 75
fe=(64)
+70 9
+4 6
547 4
cfi=(29)
cfn=(82)
calls=1 210 
* 19
* 3
-53 2
144 2

fn=(206) openaux
61 30
+7 5
-4 15
+1 5
-1 35
cfi=(30)
cfn=(166)
calls=5 1967 
* 10523
* 5
+5 15

fl=(45)
fn=(144)
56 3
+3 2
+4 1
+22 1
+10 1
-32 2
+1 1
+21 2
+5 2
+1 1
+4 1
-4 1
-1 1
+2 1
+3 1
+4 2
+8 2
-50 1
+4 2
+35 6

fn=(196)
38 4
+3 4
-1 8
+4 8
+4 4

fn=(150)
116 2
+1 2

fl=(26)
fn=(84)
31 16
+2 4
-2 8
+2 4
-2 12
+2 4
cfi=(24)
cfn=(86)
calls=4 +9 
* 12
+2 35
+3 36
+2 3
+2 3
+4 3
+4 3
-4 6
+1 6
+1 6
+3 15
-1 3
cfi=(24)
cfn=(86)
calls=3 -8 
* 9
-4 1
+4 1
-4 2
+1 2
+1 2
+3 5
-1 1
cfi=(24)
cfn=(86)
calls=1 -8 
* 3
-5 2

fn=(72)
59 60
+3 8
+18 6
+3 3
cfi=(22)
cfn=(62)
calls=3 -26 
* 69
+4 3
-4 3
+4 3
+5 3
-9 9
fi=(28)
-39 6
cfi=(27)
cfn=(74)
calls=3 +36 
* 224
fe=(26)
+39 1
fi=(28)
-39 2
cfi=(27)
cfn=(74)
calls=1 +36 
* 47
* 4
fe=(26)
+51 8
+5 4
+4 4
-6 4
+2 4
+4 4
-5 4
+4 4
+1 4
-1 4
+1 8
cfi=(29)
cfn=(82)
calls=4 210 
* 55
* 4
+15 4
-15 4
+2 4
+13 8
+6 1
+2 7
+3 2
-3 21
+3 6
+2 4
+4 4
+3 12
+2 12
-2 8
+2 8
-2 16
+16 8
-5 4
+5 4
-6 4
+6 4
-6 4
+6 8
+2 6
+3 6
-3 6
+7 12
+4 9
+8 1
+13 1
-10 2
+10 6
-10 6
+10 9
+2 3
cfi=(22)
cfn=(62)
calls=3 57 
* 105
+21 3
-21 9
+17 3
-13 9
+50 9
cfi=(29)
cfn=(126)
calls=3 -48 
* 47
* 3
+5 6
+1 6
-1 100
+1 100
+4 6
+1 3
+3 3
+4 36
131 8
-8 3
-4 6
+34 1
+7 4
+8 12
fi=(28)
56 6
cfi=(27)
cfn=(78)
calls=3 -20 
* 90
* 3
fe=(26)
200 6
-1 6
64 2
+2 3
+1 2
+4 6
+6 2

fl=(44)
fn=(138)
40 24
+1 4
cfi=(22)
cfn=(62)
calls=4 +16 
* 122
* 4
fi=(324) ./string/../include/rtld-malloc.h
+15 8
cfi=(27)
cfn=(78)
calls=4 -20 
* 120
fe=(44)
-12 8
+3 12
+1 12
-1 4
cfi=(29)
cfn=(82)
calls=4 210 
* 52

fl=(11)
fn=(58)
153 15
-81 40
+81 15
-81 10
+10 5
fi=(325) ./elf/./dl-tunable-types.h
+2 5
fe=(11)
+9 40
+1 25
fi=(12) ./elf/./elf/dl-tunables.h
+47 10
fe=(11)
-26 25
+1 5
+1 5
+1 5
+39 15
fi=(12)
-15 10
fe=(11)
-45 10
+3 5
fi=(12)
+51 5
fe=(11)
-51 5
+4 10
+7 10
+1 10
-12 25

fn=(28)
387 38
+3 76
-3 38
+3 304
+9 35
-9 70
+19 23
+7 228
+2 38
-19 15
+1 15
+9 6

fn=(22)
261 8
+22 1
-22 1
128 1
283 1
-22 1
+6 4
42 255
+6 50
-3 50
+3 4521
+4 100
+4 100
fi=(12)
160 50
fe=(11)
56 100
fi=(12)
161 22
-1 116
+1 172
-1 100
fe=(11)
281 8200
+6 14850
fi=(12)
160 500
+1 1000
-1 35
+1 140
-1 175
fe=(11)
304 8

fl=(50)
fn=(158)
254 6
+2 1
-2 6
+2 1
cfn=(160)
calls=1 -52 
* 2728
+1 2
+1 1
+1 1
-1 1
+1 1
+2 6

fn=(236)
186 2
58 1
186 4
+2 1
-2 1
58 1
+1 1
+11 1
192 1
+2 1
cfi=(2)
cfn=(238)
calls=1 674 
* 9265
69 2
+1 1
198 1
-1 1
+1 3

fn=(160)
204 36
58 6
204 12
+3 12
+22 6
-1 6
+1 6
58 12
235 18
cfi=(51)
cfn=(162)
calls=6 31 
* 144
* 18
+2 18
cfi=(64)
cfn=(206)
calls=5 61 
* 10633
cfi=(2)
cfn=(164)
calls=1 641 
* 2662
69 6
+1 6
-1 6
+1 6
239 24
-25 6
+34 18
59 12
+11 18

ob=(6)
fl=(286) /home/tobiasosborne/Projects/convexfeld/src/simplex/context.c
fn=(1102) cxf_simplex_unperturb
278 7

fn=(1110) cxf_simplex_final
139 1
+1 3
cfn=(1112) cxf_simplex_final.part.0
calls=1 -1 
* 261170

fn=(1112)
139 5
+6 2
cob=(4)
cfi=(176)
cfn=(1014) 0x0000000000109260
calls=1 0 
* 170
+1 2
cob=(4)
cfi=(176)
cfn=(1014)
calls=1 0 
* 170
+1 2
cob=(4)
cfi=(176)
cfn=(1014)
calls=1 0 
* 170
+1 2
cob=(4)
cfi=(176)
cfn=(1014)
calls=1 0 
* 203
+1 2
cob=(4)
cfi=(176)
cfn=(1014)
calls=1 0 
* 170
+1 2
cob=(4)
cfi=(176)
cfn=(1014)
calls=1 0 
* 203
+1 2
cob=(4)
cfi=(176)
cfn=(1014)
calls=1 0 
* 6
+3 2
cfi=(287) /home/tobiasosborne/Projects/convexfeld/src/basis/basis_state.c
cfn=(1114) cxf_basis_free
calls=1 -61 
* 259958
+6 2
cob=(4)
cfi=(176)
cfn=(1014)
calls=1 0 
* 6
+3 1
+1 2
-1 1
cob=(4)
cfi=(176)
cfn=(1014)
calls=1 0 
* 87

fn=(1072) cxf_simplex_init
34 1
+4 2
-4 9
+4 2
+4 2
+5 1
-3 1
+3 7
cob=(4)
cfi=(176)
cfn=(914) 0x0000000000109340
calls=1 -47 
* 467
* 1
+1 2
+6 1
+18 1
-19 1
+3 1
-2 1
+8 1
-3 1
+2 1
+3 1
+9 1
-11 1
+13 2
+31 3
cob=(4)
cfi=(176)
cfn=(914)
calls=1 0 
* 3586
* 1
+1 2
+7 3
cfi=(287)
cfn=(1076) cxf_basis_create
calls=1 -82 
* 16197
* 1
+1 2
+6 1
+10 1
-7 1
+1 1
+1 1
+1 1
+1 1
+2 1
+2 8
-56 6
cob=(4)
cfi=(176)
cfn=(932) 0x00000000001093b0
calls=1 -76 
* 298
+1 1
-1 2
+1 1
cob=(4)
cfi=(176)
cfn=(932)
calls=1 -77 
* 330
+1 1
-1 2
+1 1
cob=(4)
cfi=(176)
cfn=(932)
calls=1 -78 
* 397
+1 2
-1 2
+1 1
cob=(4)
cfi=(176)
cfn=(914)
calls=1 -79 
* 20572
+1 2
-1 2
+1 1
cob=(4)
cfi=(176)
cfn=(914)
calls=1 -80 
* 20572
+2 2
-2 2
+2 1
+1 1
-1 2
+1 1
-1 2
+1 7
+7 3
+8 9
cob=(4)
cfi=(176)
cfn=(1070) 0x0000000000109310
calls=1 -98 
* 3235
* 12
+1 201
-2 201
+2 201
-2 402
+3 5
cob=(4)
cfi=(176)
cfn=(1070)
calls=1 0 
* 3235
+5 2
-14 1
fi=(253) /usr/include/x86_64-linux-gnu/bits/string_fortified.h
-62 2
fe=(286)
+62 2
fi=(253)
-62 4
cob=(4)
cfi=(176)
cfn=(1066) 0x0000000000109360
calls=1 -29 
* 16985
* 5
cob=(4)
cfi=(176)
cfn=(1066)
calls=1 -29 
* 16937
* 5
cob=(4)
cfi=(176)
cfn=(1066)
calls=1 -29 
* 16969
fe=(286)
+68 5

fn=(1078) cxf_simplex_perturbation
264 1
+1 4
+3 2

fl=(292) /home/tobiasosborne/Projects/convexfeld/src/simplex/step.c
fn=(1098) cxf_simplex_step
57 6208
+4 4656
+4 2328
+5 776
+5 776
-5 1552
+5 776
+17 776
-16 776
-6 776
+5 776
+1 2328
+1 776
+3 1552
-3 311176
+3 1246256
+4 1871712
-8 935856
+14 1552
+2 776
-2 1552
+2 776
+14 4656
cfi=(293) /home/tobiasosborne/Projects/convexfeld/src/basis/pivot_eta.c
cfn=(1100) cxf_pivot_with_eta
calls=776 -64 
* 7199525
+9 6208
+1 776
+5 776
-5 776
+2 1552
-1 776
+4 776
+1 776
-1 776
+1 776
-1 776
+3 1552
+7 776
+1 4656
-40 3104

fl=(295) /home/tobiasosborne/Projects/convexfeld/src/solver_state/extract.c
fn=(1106) cxf_extract_solution
36 1
+2 2
-2 7
+2 2
+4 1
+1 2
+3 2
+2 1
+1 1
-1 2
+8 3
fi=(253)
-27 1
cob=(4)
cfi=(176)
cfn=(1084) 0x0000000000109370
calls=1 -29 
* 16930
fe=(295)
+36 2
+2 1
+1 2
-1 2
fi=(253)
-38 1
cob=(4)
cfi=(176)
cfn=(1084)
calls=1 -29 
* 331
fe=(295)
+55 1
+4 1
-4 1
+4 1
+5 1
+1 6
-5 2
-21 3
cfi=(257) /home/tobiasosborne/Projects/convexfeld/src/memory/alloc.c
cfn=(930) cxf_malloc
calls=1 -35 
* 160
+1 2
-1 2
+1 1
+6 3

fl=(262) /home/tobiasosborne/Projects/convexfeld/src/api/mps_parser.c
fn=(936) cxf_readmps
15 9
+6 1
cfi=(259) /home/tobiasosborne/Projects/convexfeld/src/api/model.c
cfn=(938) cxf_checkmodel
calls=1 177 
* 8
* 1
+1 2
+2 4
+5 3
cob=(4)
cfi=(176)
cfn=(728) 0x0000000000109410
calls=1 -29 
* 465
* 1
+1 2
+5 1
cfi=(263) /home/tobiasosborne/Projects/convexfeld/src/api/mps_state.c
cfn=(940) mps_state_create
calls=1 +40 
* 33442
* 1
+1 2
+6 3
cfi=(264) /home/tobiasosborne/Projects/convexfeld/src/api/mps_parse.c
cfn=(942) mps_parse_file
calls=1 146 
* 14369755
+1 1
-1 1
+1 1
cob=(4)
cfi=(176)
cfn=(848) 0x00000000001092c0
calls=1 -43 
* 588
+2 2
+6 3
cfi=(270) /home/tobiasosborne/Projects/convexfeld/src/api/mps_build.c
cfn=(1000) mps_build_model
calls=1 -7 
* 56875609
* 1
+1 2
cfi=(263)
cfn=(1016) mps_state_free
calls=1 +43 
* 805274
+3 7

fl=(263)
fn=(958) mps_add_row
117 3627
+1 403
-1 403
+1 403
+2 403
-2 806
+1 3
+1 9
cfi=(257)
cfn=(964) cxf_realloc
calls=3 -43 
* 10158
* 3
+1 6
+1 3
+1 3
+2 3
+1 3
fi=(253)
-31 6
fe=(263)
+31 6
fi=(253)
-31 3
cob=(4)
cfi=(176)
cfn=(926) 0x0000000000109270
calls=3 -95 
* 117
fe=(263)
+31 400
fi=(253)
-31 800
fe=(263)
+31 800
fi=(253)
-31 400
cob=(4)
cfi=(176)
cfn=(926)
calls=400 -95 
* 15590
fe=(263)
+38 1209
-5 403
+1 403
+1 403
+3 403
cfn=(960) hash_table_add
calls=403 -71 
* 132701
* 806
+4 403
+2 2821

fn=(980) mps_add_col
141 19062
+1 4236
+2 2118
-2 4236
+1 6
+1 18
cfi=(257)
cfn=(964)
calls=6 -67 
* 126129
* 6
+1 12
+1 6
+1 6
+2 6
+1 6
fi=(253)
-91 6
+36 12
fe=(263)
+55 12
fi=(253)
-91 24
+36 6
cob=(4)
cfi=(176)
cfn=(926)
calls=6 -95 
* 234
fe=(263)
+55 2112
fi=(253)
-91 2112
+36 4224
fe=(263)
+55 4224
fi=(253)
-91 8448
+36 2112
cob=(4)
cfi=(176)
cfn=(926)
calls=2112 -95 
* 82368
fe=(263)
+63 4236
fi=(253)
-63 2118
fe=(263)
+60 4236
+3 4236
cfn=(960)
calls=2118 -96 
* 714417
* 4236
+4 2118
+2 14826

fn=(1016)
95 1
+1 2
-1 7
+2 4
+1 2
-1 2
+1 2
cfi=(257)
cfn=(1012) cxf_free
calls=1 +8 
* 110
* 4234
-1 4234
+1 4234
cfi=(257)
cfn=(1012)
calls=2117 +8 
* 232870
+1 6354
cfi=(257)
cfn=(1012)
calls=2118 +7 
* 232980
-2 4236
+4 4
cfi=(257)
cfn=(1012)
calls=1 +5 
* 172
+1 2
cfi=(257)
cfn=(1012)
calls=1 +4 
* 76
-70 1
+1 1
+1 2
-1 2047
+1 4410
+1 632
+1 316
cfi=(257)
cfn=(1012)
calls=316 +70 
* 34760
-1 174
+1 87
cfi=(257)
cfn=(1012)
calls=87 +70 
* 9570
-2 806
-2 6146
+1 1
+1 2
-1 2047
+1 4853
+1 1518
+1 759
cfi=(257)
cfn=(1012)
calls=759 +70 
* 83490
-1 2718
+1 1359
cfi=(257)
cfn=(1012)
calls=1359 +70 
* 149490
-2 4236
-2 6144
+75 1
-1 1
+1 4
-1 1
cfi=(257)
cfn=(1012)
calls=1 * 
* 172

fn=(988) mps_find_row
109 8713
+1 17426
cfn=(978) hash_table_find
calls=8713 -64 
* 1042425

fn=(960)
62 20168
-40 2521
+40 2521
-40 7563
-2 5042
+3 2521
-1 7563
+1 2521
-1 7563
+1 17291
-1 51873
+1 17291
-1 51873
+3 5042
+39 5042
cfi=(257)
cfn=(930)
calls=2521 -31 
* 489473
+1 5042
fi=(253)
+30 10084
cob=(4)
cfi=(176)
cfn=(926)
calls=2521 -95 
* 98309
fe=(263)
-25 2521
fi=(253)
+25 2521
fe=(263)
-27 2521
+1 2521
+1 7563
+1 2521
+1 2521
+1 15126

fn=(976) mps_find_col
113 4232
+1 8464
cfn=(978)
calls=4232 -68 
* 521397

fn=(978)
46 51780
-24 12945
+24 12945
-24 38835
-2 25890
+3 12945
-1 38835
+1 12945
-1 38835
+1 77670
-1 233010
+1 77670
-1 233010
+26 38835
+1 26649
+4 8358
-4 16716
+1 57555
cob=(4)
cfi=(176)
cfn=(648) 0x0000000000109350
calls=19185 -50 
* 445299
* 38370
+1 10827
+5 45426
-1 2118
+1 6354

fn=(940)
75 2
+1 2
-1 3
+1 1
cfi=(257)
cfn=(912) cxf_calloc
calls=1 -23 
* 33055
+1 2
+2 3
cfi=(257)
cfn=(930)
calls=1 -46 
* 180
+1 1
-1 1
+1 1
cfi=(257)
cfn=(930)
calls=1 -47 
* 178
+1 1
-1 1
+1 4
+8 1
-1 1
+1 1
+4 4

fn=(990) mps_add_coeff
166 56988
+1 12664
-1 6332
+1 6332
+1 12664
+2 6332
-2 12664
+13 4214
-1 4214
+1 12642
+2 4214
-1 8428
+2 33712
-4 2118
+1 6354
+2 2118
-1 4236
+2 16944
-15 10590
+1 6354
cfi=(257)
cfn=(964)
calls=2118 -93 
* 416992
+1 4236
-1 2118
+1 2118
cfi=(257)
cfn=(964)
calls=2118 -94 
* 416591
+1 10590
+4 2118
+4 2118
-3 2118
+1 4236

fl=(291) /home/tobiasosborne/Projects/convexfeld/src/simplex/ratio_test.c
fn=(1096) cxf_ratio_test
39 4656
+12 5432
+1 4656
+5 776
+2 776
+10 776
-11 776
+1 776
+10 1552
+34 776
-4 1552
-30 776
+34 1552
-41 776
+1 776
+40 776
-4 1552
-10 2994
+10 2994
-10 2994
+10 5988
+9 2994
+6 2994
-6 2994
+6 8982
+1 11976
-46 927051
+1 311952
+3 1247808
+5 5929
+4 5929
-4 5929
+4 5929
-4 5929
+5 23716
+14 5929
-9 11858
+9 5929
+6 8805
-13 5870
+15 5870
-36 8805
+52 1552
+41 776
-32 776
+32 776
-33 776
+1 1552
+32 776
-4 776
-28 776
+28 1552
-6 5988
+6 5988
+9 5988
+6 5988
+1 839
+1 2517
-42 927051
+1 311952
+3 1247808
+5 5929
+3 5929
-3 5929
+3 5929
-3 5929
+4 23716
+10 5929
-5 11858
+5 5929
+6 5870
-9 5870
+11 5870
-31 8805
+49 776
+1 776
+2 776
-2 1552
+3 2328

fl=(296) /home/tobiasosborne/Projects/convexfeld/src/basis/lu_factors.c
fn=(1116) cxf_lu_free
78 1
+1 2
+14 1

fl=(289) /home/tobiasosborne/Projects/convexfeld/src/simplex/iterate.c
fn=(1086) cxf_simplex_iterate
125 9336
+7 3890
+5 778
-1 1556
+1 778
+2 1556
+5 778
-1 778
+1 778
+3 1556
+6 3890
+5 2334
+3 1556
+1 1556
+5 3890
cob=(4)
cfi=(176)
cfn=(914)
calls=778 0 
* 2748213
* 778
+1 1556
+9 778
-1 2334
+55 1556
+5 1552
fi=(253)
59 776
fe=(289)
243 776
-7 1552
fi=(253)
59 776
fe=(289)
243 776
fi=(253)
59 3104
cob=(4)
cfi=(176)
cfn=(1088) 0x0000000000109420
calls=776 -59 
* 2515792
fe=(289)
+36 2328
+2 1528
+1 2292
+1 764
+2 1528
+1 764
+1 3820
-2 764
+2 764
-2 1528
+2 3090
-2 1545
+2 1545
-2 3090
244 3104
cfi=(290) /home/tobiasosborne/Projects/convexfeld/src/basis/ftran.c
cfn=(1094) cxf_ftran
calls=776 92 
* 53870619
* 776
+1 1552
+8 7760
cfi=(291)
cfn=(1096)
calls=776 39 
* 5300767
+2 1552
-2 776
+2 1552
+4 1552
+8 4656
+10 1552
+5 1552
-4 1552
-1 776
+3 776
-1 776
-1 776
+2 776
-1 776
+3 776
+2 1552
+6 2328
+9 776
+2 776
+1 776
-3 776
+1 776
+2 2328
+21 3880
cfi=(292)
cfn=(1098)
calls=776 57 
* 11623501
+1 1552
-1 776
+1 776
+8 776
+10 1552
-9 2328
+9 776
cob=(4)
cfi=(176)
cfn=(914)
calls=776 0 
* 2823979
* 776
+1 1552
+12 776
-11 1552
+1 3880
+1 623904
+1 935856
-3 935856
+1 311952
+1 623904
+9 3104
cfi=(288) /home/tobiasosborne/Projects/convexfeld/src/basis/btran.c
cfn=(1082) cxf_btran_vec
calls=776 230 
* 48619607
+1 1552
+6 1552
cob=(4)
cfi=(176)
cfn=(1014)
calls=776 0 
* 153307
+14 2328
+3 776
-2 776
+2 4656
-3 1955520
+3 1955520
-3 3911040
+1 5866560
+2 1955520
-2 3911040
+5 3287136
+2 3287136
+10 330818
+1 330818
+2 165409
+1 661636
+2 496227
+4 165409
200 778
+1 778
-1 1556
+1 2334
+1 778
+7 778
-7 778
-3 1556
+2 5881680
+1 5881680
+5 1647804
+2 1647804
-1 1647804
+1 4943412
+4 3248808
+2 3248808
+7 3248808
+2 1180
-1 1180
+2 3136
412 1552
+4 776
+1 1552
cob=(4)
cfi=(176)
cfn=(1014)
calls=776 0 
* 133945
+2 9336
149 4
+83 4
cob=(4)
cfi=(176)
cfn=(1014)
calls=2 0 
* 340
+1 2
107 36
+1 24
+1 12
+1 12
-1 24
+1 12
+2 36
384 5912636
+2 2956318
+1 1478159
+1 2956318
+1 1478159
+1 10347113
-2 1478159
+2 1478159
-2 2956318
+2 8763456
-2 2921152
+2 2921152
-2 8798622
-84 776
+1 1552

fl=(192) /home/tobiasosborne/Projects/convexfeld/benchmarks/bench_netlib.c
fn=(646) main
168 12
+5 2
-3 3
+3 1
-3 1
-1 1
+2 1
-2 2
+4 3
+1 6
cob=(4)
cfi=(176)
cfn=(648)
calls=1 0 
* 22
* 2
+2 3
cob=(4)
cfi=(176)
cfn=(648)
calls=1 0 
* 22
* 2
+2 3
cob=(4)
cfi=(176)
cfn=(648)
calls=1 0 
* 22
* 5
+1 3
+59 11
fi=(194) /usr/include/x86_64-linux-gnu/bits/stdio2.h
86 4
cob=(4)
cfi=(176)
cfn=(654) 0x0000000000109400
calls=1 -86 
* 2419
* 4
cob=(4)
cfi=(176)
cfn=(654)
calls=1 -86 
* 293
fe=(192)
-51 3
cob=(4)
cfi=(176)
cfn=(728)
calls=1 -35 
* 607
* 1
+1 2
fi=(194)
200 5
cob=(4)
cfi=(176)
cfn=(756) 0x0000000000109330
calls=1 0 
* 646
fe=(192)
43 2
+10 4
fi=(194)
200 4
cob=(4)
cfi=(176)
cfn=(756)
calls=1 0 
* 183
* 456
cob=(4)
cfi=(176)
cfn=(756)
calls=114 0 
* 21266
fe=(192)
48 572
+5 1026
cob=(4)
cfi=(176)
cfn=(784) 0x00000000001093d0
calls=114 -53 
* 501672
* 228
+1 342
+1 228
fi=(194)
-1 228
fe=(192)
+1 114
fi=(194)
-1 228
fe=(192)
+1 114
fi=(194)
-1 114
cob=(4)
cfi=(176)
cfn=(838) 0x0000000000109300
calls=114 -54 
* 42376
fe=(192)
+2 570
+2 114
-2 114
+2 114
-1 114
-1 114
+2 114
+5 2
cob=(4)
cfi=(176)
cfn=(848)
calls=1 -63 
* 584
+1 1
193 2
fi=(194)
86 4
cob=(4)
cfi=(176)
cfn=(654)
calls=1 -86 
* 639
fe=(192)
199 2
cob=(4)
cfi=(176)
cfn=(886) 0x00000000001092d0
calls=1 0 
* 265
* 1
+1 2
+5 1
fi=(253)
29 1
fe=(192)
205 3
+2 3
+2 2
cob=(4)
cfi=(176)
cfn=(892) 0x00000000001093a0
calls=1 0 
* 59
* 232
cob=(4)
cfi=(176)
cfn=(892)
calls=116 0 
* 4771
* 234
+1 116
+1 232
cob=(4)
cfi=(176)
cfn=(898) 0x00000000001092e0
calls=116 0 
* 1858
+2 688
cob=(4)
cfi=(176)
cfn=(648)
calls=114 0 
* 2640
* 228
+4 114
fi=(253)
29 228
fe=(192)
217 228
fi=(253)
29 1566
fe=(192)
219 48
+2 144
-2 66
+2 540
cob=(4)
cfi=(176)
cfn=(902) 0x0000000000109440
calls=114 0 
* 5809
* 228
fi=(194)
54 10
cob=(4)
cfi=(176)
cfn=(906) 0x0000000000109250
calls=1 -54 
* 594
fe=(192)
+14 295
+1 288
cob=(4)
cfi=(176)
cfn=(648)
calls=96 -69 
* 2273
* 192
+38 2
-4 1
+1 1
+3 1
cfi=(256) /home/tobiasosborne/Projects/convexfeld/src/api/env.c
cfn=(910) cxf_loadenv
calls=1 -32 
* 314
+1 2
+6 11
cfi=(259)
cfn=(922) cxf_newmodel
calls=1 -38 
* 1612
+1 3
+7 3
cfi=(262)
cfn=(936)
calls=1 15 
* 72085189
+1 2
-39 4
cob=(4)
cfi=(176)
cfn=(1022) 0x00000000001092b0
calls=1 -84 
* 13
+1 2
+47 1
-47 5
+47 1
cfi=(275) /home/tobiasosborne/Projects/convexfeld/src/api/api_stub.c
cfn=(1026) cxf_optimize
calls=1 26 
* 284055667
-48 3
cob=(4)
cfi=(176)
cfn=(1022)
calls=1 -84 
* 13
+1 2
+50 1
-50 3
+50 1
-50 1
+48 1
+2 2
fi=(253)
29 247
fe=(192)
230 2
cob=(4)
cfi=(176)
cfn=(1160) 0x0000000000109320
calls=1 0 
* 191
fi=(194)
86 4
cob=(4)
cfi=(176)
cfn=(654)
calls=1 -86 
* 293
* 10
cob=(4)
cfi=(176)
cfn=(654)
calls=1 -86 
* 1527
* 5
cob=(4)
cfi=(176)
cfn=(654)
calls=1 -86 
* 611
fe=(192)
237 6
-10 2
-91 2
-59 1
+1 1
-1 3
+1 5
+1 3
fi=(194)
+7 6
cob=(4)
cfi=(176)
cfn=(654)
calls=1 -86 
* 6244
fe=(192)
+54 1
+24 2
cfi=(259)
cfn=(1152) cxf_freemodel
calls=1 -18 
* 188910
+1 2
cfi=(256)
cfn=(1158) cxf_freeenv
calls=1 -35 
* 107
* 1

fl=(259)
fn=(1154) cxf_freemodel.part.0
146 5
+6 2
cfi=(261) /home/tobiasosborne/Projects/convexfeld/src/matrix/sparse_stub.c
cfn=(1156) cxf_sparse_free
calls=1 40 
* 187345
+3 2
cfi=(257)
cfn=(1012)
calls=1 -49 
* 205
+1 2
cfi=(257)
cfn=(1012)
calls=1 -50 
* 387
+1 2
cfi=(257)
cfn=(1012)
calls=1 -51 
* 205
+1 2
cfi=(257)
cfn=(1012)
calls=1 -52 
* 202
+1 2
cfi=(257)
cfn=(1012)
calls=1 -53 
* 201
+1 2
cfi=(257)
cfn=(1012)
calls=1 -54 
* 205
+3 2
cfi=(257)
cfn=(1012)
calls=1 -57 
* 8
+1 2
cfi=(257)
cfn=(1012)
calls=1 -58 
* 8
+1 2
cfi=(257)
cfn=(1012)
calls=1 -59 
* 8
+1 2
cfi=(257)
cfn=(1012)
calls=1 -60 
* 8
+5 1
-2 1
+5 1
-4 1
+1 1
+4 2
-1 1
cfi=(257)
cfn=(1012)
calls=1 -68 
* 89

fn=(922)
76 11
+4 6
+4 2
+4 2
+2 4
cfi=(257)
cfn=(912)
calls=1 -37 
* 264
* 1
+1 2
-57 1
+1 1
+3 2
fi=(253)
+57 4
cob=(4)
cfi=(176)
cfn=(926)
calls=1 -95 
* 42
fe=(259)
-55 1
+58 1
-39 1
-13 1
+52 1
-47 1
+47 1
-46 1
+1 1
+50 1
-4 1
-34 1
+37 1
-45 1
+45 1
-44 1
+8 1
+3 1
+2 1
-12 2
+43 1
cfi=(257)
cfn=(930)
calls=1 -69 
* 193
+2 1
-2 1
+2 1
cfi=(257)
cfn=(930)
calls=1 -71 
* 193
+2 1
-2 1
+2 1
cfi=(257)
cfn=(930)
calls=1 -73 
* 193
+2 1
-2 1
+2 1
cfi=(257)
cfn=(930)
calls=1 -75 
* 196
+2 1
-2 1
+2 1
cfi=(257)
cfn=(930)
calls=1 -77 
* 193
+3 1
-3 1
+3 5
+1 4
+6 1
cfi=(261)
cfn=(934) cxf_sparse_create
calls=1 -98 
* 241
* 1
+1 2
+6 2
+15 1
+1 1
+1 8

fn=(938)
177 2
+1 4
+6 10

fn=(1152)
146 1
+1 3
cfn=(1154)
calls=1 -1 
* 188906

fl=(282) /home/tobiasosborne/Projects/convexfeld/src/callbacks/invoke.c
fn=(1118) cxf_post_optimize_callback
124 1
+2 2
-2 8
+7 1
+1 2
+5 1
+1 2
+41 1
-52 1
+52 6

fn=(1054) cxf_pre_optimize_callback
42 1
+2 2
-2 8
+7 1
+1 2
+5 1
+1 2
+44 1
-55 1
+55 6

fl=(257)
fn=(964)
77 6993
+2 13986
+5 4066
+5 2033
cob=(4)
cfi=(176)
cfn=(966) 0x00000000001093f0
calls=2033 -89 
* 818914
-55 9920
+3 9920
cob=(4)
cfi=(176)
cfn=(932)
calls=4960 -37 
* 931139

fn=(930)
33 2530
+1 5060
+3 2530
cob=(4)
cfi=(176)
cfn=(932)
calls=2530 -37 
* 481175

fn=(912)
53 4
+1 16
+3 4
cob=(4)
cfi=(176)
cfn=(914)
calls=4 -57 
* 43529

fn=(1012)
106 7578
+1 7578
cob=(4)
cfi=(176)
cfn=(1014)
calls=7578 0 
* 820504

fl=(275)
fn=(1026)
26 1
+1 2
+5 1
cfi=(276) /home/tobiasosborne/Projects/convexfeld/src/api/optimize_api.c
cfn=(1028) cxf_optimize_internal
calls=1 +16 
* 284055663

fl=(264)
fn=(952) next_token
24 242649
+1 26961
-1 26961
+3 215688
cob=(4)
cfi=(176)
cfn=(944) 0x0000000000109450
calls=26961 -27 
* 161766
* 1101591
+2 158179
-3 67791
+3 250350
+1 125175
-1 125175
+1 250350
-1 1069191
+5 67791
-2 22597
+1 22597
+2 242649
-7 13092

fn=(942)
146 9
+2 1
-2 5
+5 2
-44 3
fi=(194)
+93 5
cob=(4)
cfi=(176)
cfn=(756)
calls=1 0 
* 646
* 23860
cob=(4)
cfi=(176)
cfn=(756)
calls=4772 0 
* 900185
fe=(264)
-49 9546
19 19088
cob=(4)
cfi=(176)
cfn=(944)
calls=4772 -19 
* 28632
* 153645
153 9544
+2 9544
+12 31903
-90 16928
-3 4232
+3 12696
cfn=(952)
calls=4232 -53 
* 723672
* 8464
+79 8466
39 20
cob=(4)
cfi=(176)
cfn=(948) 0x0000000000109280
calls=5 -39 
* 177
* 10
+1 16
cob=(4)
cfi=(176)
cfn=(948)
calls=4 -40 
* 141
* 8
+1 12
cob=(4)
cfi=(176)
cfn=(948)
calls=3 -41 
* 105
* 6
+1 6
+1 4
cob=(4)
cfi=(176)
cfn=(948)
calls=1 -43 
* 36
* 2
+1 4
cob=(4)
cfi=(176)
cfn=(948)
calls=1 -44 
* 36
156 4
-49 792
-3 132
+6 132
-3 132
cfn=(952)
calls=132 -83 
* 13332
* 264
+3 1315
cfn=(952)
calls=263 -86 
* 55788
* 526
fi=(266) /usr/include/x86_64-linux-gnu/bits/stdlib-float.h
-83 789
cob=(4)
cfi=(176)
cfn=(984) 0x00000000001092a0
calls=263 -27 
* 220627
fe=(264)
+86 526
fi=(266)
-86 263
fe=(264)
+86 263
cfi=(263)
cfn=(988)
calls=263 -4 
* 30235
+1 526
-5 1975
cfn=(952)
calls=395 -85 
* 57034
* 790
+47 264
53 1612
-3 403
+3 1209
cfn=(952)
calls=403 -29 
* 29419
* 806
156 808
+4 4
-2 1
+2 2
cfn=(952)
calls=1 24 
* 227
fi=(253)
-65 4
cob=(4)
cfi=(176)
cfn=(926)
calls=1 -95 
* 39
fe=(264)
+61 1
+6 2
+14 1
+1 11
54 2418
cfn=(952)
calls=403 -30 
* 69571
* 806
+3 2312
+8 32
cfi=(263)
cfn=(958)
calls=8 +52 
* 3288
* 1182
cfi=(263)
cfn=(958)
calls=394 +52 
* 170242
+1 804
+13 12696
cfi=(263)
cfn=(976)
calls=4232 +34 
* 534093
* 4232
+1 8464
+13 8464
-7 4232
+7 12696
-8 21160
cfn=(952)
calls=4232 -61 
* 634716
* 42250
cfn=(952)
calls=8450 -61 
* 987824
* 25364
+1 42250
cfn=(952)
calls=8450 -62 
* 1618970
* 16900
fi=(266)
-59 25350
cob=(4)
cfi=(176)
cfn=(984)
calls=8450 -27 
* 4428227
fe=(264)
+62 16900
fi=(266)
-62 8450
fe=(264)
+62 8450
cfi=(263)
cfn=(988)
calls=8450 +20 
* 1038329
* 8450
+1 16900
+2 42250
+1 10590
+2 25328
cfi=(263)
cfn=(990)
calls=6332 +71 
* 1093349
* 12664
-53 2
156 2
-42 1578
-33 6354
cfi=(263)
cfn=(980)
calls=2118 +60 
* 1012164
* 2118
+1 4236
-17 788
-8 2
+8 4
cfi=(263)
cfn=(958)
calls=1 +52 
* 380
+1 2
+2 4
174 1

fl=(283) /home/tobiasosborne/Projects/convexfeld/src/simplex/solve_lp.c
fn=(1080) compute_reduced_costs
299 2
+14 2
-14 16
+2 2
+3 2
-3 2
+3 2
-3 2
+1 4
+1 2
+10 2
-10 2
+2 2
+8 2
cob=(4)
cfi=(176)
cfn=(914)
calls=2 0 
* 7030
+1 4
+21 4
-10 4
+1 8
+2 2412
-3 2412
+1 804
+1 3216
+8 8
cfi=(288)
cfn=(1082)
calls=2 230 
* 110047
+1 4
+6 4
cob=(4)
cfi=(176)
cfn=(1014)
calls=2 0 
* 367
+4 4
+1 6
+2 6
-2 4
+2 4
-3 5040
+3 5040
-3 20160
+1 5040
+2 10080
-2 10080
+5 8472
+2 16296
+12 648
+1 648
+1 1296
+2 972
+4 324
+3 16
-21 7824
+1 3912
+1 7824
+1 3912
+1 27384
-2 3912
+2 3912
-2 7824
+2 23286
-2 7762
+2 7762
-2 23348

fn=(1056) cxf_solve_lp
650 13
+1 1
+3 2
+1 3
+5 4
+2 3
+1 2
+1 5
480 1
+4 1
-3 1
-1 1
+4 1
+6 4
cob=(4)
cfi=(176)
cfn=(932)
calls=1 0 
* 309
+1 1
-1 1
+1 1
cob=(4)
cfi=(176)
cfn=(932)
calls=1 0 
* 311
* 1
+1 4
+3 12
+2 5
cfn=(1068) get_row_coeffs
calls=1 -78 
* 17069
* 2005
cfn=(1068)
calls=401 -78 
* 6879807
+1 2010
-2 804
+10 402
-8 804
+6 4214
-1 4214
+1 8428
+3 6332
-9 2554308
+1 851436
+1 2554308
+1 6332
+1 6332
-1 12664
+2 12664
-1 6332
+4 10590
+4 2010
+1 1608
+1 1206
+3 1432
+3 708
+1 2832
-24 1206
+31 7
-14 120
+3 24
781 11
485 2
cfi=(284) /home/tobiasosborne/Projects/convexfeld/src/matrix/row_major.c
cfn=(1058) cxf_prepare_row_data
calls=1 34 
* 742099
* 2
+1 2
cfi=(284)
cfn=(1062) cxf_build_row_major
calls=1 94 
* 131755
* 1
+79 3
cob=(4)
cfi=(176)
cfn=(1014)
calls=1 0 
* 206
* 2
cob=(4)
cfi=(176)
cfn=(1014)
calls=1 0 
* 197
+11 2
+1 2
+3 1
-1 1
+4 2
+45 1
-44 1
+1 5
+43 1
-29 1
+32 2
-48 6354
+1 2118
+1 2118
-1 2118
+1 2118
+3 4236
+31 10590
+63 4
cfi=(286)
cfn=(1072)
calls=1 34 
* 120951
+1 2
+2 2
59 1
-4 1
685 1
57 2
+1 2
+4 2
+1 1
+2 2
+1 4
-3 1
+1 2
-1 2117
+1 4234
+1 2118
+1 2118
-4 6354
+16 1
-2 1
+2 3
+4 1
+87 1
-5 2
-56 2
-22 1
+78 2
-78 1
+22 4
-26 1
+54 1
-32 1
+60 2
-27 1
+27 3
-85 2
+7 1
-7 1
+4 2
+3 2
-7 802
+7 401
-7 401
+4 802
+3 1204
+4 804
-3 402
+5 804
-5 804
+5 402
+1 402
+1 804
-2 851034
+1 851034
+1 1702068
+1 1702872
-1 7598118
+1 5078076
+1 12664
+4 6332
-10 6332
+10 6332
-10 12664
+10 845104
-10 845104
+10 845104
-10 1690208
+13 1206
+5 804
-4 1206
+3 804
+1 402
+19 1206
+13 1432
+16 708
+1 708
-1 354
+8 354
-6 354
+6 354
-1 354
+1 354
+1 510
+4 804
+1 402
-92 1610
+97 2
+1 6
cob=(4)
cfi=(176)
cfn=(1070)
calls=1 0 
* 16963
+5 1
-1 1
+1 10
+2 1206
+1 1416
-3 1206
+7 1
698 4
cfi=(286)
cfn=(1078)
calls=1 264 
* 7
+3 2
cfn=(1080)
calls=1 299 
* 118827
+5 2
+1 1406
cfi=(289)
cfn=(1086)
calls=703 125 
* 214017192
+2 1406
+10 1404
+5 1404
-18 2109
91 1690208
+37 40
+4 40
-4 40
+3 40
+1 80
+17 80
-8 8
+1 16
+3 8
+1 8
-11 16
711 5
+20 3
+9 1
205 1
+1 3
+4 3
+1 5
-1 3
+1 4234
-1 6351
+9 3
-8 2
+14 1608
+5 708
-11 1608
+2 402
+3 2010
+12 1
+1 2
+1 6
-1 1
+1 2
-1 2
+1 4234
-1 2117
+1 4234
-1 4234
+4 1
748 1
cfn=(1080)
calls=1 299 
* 220339
+3 2
+1 150
cfi=(289)
cfn=(1086)
calls=75 125 
* 31512836
+2 150
+3 148
+3 148
+3 148
-12 225
+21 3
cfi=(286)
cfn=(1102)
calls=1 278 
* 7
+3 3
cfi=(294) /home/tobiasosborne/Projects/convexfeld/src/simplex/refine.c
cfn=(1104) cxf_simplex_refine
calls=1 27 
* 78315
+2 3
+2 2
cfi=(286)
cfn=(1110)
calls=1 139 
* 261174
+1 3
-11 2
-14 1
+14 1
-14 1
+14 1
-13 1
+21 3
cfi=(295)
cfn=(1106)
calls=1 36 
* 17478
* 1

fn=(1068)
419 2814
+1 402
-1 804
fi=(253)
59 402
fe=(283)
419 402
fi=(253)
59 1206
cob=(4)
cfi=(176)
cfn=(1070)
calls=402 -59 
* 6819126
fe=(283)
423 402
fi=(253)
59 402
fe=(283)
423 3216
+1 402
+1 402
+1 1164
+1 360
+1 720
-1 5972
+1 24608
+1 12664
-3 18996
+17 2412

fl=(277) /home/tobiasosborne/Projects/convexfeld/src/logging/output.c
fn=(1030) cxf_log_printf
29 59
+5 2
-5 9
+5 14
+5 8
+5 12
+5 4
fi=(194)
+19 16
fe=(277)
-19 4
fi=(194)
+19 8
fe=(277)
-19 4
fi=(194)
+19 4
fe=(277)
-19 12
fi=(194)
+19 4
cob=(4)
cfi=(176)
cfn=(1032) 0x00000000001093e0
calls=4 -68 
* 4726
+18 16
fe=(277)
-32 4
fi=(194)
+32 4
cob=(4)
cfi=(176)
cfn=(654)
calls=4 -86 
* 1951
fe=(277)
-25 8
cob=(4)
cfi=(176)
cfn=(1038) 0x00000000001093c0
calls=4 -61 
* 728
+3 12
+3 32

fl=(256)
fn=(910)
75 1
+3 2
-3 1
+9 1
-9 4
+7 1
+2 2
cfi=(257)
cfn=(912)
calls=1 -31 
* 272
+1 2
-49 1
-3 1
-2 1
+7 1
-7 1
+5 1
+5 1
+4 1
-9 1
+15 1
-13 1
+13 1
+17 1
-27 1
+5 1
+3 1
+1 1
+9 1
+3 1
+2 1
+3 1
+5 1
-4 1
+23 1
+1 1
+1 3

fn=(1158)
130 1
+1 2
-1 5
+6 3
+11 1
+2 2
cfi=(257)
cfn=(1012)
calls=1 -43 
* 89
+2 1
-1 1
+1 2

fl=(287)
fn=(1114)
93 1
+1 2
-1 7
+6 1
+1 3
+1 2
+1 2
cob=(4)
cfi=(176)
cfn=(1014)
calls=1 0 
* 106
-1 1550
+1 1550
cob=(4)
cfi=(176)
cfn=(1014)
calls=775 0 
* 83698
+1 1552
cob=(4)
cfi=(176)
cfn=(1014)
calls=776 0 
* 83765
+1 1552
cob=(4)
cfi=(176)
cfn=(1014)
calls=776 0 
* 83806
-4 1552
+9 2
cfi=(296)
cfn=(1116)
calls=1 -31 
* 4
+3 2
cob=(4)
cfi=(176)
cfn=(1014)
calls=1 0 
* 170
+1 2
cob=(4)
cfi=(176)
cfn=(1014)
calls=1 0 
* 170
+1 2
cob=(4)
cfi=(176)
cfn=(1014)
calls=1 0 
* 170
+1 2
cob=(4)
cfi=(176)
cfn=(1014)
calls=1 0 
* 170
+2 1
-1 1
+1 4
-1 1
cob=(4)
cfi=(176)
cfn=(1014)
calls=1 0 
* 108

fn=(1076)
32 2
+1 1
-1 7
+1 4
+4 3
cob=(4)
cfi=(176)
cfn=(914)
calls=1 -37 
* 328
* 1
+1 2
+4 1
+1 1
+1 1
+2 1
+1 1
+2 1
+1 1
+3 2
+19 2
+11 9
-10 3
cob=(4)
cfi=(176)
cfn=(914)
calls=1 -73 
* 10459
* 1
+1 2
-20 4
cob=(4)
cfi=(176)
cfn=(914)
calls=1 -54 
* 429
+1 2
-1 2
+1 1
cob=(4)
cfi=(176)
cfn=(914)
calls=1 -55 
* 3577
+1 1
-1 2
+1 1
cob=(4)
cfi=(176)
cfn=(932)
calls=1 -56 
* 319
+1 1
-1 1
+1 11
+9 2
+1 1
-1 4
+1 1
-1 4
+1 2
-1 3
+1 398
-1 598

fl=(294)
fn=(1104)
27 1
+2 4
+7 1
+1 1
-10 3
+7 1
+6 3
+1 5
-6 2
+7 1858
+1 1858
-3 6354
+1 14826
+3 1560
-4 4
+12 8472
+1 1858
+1 1858
-3 6354
+8 2
+1 1611
+1 70
+1 70
-3 1206
+8 8
+1 8472
+1 331
+1 331
-3 6354
+8 1
+2 6
-1 1
+1 2
-1 2
+1 4234
-1 2117
+1 4234
-1 4234
+5 2
+1 2
-1 1
+1 1

fl=(276)
fn=(1028)
48 8
+5 1
cfi=(259)
cfn=(938)
calls=1 177 
* 8
* 1
+1 2
+5 1
+1 2
+5 6
cfi=(277)
cfn=(1030)
calls=1 -36 
* 1165
+1 7
cfi=(277)
cfn=(1030)
calls=1 -37 
* 1633
+4 1
+3 2
cfi=(281) /home/tobiasosborne/Projects/convexfeld/src/error/terminate.c
cfn=(1052) cxf_reset_terminate
calls=1 -3 
* 6
+6 1
-3 1
+3 1
cfi=(282)
cfn=(1054)
calls=1 -37 
* 25
+1 2
+10 2
cfi=(283)
cfn=(1056)
calls=1 650 
* 284047894
+3 1
-3 1
+3 1
cfi=(282)
cfn=(1118)
calls=1 +31 
* 25
+3 2
+9 1
+3 7
-11 5
cfi=(277)
cfn=(1030)
calls=1 -68 
* 931
+1 5
+1 1
-1 1
cfi=(277)
cfn=(1030)
calls=1 -69 
* 3912
+1 1

fl=(281)
fn=(1052)
70 1
+1 2
+3 1
+1 2

fl=(271) /home/tobiasosborne/Projects/convexfeld/src/api/model_stub.c
fn=(1002) cxf_addvar
96 2118
+5 4236
-5 10590
+10 8472
+4 2118
+5 6354
+8 4236
+1 4236
+1 4236
+1 4236
+1 4236
+12 2118
-11 2118
+12 10590
-24 48
cfn=(1004) cxf_model_grow_vars
calls=8 -90 
* 122137
+1 16
+5 40

fn=(1004)
26 56
+6 8
+1 24
+1 8
-1 16
+6 8
-1 32
cfi=(257)
cfn=(964)
calls=8 +39 
* 29498
+2 16
+3 8
+2 24
cfi=(257)
cfn=(964)
calls=8 +32 
* 29326
+2 16
+3 8
+2 24
cfi=(257)
cfn=(964)
calls=8 +25 
* 29043
+2 16
+3 8
+2 24
cfi=(257)
cfn=(964)
calls=8 +18 
* 4604
+2 16
+3 8
+2 24
cfi=(257)
cfn=(964)
calls=8 +11 
* 29234
+2 16
+6 8
-3 8
+5 8
+1 48

fl=(290)
fn=(1094)
92 10088
+2 6984
+4 776
+3 1552
+1 776
+89 8536
-85 776
fi=(253)
-77 776
fe=(290)
+77 776
fi=(253)
-77 2328
cob=(4)
cfi=(176)
cfn=(1084)
calls=776 -29 
* 256856
fe=(290)
+80 3104
+2 2328
+2 3104
+1 2328
-1 2328
+1 933528
-1 933528
+6 776
+1 1552
+8 1550
+9 64
+2 192
-13 64
+13 64
-13 64
+13 128
-13 775
+12 1550
+1 599850
+1 300700
+1 601400
-2 300700
+1 300700
-1 601400
+22 4650
-13 775
+1 775
+1 775
+3 1550
-5 299925
+1 299925
+1 299925
+3 1201250
+8 2104900
+12 300700
+4 300700
-4 902100
+1 300700
+3 601400
+1 1202800
+1 2104900
-1 1710288
+1 15993992
+1 14076916
-3 6032964
-30 902100
+39 1550
+1 711
cob=(4)
cfi=(176)
cfn=(1014)
calls=711 0 
* 133994
* 711
-58 2133
cob=(4)
cfi=(176)
cfn=(932)
calls=711 0 
* 200532
* 711
+1 1422
+7 711
+2 2133

fl=(261)
fn=(934)
22 1
+1 3
cob=(4)
cfi=(176)
cfn=(914)
calls=1 -23 
* 237

fn=(1156)
40 1
+1 2
-1 5
+6 2
cob=(4)
cfi=(176)
cfn=(1014)
calls=1 -46 
* 170
+1 2
cob=(4)
cfi=(176)
cfn=(1014)
calls=1 -47 
* 203
+1 2
cob=(4)
cfi=(176)
cfn=(1014)
calls=1 -48 
* 185981
+3 2
cob=(4)
cfi=(176)
cfn=(1014)
calls=1 -51 
* 194
+1 2
cob=(4)
cfi=(176)
cfn=(1014)
calls=1 -52 
* 197
+1 2
cob=(4)
cfi=(176)
cfn=(1014)
calls=1 -53 
* 209
+3 2
cob=(4)
cfi=(176)
cfn=(1014)
calls=1 -56 
* 170
+1 2
cob=(4)
cfi=(176)
cfn=(1014)
calls=1 -57 
* 87
+3 1
+1 2
-1 1
cob=(4)
cfi=(176)
cfn=(1014)
calls=1 -60 
* 106

fn=(1010) cxf_sparse_init_csc
76 1
+1 2
+3 3
-4 8
+4 2
+4 2
+5 1
-4 1
+4 1
-3 1
+3 2
cob=(4)
cfi=(176)
cfn=(914)
calls=1 -89 
* 17277
* 2
+1 2
+5 2
+15 1
+1 7

fl=(285) /home/tobiasosborne/Projects/convexfeld/src/matrix/sparse_matrix.c
fn=(1060) cxf_sparse_validate
28 1
+1 2
+5 2
+5 9
+10 1
-5 2
+5 3
+5 4
+5 6358
+1 8472
-16 2
-9 1
+31 9
+6 12664
-1 18996
+1 18996
-37 2

fl=(284)
fn=(1062)
94 1
+1 2
-1 9
+5 3
+5 2
+5 1
+1 1
-1 2
+1 1
-1 1
+1 1
-1 2
+1 6331
-1 6331
+1 6331
-1 12662
+5 2
+5 1
-5 6
+1 1
-1 1
+1 1
-1 2
+1 401
-1 401
+1 401
-1 802
+5 2
cob=(4)
cfi=(176)
cfn=(932)
calls=1 0 
* 310
+1 2
fi=(253)
-91 5
cob=(4)
cfi=(176)
cfn=(1066)
calls=1 -29 
* 338
* 1
fe=(284)
129 3
+1 10593
+1 2118
+2 2118
+1 6354
-2 2118
+2 2118
-4 2118
+2 6354
+1 2118
-1 2118
+2 2118
-4 4236
+2 4214
+2 4214
-4 4214
+2 12642
+1 4214
-1 4214
+2 4214
-4 8428
-1 6354
+9 2
cob=(4)
cfi=(176)
cfn=(1014)
calls=1 0 
* 194
-33 1
+35 8

fn=(1058)
34 9
+1 3
+5 1
cfi=(285)
cfn=(1060)
calls=1 -12 
* 65524
* 1
+1 2
+35 9
-30 2
cob=(4)
cfi=(176)
cfn=(1014)
calls=1 -46 
* 6
+1 2
cob=(4)
cfi=(176)
cfn=(1014)
calls=1 -47 
* 6
+1 2
cob=(4)
cfi=(176)
cfn=(1014)
calls=1 -48 
* 6
+6 1
-4 1
+4 1
-4 1
+4 3
cob=(4)
cfi=(176)
cfn=(914)
calls=1 -54 
* 599777
* 2
+1 4
+5 3
+1 3
cob=(4)
cfi=(176)
cfn=(914)
calls=1 -61 
* 25688
+1 2
-1 2
+1 1
cob=(4)
cfi=(176)
cfn=(914)
calls=1 -62 
* 51032
* 1
+2 4

fl=(270)
fn=(1000)
44 10
+7 1
-7 1
+7 4
-3 5
+4 1208
-1 1209
+6 1
-1 2
cfi=(257)
cfn=(930)
calls=1 -23 
* 336
+1 2
-1 1
+1 1
cfi=(257)
cfn=(912)
calls=1 -4 
* 9962
* 1
+1 4
+8 3
+1 2
-2 2
+2 2015
+3 804
-2 402
-2 1608
+2 1
-2 4
+9 3
-5 6
+6 1
+1 3
-1 2
+1 5
-1 1
+1 2
cfi=(271)
cfn=(1002)
calls=1 +19 
* 33
-1 2117
+1 6351
-1 4234
+1 10585
-1 2117
+1 4234
cfi=(271)
cfn=(1002)
calls=2117 +19 
* 192102
+2 4236
+3 19062
+1 6332
+1 12664
+1 12664
+1 31660
-57 12664
+2 6332
-2 12664
+10 5740
-1 5740
+44 5740
-44 5740
+1 17220
+1 11480
+42 11480
-44 592
+44 592
-44 592
+1 1776
+1 1184
+42 7538
-7 6358
+21 4
-1 2
+1 1
-1 6
+2 2418
+3 402
+2 804
-2 804
+2 1608
cfi=(272) /home/tobiasosborne/Projects/convexfeld/src/api/constr_stub.c
cfn=(1008) cxf_addconstr
calls=402 +21 
* 55958862
+2 804
+1 402
-9 1212
+12 1
+4 9
+1 1
-1 1
+1 1
cfi=(257)
cfn=(1012)
calls=1 -7 
* 89
* 401
-1 401
+1 401
cfi=(257)
cfn=(1012)
calls=401 -7 
* 43965
+1 804
cfi=(257)
cfn=(1012)
calls=402 -8 
* 45957
-2 806
+4 3
cfi=(257)
cfn=(1012)
calls=1 -10 
* 172
+2 2
cfi=(257)
cfn=(1012)
calls=1 -12 
* 172
+1 1
+1 8
-90 1416
+1 464
+1 232
-1 928
cfi=(257)
cfn=(964)
calls=232 +46 
* 100954
* 1440
cfi=(257)
cfn=(964)
calls=360 +46 
* 72256
+1 1184
-1 592
+1 592
cfi=(257)
cfn=(964)
calls=592 +45 
* 186456
+1 592
-1 592
+1 2368
+3 592
+2 592
-3 592
-1 592
+4 592
-2 1904
-6 720

fl=(272)
fn=(1008)
123 3618
+5 804
+1 1608
+1 1206
+1 2010
+2 804
+1 1440
+3 1080
-3 720
+2 12664
+1 25328
-2 18996
+1 18996
+30 3618
-24 126
+5 402
38 1206
147 402
+3 402
39 402
150 402
38 2412
cfi=(257)
cfn=(964)
calls=402 +39 
* 83181
+2 2412
+3 402
+3 2412
cfi=(257)
cfn=(964)
calls=402 +31 
* 30765
+2 804
154 804
51 402
154 402
+1 402
-1 402
-85 402
+86 402
-1 804
+1 402
+3 402
-89 804
+5 720
+3 360
-3 1080
+3 1080
cfi=(257)
cfn=(964)
calls=360 * 
* 143413
+2 720
+5 720
-2 360
+2 720
cfi=(257)
cfn=(964)
calls=360 -7 
* 88371
* 360
+2 720
+6 360
-3 360
+73 360
-70 720
+5 360
+10 720
-6 3240
-8 360
+1 360
+7 360
-3 360
-5 360
+5 360
+3 720
-8 5972
+1 5972
+7 5972
-3 5972
-5 5972
+5 5972
+3 24398
+1 6227
+1 6227
-1 6227
+1 6227
-2 18681
+1 5452196
+1 5452196
-1 5452196
+1 5452196
-2 16362815
+6 6227
+4 6227
-3 6227
+3 12454
-4 105
+4 105
-3 105
+3 66696
+1 3166
-1 9497
+1 6330
-1 9495
+1 6810194
-1 10215291
+4 12664
-23 6332
+23 6332
-23 13744
+9 360
+61 720
+1 360
+2 360
-3 84
+1 42
+2 42
-22 7
cfi=(261)
cfn=(1010)
calls=1 -67 
* 17315
+1 2
+6 5
-8 1082

fl=(293)
fn=(1100)
42 7760
+2 3104
+4 2328
+3 3104
+5 776
+1 1552
-1 776
+1 3104
+9 1552
+1 776
-1 776
-1 1552
+2 935080
+1 311176
-1 311176
+1 933528
-2 935856
+7 4656
cob=(4)
cfi=(176)
cfn=(914)
calls=776 -73 
* 212443
* 776
+1 1552
+6 776
+1 776
-2 776
-1 776
+2 776
+2 776
+1 776
+1 776
+1 776
-4 776
+7 1552
+25 776
+2 776
-1 776
-1 776
+5 1552
+1 776
+1 776
-1 776
+1 776
+3 776
-2 776
+3 6208
-35 4656
cob=(4)
cfi=(176)
cfn=(914)
calls=776 -89 
* 168694
* 776
+1 1552
-1 1552
+1 776
cob=(4)
cfi=(176)
cfn=(914)
calls=776 -90 
* 174616
* 776
+2 776
-2 1552
+2 5432
+11 1552
-2 1552
+2 2179784
+1 5153
+2 5153
-2 5153
+1 5153
-3 936632

fl=(185)
fn=(1178)
0 9
cob=(4)
cfi=(176)
cfn=(1184) 0x0000000000109240
calls=1 0 
0 80
0 1
cfn=(1194) 0x0000000000001dc0
calls=1 0 
0 5
0 3

fn=(628) 0x0000000000001e70
0 12

fn=(1194)
0 5

fn=(616)
0 12
cob=(2)
cfi=(186) ./csu/../csu/libc-start.c
cfn=(618) __libc_start_main@@GLIBC_2.34
calls=1 242 
0 356942948

fl=(288)
fn=(1082)
230 10114
+2 7002
+4 778
+3 1556
+1 778
+92 8558
-88 778
fi=(253)
29 778
fe=(288)
244 778
fi=(253)
29 1556
cob=(4)
cfi=(176)
cfn=(1084)
calls=778 -29 
* 257418
fe=(288)
247 778
+1 1556
+9 1554
+8 64
+2 192
-12 64
+12 64
-12 64
+12 905
-12 777
+11 1554
+1 602802
+1 302178
+1 604356
-2 302178
+1 302178
-1 604356
+22 6216
-13 777
+1 777
+1 777
+3 1554
-5 301401
+1 301401
+1 301401
+3 1207158
+8 2115246
+11 302178
-1 302178
+1 604356
+1 604356
-2 604356
+2 302178
+1 2115246
-1 1718607
+1 16071819
+1 8083140
-3 6062355
+10 302178
-35 302178
+35 1208712
-35 606687
+41 1554
+1 1426
cob=(4)
cfi=(176)
cfn=(1014)
calls=713 0 
* 134322
+4 2331
+2 2331
+3 3108
+1 2331
-1 2331
+1 934731
-1 935508
-68 2139
cob=(4)
cfi=(176)
cfn=(932)
calls=713 0 
* 259605
* 713
+1 1426
+6 713
+2 2139

ob=(2)
fl=(103)
fn=(330)
65 1
-22 2
+1 1
-2 4
+2 2
+3 2
+4 3
+3 3
+11 1

fl=(89)
fn=(296)
29 2
fi=(90) ./string/../sysdeps/x86_64/multiarch/ifunc-memset.h
+25 10
+3 6
+7 4
+9 4
+2 4
+10 4
+8 4
+3 10
fe=(89)

fl=(104)
fn=(332)
29 2
fi=(105) ./debug/../sysdeps/x86_64/multiarch/ifunc-memset.h
+25 10
+3 6
+7 4
+9 4
+2 4
+10 4
+8 4
+3 10
fe=(104)

fl=(198) ./string/../sysdeps/x86_64/multiarch/strchr-avx2.S
fn=(668) __strchrnul_avx2
53 264
+2 264
+1 264
+1 264
+1 264
+1 264
+3 264
+1 264
+4 264
+1 264
+1 264
+1 264
+1 264
+1 264
+1 264
+1 259
+13 259
+2 518
+12 5
+1 5
+6 5
+1 10
+48 5
+4 5
+1 5
+1 5
+1 5
+1 5
+1 5
+1 5

fn=(754) __strchr_avx2
53 2
+2 2
+1 2
+1 2
+1 2
+1 2
+3 2
+1 2
+4 2
+1 2
+1 2
+1 2
+1 2
+1 2
+1 2
+1 2
+3 2
+8 2
+8 2
+1 4

fl=(199) ./stdio-common/./stdio-common/Xprintf_buffer_write.c
fn=(670) __printf_buffer_write
27 398
+1 1194
-1 2786
+4 1122
+2 326
+3 163
fi=(229) ./stdio-common/../string/bits/string_fortified.h
-7 163
fe=(199)
+8 326
fi=(229)
-8 163
fe=(199)
+12 163
fi=(229)
-12 163
cob=(4)
cfi=(176)
cfn=(672) 0x00000000049606b0
calls=163 -29 
* 2699
fe=(199)
+11 489
-9 326
+2 489
+11 2388

fl=(208) ./malloc/./malloc/morecore.c
fn=(706) __glibc_morecore
25 8
+1 16
-1 16
+4 8
cfi=(209) ./misc/./misc/sbrk.c
cfn=(708) sbrk
calls=8 +8 
* 311
+1 16
+4 16

fl=(188) ./csu/../sysdeps/nptl/libc_start_call_main.h
fn=(638) (below main)
29 4
+15 1
-15 5
+15 1
cfi=(189) ./setjmp/../sysdeps/x86_64/bsd-_setjmp.S
cfn=(640) _setjmp
calls=1 -16 
* 38
* 1
+2 2
+5 2
+1 2
+3 2
+3 6
cob=(6)
cfi=(192)
cfn=(646)
calls=1 168 
* 356940762
+16 2
cfi=(309) ./stdlib/./stdlib/exit.c
cfn=(1164) exit
calls=1 +63 
* 1950

fl=(216) ./string/../string/strstr.c
fn=(750) __GI_strstr
77 18
+5 2
-5 6
+5 4
+2 8
cob=(4)
cfi=(176)
cfn=(752) 0x0000000004960680
calls=2 -84 
* 46
* 2
+1 4
+1 4
+75 24

fl=(260) ./string/../sysdeps/x86_64/multiarch/strncpy-avx2.S
fn=(928) __strncpy_avx2
54 5044
+18 5044
+3 5044
+3 5044
+1 5044
+1 5044
+1 5044
+1 5044
+3 5044
+1 5044
+1 5044
+4 5044
+7 5044
+2 5044
+4 1
+2 1
+1 1
382 1
+1 1
+1 1
+5 1
+1 1
+3 1
+1 1
+1 1
+1 1
+23 1
+1 1
+1 1
+1 1
+2 1
+1 1
+1 1
+3 1
+1 1
+2 1
+1 1
+1 1
+13 2
+57 5043
+1 5043
+1 5043
+1 5043
+1 5043
+1 5043
+1 10086
+6 5043
+1 5043
+1 5043
+1 10
+1 10
+4 10
+7 5043
+2 5043
+1 5043
+1 5043
+2 5043
+1 5043
+1 5043
+44 5033
+1 5033
+1 5033
+1 5033
+11 5033

fl=(187) ./stdlib/./stdlib/cxa_atexit.c
fn=(620) __cxa_atexit
67 7
-26 2
+2 8
+1 2
cfn=(622) __new_exitfn
calls=1 +36 
* 33
+2 2
+8 1
-2 1
+3 1
+1 1
-4 2
+1 1
+4 4
+1 1
+11 6

fn=(622)
80 1
+6 2
-6 4
+11 2
-10 1
+10 4
+2 4
-2 1
+10 1
-10 3
+45 1
+5 3
-4 1
+4 2
-18 1
-1 1
+12 1

fl=(210) ./misc/../sysdeps/unix/sysv/linux/brk.c
fn=(710) brk
36 8
fi=(326) ./misc/../sysdeps/unix/sysv/linux/brk_call.h
-12 16
fe=(210)
+13 16
+1 16
+6 8
+1 8

fl=(299) ./stdlib/../sysdeps/ieee754/dbl-64/dbl2mpn.c
fn=(1128) __mpn_extract_double
33 4
+2 4
-2 8
+4 12
+1 20
+9 8
+9 4
-9 4
+9 8
+47 4
+4 4
-4 4
+4 4

fl=(83)
fn=(284)
31 2
fi=(84) ./string/../sysdeps/x86_64/multiarch/ifunc-avx2.h
+9 6
-2 8
fe=(83)
-7 4
fi=(84)
+10 4
+1 6
+3 4
+4 6
+3 10
fe=(83)

fl=(131)
fn=(406)
29 1
fi=(93) ./debug/../sysdeps/x86_64/multiarch/ifunc-memmove.h
+28 3
-1 2
+4 3
+14 2
+3 2
+8 2
+8 2
+3 5
fe=(131)

fl=(231) ./stdlib/./stdlib/strtod_l.c
fn=(808) ____strtod_l_internal
508 17882
+45 8941
-45 89410
+53 26823
+26 8941
-24 17882
+32 17882
+1 17882
cob=(4)
cfi=(176)
cfn=(792) 0x0000000004960500
calls=8941 0 
* 143056
+1 17882
-1 8941
+1 8941
+14 8941
-4 8941
-6 8941
+10 17882
-1 35764
+1 17882
+3 17882
-12 6775
+17 13550
+13 54398
+1 17882
+8 26259
+91 17506
-43 17506
+19 8642
514 8642
708 35166
+67 66684
+1 17882
+12 17882
+16 35388
+42 17882
+9 71484
+1 17893
+18 22
+6 11
+1 11
-1 22
+1 22
-1 11
+1 44
+99 17882
+33 17882
+2 5200
+8 38046
+19 26823
+1 228
+5 17882
+9 127
+2 381
-2 254
+2 254
1770 98351
779 26574
+22 26574
-26 13287
635 752
+97 376
-43 376
+19 376
+25 564
-1 188
+7 188
-5 188
514 188
732 188
+7 2469
+1 598
-7 897
616 2166
+1 6498
862 26790
+1 8930
+1 8930
1068 508
+1 508
+3 635
+4 127
+1 127
+98 1270
+2 127
-1 127
+1 254
+3 508
-5 88140
+2 8814
-1 8814
+1 17628
+3 35256
+12 17882
+3 17882
1357 1495
+18 897
+3 299
+13 299
-13 2093
+8 598
+10 1794
603 598
1399 598
+3 897
-3 299
+3 1794
-3 4602
+3 6903
-3 2301
+3 13806
+8 2600
-55 2600
+75 2600
-17 2600
-3 2600
+20 2600
-16 2600
-4 5200
-56 2600
+76 2600
-20 2600
-56 2600
-1 2600
+77 2600
-77 2600
+77 5200
-6 2600
+1 2600
fi=(234) ./stdlib/../string/bits/string_fortified.h
29 5200
fe=(231)
1425 2600
fi=(234)
29 2600
cob=(4)
cfi=(176)
cfn=(810) 0x00000000049606f0
calls=2600 -29 
* 57200
fe=(231)
1440 3607
+1 3607
+2 7214
-26 11446
+7 4716
+1 4716
-5 4716
+2 9432
+8 12696
cfi=(232) ./stdlib/./stdlib/mul.c
cfn=(816) __mpn_mul
calls=2116 48 
* 137540
+4 4232
+1 4232
+1 4232
+4 2116
+1 2116
-4 6348
+6 4232
+2 13000
+4 23400
cfn=(822) str_to_mpn.isra.0
calls=2600 365 
* 230268
+17 5200
+2 2600
-2 2600
+2 2600
-2 5200
+2 5200
+17 5200
+2 5200
689 333
514 111
708 333
514 222
710 222
-1 333
+24 333
-1 111
+2 111
-2 111
+2 555
-53 11
882 44705
1081 17628
-9 17628
739 444
+8 598
1198 112346
cfn=(822)
calls=8642 365 
* 527053
+6 8642
+20 8642
-26 8642
+6 43210
+44 8642
+1 8642
-1 8642
+1 8642
-1 8642
+1 17284
+4 17284
+6 17284
+32 17284
+3 6341
+4 12682
-4 6341
+4 12682
-4 31705
+2 6341
+2 6341
-2 12682
+10 31705
cfi=(235) ./stdlib/../sysdeps/x86_64/lshift.S
cfn=(824) __mpn_lshift
calls=6341 28 
* 101456
+4 12682
+15 44387
cfn=(826) round_and_return
calls=6341 215 
* 532644
* 6341
1494 2600
+1 2600
+1 15600
+42 2600
-38 15600
+38 5200
-38 6903
+38 16107
+6 2600
-1 2600
-1 5200
+2 2600
-2 2600
+1 2600
-1 13000
cfn=(826)
calls=2600 215 
* 217749
* 3198
-4 5681
+2 897
-68 13000
cfi=(235)
cfn=(824)
calls=2600 28 
* 41600
+1 15600
cfi=(235)
cfn=(824)
calls=2600 28 
* 41600
+1 5200
+64 13806
cfi=(235)
cfn=(824)
calls=2301 28 
* 36816
* 11505
+2 2301
1391 299
+5 598
fi=(234)
29 1966
fe=(231)
1446 1966
fi=(234)
29 7864
cob=(4)
cfi=(176)
cfn=(810)
calls=1966 -29 
* 43252
* 3932
fe=(231)
864 17860
+1 24190
-3 12660
+12 17860
+6 26790
+1 17860
-16 6279
+3 18184
+1 426
-1 426
+1 1704
+2 426
-6 426
-1 426
+1 852
+6 8453
-6 8453
-1 8453
+1 22106
+5 5200
fi=(234)
29 4602
fe=(231)
1330 2301
fi=(234)
29 11505
cob=(4)
cfi=(176)
cfn=(810)
calls=2301 -29 
* 50622
fe=(231)
1357 13806
+9 4602
+3 6903
+1 6903
1485 2301
1370 4602

fn=(822)
365 112420
+13 11242
+1 67452
-4 11242
-1 22484
+52 22039
+1 44078
-14 88156
+3 4946
+7 2473
+3 7419
+3 4946
-3 39132
+3 39132
-47 44078
+49 44968
+7 33726
+2 33726
+2 11242
+1 11242
+15 101178

fn=(826)
215 143056
fi=(236) ./stdlib/../sysdeps/generic/get-rounding-mode.h
94 8941
+1 80469
fe=(231)
218 17882
fi=(237) ./stdlib/../include/rounding-mode.h
46 12945
fe=(231)
355 1245
-3 2490
+3 3735
-3 2688
+3 23088
+1 8941
-1 17882
+1 53646
-1 8941
cfi=(239) ./stdlib/../sysdeps/ieee754/dbl-64/mpn2dbl.c
cfn=(834) __mpn_construct_double
calls=8941 29 
* 143056
-42 17882
-80 8941
+83 8941
-90 8941
+90 8941
+4 17882
-1 49642
fi=(237)
46 31760
fe=(231)
355 1344
-5 16736
fi=(238) ./stdlib/../stdlib/gmp.h
453 1344
fe=(231)
328 1344
fi=(238)
454 1344
fe=(231)
328 1344
+22 2688
-12 2688
fi=(237)
52 20570
fe=(231)
355 19056

fl=(247) ./stdio-common/./stdio-common/_itoa.c
fn=(882) _itoa_word
169 8
+3 32
+2 16
+9 226
+9 16

fl=(274) ./time/../sysdeps/unix/sysv/linux/clock_gettime.c
fn=(1024) clock_gettime@@GLIBC_2.17
30 2
+8 4
+2 4
+28 4
+1 4
-25 4

fl=(119)
fn=(366)
31 1
fi=(114) ./string/../sysdeps/x86_64/multiarch/ifunc-strcasecmp.h
+6 2
-1 4
fe=(119)
-5 2
fi=(114)
+7 3
+3 2
+4 3
+3 4
fe=(119)

fl=(205) ./malloc/./malloc/malloc.c
fn=(874) _int_free_maybe_consolidate
4770 42108
+6 7656
+22 42108
-20 1248
+3 936
-2 2
cfn=(1006) malloc_consolidate
calls=2 +32 
* 185981
* 2
+5 1560

fn=(712) alloc_perturb
1985 28752
+2 9584

fn=(870) _int_free
4495 97517
+4 41793
+6 55724
+1 27862
+4 69655
+8 55724
-1 27862
+1 27862
+29 10485
-20 10485
-6 10485
+6 20970
+20 41940
1792 13502
4561 27004
+11 38696
+2 29022
1992 9674
4593 9674
1992 19348
4595 9674
+1 9674
+4 19348
+2 9674
-2 9674
+2 9674
+4 19348
+2 29022
+1 9674
+19 38652
+1 24
+29 60618
-21 7656
+3 7656
+18 3828
-12 3828
+12 15312
-12 3828
cfn=(872) _int_free_merge_chunk
calls=3828 +19 
* 611268
3163 429
+4 429
-4 429
+2 1716
+1 429
+1 429
4550 429

fn=(692) malloc
3294 71416
+7 17854
1326 17852
+19 44633
3311 17850
+2 35708
+3 17852
+10 17268
+28 51804
3248 4
cfn=(702) tcache_init.part.0
calls=1 -6 
* 473
+68 2
+2 22854
3178 586
+4 586
+4 293
+4 293
-4 879
+4 293
+1 293
3354 1758
-26 34536
cfn=(704) _int_malloc
calls=8634 3846 
* 1442758
+1 43170
fi=(206) ./malloc/./malloc/arena.c
153 17268
264 1
cfn=(696) ptmalloc_init.part.0
calls=1 -2 
* 1151
fe=(205)
1326 2

fn=(872)
4665 19140
+1 3828
-1 11484
+5 22968
+3 7656
+5 11484
+3 7656
+1 7656
+1 7656
1992 11484
4689 7656
+2 161
+2 161
-1 161
+2 644
+2 322
cfn=(974) unlink_chunk.isra.0
calls=161 1608 
* 3615
+18 7656
+6 7650
+4 1703
+9 1703
-1 1703
+1 5109
+1 3406
-1 2122
-1 2122
+1 6366
+1 4244
+2 3825
+2 7650
+5 3825
+1 3825
+2 11475
+1 3825
-45 3825
-1 7650
+1 22950
-1 3825
cfn=(874)
calls=3825 +69 
* 95678
+1 3
-1 6
+1 18
-1 3
cfn=(874)
calls=3 +69 
* 185923
+39 10554
+16 3
+1 9
+1 6
-37 2122
+1 2122
-1 2122
cfn=(974)
calls=2122 1608 
* 51246
+1 2122
-47 11484
-2 7656

fn=(916) calloc
3699 7802
+10 3901
-10 27307
+10 31208
+8 7802
+3 11703
+2 7802
+34 19505
fi=(206)
153 7802
fe=(205)
3732 3901
+1 3901
+21 7802
-21 7802
+21 3901
cfn=(704)
calls=3901 +92 
* 1386378
+2 7802
+81 18384
-41 3901
-12 3901
+12 7802
+3 19505
+8 3901
+2 7802
+2 7802
+5 2298
+2 2298
-2 2298
+3 4596
+2 2029
+2 4058
+2 1291
+2 2582
+2 1736
-73 11703
+3 11703
+78 1603
fi=(211) ./malloc/../string/bits/string_fortified.h
59 3206
fe=(205)
3837 9618
fi=(211)
59 1603
cob=(4)
cfi=(176)
cfn=(918) 0x0000000004960740
calls=1603 -59 
* 5242764
fe=(205)

fn=(974)
1608 15179
+2 45537
-2 15179
+2 30358
+3 15179
+1 30358
+2 60716
-3 15179
+6 15179
+1 15179
+1 54580
+2 4940
+1 7410
+3 4940
+14 2470
+1 2470
+3 30358

fn=(704)
3846 144188
1326 26216
+19 78627
3887 26174
1794 13087
3914 26174
+65 19374
-63 38748
+3 9687
+2 19374
+2 16
-6 8
+9 16
+1 40
+5 16
+1 16
+7 8
-1 16
+1 40
+5 16
3165 8
3945 8
+1 20
+5 30
3165 5
-2 5
+4 5
-2 5
3945 5
3163 5
+3 5
+1 5
3946 37
+2 10
+2 10
+27 6800
+62 26970
+1 8934
+20 13026
-1 13026
-1 13026
+1 26052
+1 26052
-2 26050
+12 65130
-1 15432
+4 15432
+1 7716
+2 15432
-3 2084
+1 1042
+2 2084
+1 26274
+2 8758
+1 35032
+2 35032
-10 8758
+12 17516
+1 17516
+2 17516
+11 32844
+29 3757
+1 3757
+4 7514
+29 6024
+8 23463
+1 899
+1 899
-1 899
+4 1798
-4 1648
+1 1648
-1 1648
+4 3296
+5 252
-2 252
+2 756
+1 504
+7 157
-1 628
+2 471
3887 42
+27 42
+66 10122
+2 10122
-2 10122
+2 20244
+2 74
+1 148
+6 74
-4 74
+1 74
+1 74
+2 148
+7 296
-1 148
+1 148
+5 391
+1 40
+2 14
-92 63
1345 21
3919 42
+2 42
+9 29100
4041 14
cfn=(1006)
calls=7 4811 
* 593772
* 7
+93 768
+1 768
-1 768
+1 1536
-14 768
+19 1536
+1 427
1985 2286
4487 157296
1985 74
4020 74
1985 148
4163 1188
+1 1782
+1 594
-1 594
+57 1188
+9 594
-9 1188
+9 594
-9 1782
+1 594
+1 594
+1 594
+1 594
+6 1188
-10 5094
+9 2547
-9 5094
+9 2547
-9 7641
+1 2547
+1 2547
+1 2547
+1 2547
+6 5094
+1 1
+1 2
+7 4
4070 9423
4246 4200
+11 22227
+2 6819
+3 2273
-3 2273
+3 4546
+1 7835
+71 22011
-4 7337
+1 7337
+1 7337
-1 7337
+1 7337
+1 14674
+1 22011
+5 30655
+16 35068
+2 70136
-4 77664
+8 3764
+3 7528
+2 1090
+1 1090
+1 1090
-2 4360
-27 1090
-99 12560
3163 14
+4 14
-4 14
+2 112
+1 28
+1 14
4070 29
+74 2
-45 10830
+2 5001
-1 10002
+27 152
+1 152
+4 304
+29 610
+8 1760
4008 7
+1 7
+1 14
3159 7
4012 7
3167 7
-8 7
+4 7
4013 7
3163 7
+2 28
+1 7
+2 7
-2 7
+1 7
+1 7
4218 2295
-48 2295
+48 6885
4343 16122
+3 21328
-3 14235
+3 18764
-3 13785
+3 18168
-3 9028
4443 4663
+1 9326
+2 9326
+3 13989
+17 32
4070 422
-91 2532
4169 9048
+23 285
+1 190
+6 95
+7 19
-1 76
+2 38
+2 19
+1 57
+2 19
+1 38
-1 76
+1 152
-44 6514
+33 152
-33 11
4343 711
+5 2844
+1 1422
+24 10696
+3 5348
+2 2674
+3 5348
-3 5348
+3 2674
cfn=(974)
calls=2674 1608 
* 83565
+3 10696
+15 5188
-5 2594
+5 5188
+1 5188
+3 2594
+1 2594
+1 2594
+3 5188
+1 478
+1 5188
+2 4300
+3 17200
+2 6450
+1 2150
1985 2150
4421 2150
1985 4300
4415 3552
+2 1332
+1 444
1985 444
4421 444
1985 968
4421 80
1985 160
4387 80
-1 80
+1 160
4070 13
3199 13
-21 13
+4 26
+17 1
-21 1
+4 2
+8 14
-4 56
+4 14
+1 28
4248 14
4105 4849
-1 4849
+3 4849
-1 4849
+1 9698
+1 14547
+1 9698
+2 8484
+4 4242
+6 4242
-6 4242
+7 4242
-7 25452
+2 12726
+5 4242
-4 4242
+4 4242
cfn=(712)
calls=4242 1985 
* 16968
-7 607
+6 607
-6 607
+7 607
-7 3642
+2 1821
+5 607
-4 607
+4 607
cfn=(712)
calls=607 1985 
* 2428
+1 4849
2552 8
+12 8
-12 40
+12 8
+1 3
+3 4
+8 5
cfn=(992) sysmalloc_mmap.isra.0
calls=1 2400 
* 148
* 1
+1 2
4482 2
-22 14205
cfn=(712)
calls=4735 1985 
* 18940
+1 4735
-9 9310
+2 9310
-1 4655
+1 4655
-3 4655
+3 4655
+2 4655
-2 18620
+2 4655
+3 9454
4266 72
+1 72
+2 17
-2 445
+6 144
+2 17
+1 34
+2 17
+1 34
-1 34
+1 17
cfn=(974)
calls=17 1608 
* 561
-1 55
+1 110
-1 110
+1 55
cfn=(974)
calls=55 1608 
* 1815
+3 288
+13 28
-4 14
+4 28
+1 28
+3 14
+1 14
+1 14
+1 28
+2 2
+3 8
+2 3
+1 1
+3 1
-6 104
+2 39
+1 13
+3 13
2553 7
+36 21
+1 7
-1 7
+1 7
+9 64
+6 18
+3 21
2921 21
+1 7
+4 7
+4 35
+5 7
-2 7
+5 7
-3 14
-3 7
+2 7
+1 7
+1 7
-1 21
+1 7
4482 7
2669 21
+8 14
+1 21
+13 7
+2 7
-2 14
+8 35
+8 14
+48 4
+40 3
+19 2
+3 2
+1 6
+2 1
+1 5
cfi=(208)
cfn=(706)
calls=1 25 
* 33
+12 4
-12 1
+12 1
2008 4
3882 1
2873 1
+3 1
-1 1
+1 4
+12 1
-11 1
+11 2
2783 1
-1 2
2017 2
2745 1
+1 1
+6 3
-6 1
+6 3
-6 6
+6 18
-6 6
+6 30
+1 36
-44 21
cfi=(208)
cfn=(706)
calls=7 25 
* 358
+1 14
-1 7
+1 7
2008 7
2711 7
2008 21
2712 7
+3 14
+29 45
4285 58
-1 58
+1 116
+91 3

fn=(972) _int_realloc
4914 11600
+11 5800
+1 7250
+1 5800
+6 2900
+2 2900
+1 4350
+2 5800
+3 2900
+14 549
+53 1098
-53 1098
+57 549
-57 549
+57 1098
-2 1098
+2 32
+1 16
+16 16
+1 144
-1 533
+1 12906
-79 2884
+12 2226
+12 2288
cfn=(704)
calls=572 3846 
* 116511
* 572
+1 1144
+9 572
-6 572
+1 572
+5 1144
+8 572
-1 572
fi=(211)
29 572
fe=(205)
4993 3432
fi=(211)
29 572
cob=(4)
cfi=(176)
cfn=(672)
calls=572 -29 
* 303991
fe=(205)
4997 2288
cfn=(870)
calls=572 4495 
* 61049
+2 572
+22 533
-4 533
+3 533
+5 533
-4 533
-1 533
+1 533
+3 533
+1 1066
cfn=(870)
calls=533 4495 
* 72108
* 533
-60 546
-1 1092
+5 1623
cfn=(974)
calls=541 1608 
* 13179
+44 1082
-48 1082
-13 329
+1 329
-2 658
+4 1316
+2 329
-2 329
+2 329
-2 658
+1 329
-1 658
+4 329
-3 329
+1 329
+2 329

fn=(1018) munmap_chunk
3024 1
+2 1
-1 1
+1 2
+2 1
-3 1
-1 1
+4 1
+3 2
+7 1
-8 1
+9 1
-8 1
+1 1
+6 3
+1 4
+3 1
+1 3
+6 1
-1 2
cfi=(273) ./misc/../sysdeps/unix/syscall-template.S
cfn=(1020) munmap
calls=1 117 
* 6

fn=(702)
3242 4
+9 8
+1 3
cfn=(704)
calls=1 3846 
* 359
+1 2
+8 4
+9 1
fi=(211)
59 2
fe=(205)
3270 1
fi=(211)
59 86
fe=(205)
3274 3

fn=(968) realloc
3407 22363
+6 4066
+4 4066
+7 4066
5238 2033
3433 2033
5239 6099
-1 4066
+2 4064
3489 583
+49 18297
5241 2032
3441 4064
+2 590
+1 1180
+12 4350
fi=(206)
153 4350
fe=(205)
3464 5804
+1 2902
1326 2902
+19 8706
3475 2902
+31 2900
-65 2
+12 2
+55 8700
cfn=(972)
calls=1450 4914 
* 674246
* 1450
+1 7250
fi=(206)
153 5796
fe=(205)
3509 2898
3056 1
+1 1
+6 1
-5 1
-2 1
+7 1
+2 1
+1 3
+1 1
-1 2
+1 5
+4 9
+3 2
+3 6
cfi=(269) ./misc/../sysdeps/unix/sysv/linux/mremap.c
cfn=(998) mremap
calls=1 26 
* 21
+3 3
-3 1
+3 1
2008 6
3085 1
+2 3
+2 2
+1 1
+3 1
-3 3
+3 3
+2 5

fn=(866) free
3359 12920
+4 25840
-4 38481
+14 12827
-14 38481
+12 12827
+4 12827
-4 12827
+4 25654
+17 38478
fi=(206)
153 38478
fe=(205)
3398 38478
cfn=(870)
calls=12826 4495 
* 1394849
+3 12826
+1 76956
-23 3
+2 4
+2 1
+1 1
-1 1
+1 1
+1 1
+3 2
cfn=(1018)
calls=1 3024 
* 36
+13 1
+1 99

fn=(1006)
4811 9
+17 9
-17 45
+28 9
-28 27
+15 9
+2 9
+13 18
+1 18
-1 162
+1 162
+62 270
+1 72
-31 19318
+4 12006
+2 6003
+1 12006
+1 12006
+2 12006
-4 3656
+1 7312
+1 7312
+2 7312
+1 6306
+4 3153
+2 3153
-2 6306
+3 3153
+9 6306
-12 6506
+2 6506
-2 13012
+3 6506
+9 22663
-56 19322
+4 28983
+1 38644
+8 9661
-3 19322
+3 9661
-3 9661
+4 9661
-4 9661
+5 9661
-5 9661
+5 19322
+2 19322
+1 5953
+2 5953
-1 5953
+2 23812
+2 41671
cfn=(974)
calls=5953 1608 
* 127053
* 29765
+3 19322
+25 2
+1 4
+1 4
-23 3656
+1 10968
+16 7312
-16 3656
cfn=(974)
calls=3656 1608 
* 84177
* 14624

fn=(992)
2400 5
+13 3
-13 1
+18 2
+3 9
cfi=(267) ./misc/../sysdeps/unix/sysv/linux/mmap64.c
cfn=(994) mmap
calls=1 47 
* 26
* 1
+3 2
+4 2
2008 4
2432 4
cfi=(268) ./misc/../sysdeps/unix/sysv/linux/setvmaname.c
cfn=(996) __set_vma_name
calls=1 33 
* 59
+16 3
+19 1
-1 1
+5 1
-4 2
+4 2
+1 5
+3 3
+1 5
+5 7

fl=(249) ./dirent/../sysdeps/unix/sysv/linux/opendir.c
fn=(888) opendir
82 9
-49 2
+53 2
cfi=(250) ./io/../sysdeps/unix/sysv/linux/open64_nocancel.c
cfn=(890) __open_nocancel
calls=1 -58 
* 27
* 1
-40 2
+7 3
cfi=(204) ./io/../sysdeps/unix/sysv/linux/fstat64.c
cfn=(688) fstat
calls=1 -23 
* 6
* 2
+2 4
+57 7
+3 2
cob=(4)
cfi=(176)
cfn=(690) 0x00000000049603f0
calls=1 0 
* 179
+1 2
+7 1
+2 1
+2 1
+1 1
+1 1
+1 1
+1 1
-44 8

fl=(308) ./dirent/../sysdeps/unix/sysv/linux/closedir.c
fn=(1162) closedir
31 1
+3 2
-3 4
+13 1
+6 1
cob=(4)
cfi=(176)
cfn=(864) 0x00000000049603e0
calls=1 -50 
* 170
+2 1
+1 2
-1 1
cfi=(246) ./io/../sysdeps/unix/sysv/linux/close_nocancel.c
cfn=(862) __close_nocancel
calls=1 -27 
* 6

fl=(112)
fn=(352)
67 2
-23 4
-1 8
+24 4
-22 6
+3 4
+4 6
+3 8

fl=(313)
fn=(1174)
367 1
51 3
+1 2
367 3
57 2
+8 1
-3 1
-23 1
+1 4
+1 1
+29 1
+2 1
369 2
74 2
+6 4
+4 3
+3 2

fl=(121)
fn=(374)
29 1
fi=(122) ./string/../sysdeps/x86_64/multiarch/ifunc-memcmp.h
+5 5
+1 2
+1 2
+1 3
+3 2
+4 3
+3 4
fe=(121)
-18 2

fl=(92)
fn=(304)
29 1
fi=(93)
+28 3
-1 2
+4 3
+14 2
+3 2
+8 2
+8 2
+3 5
fe=(92)

fl=(268)
fn=(996)
33 7
+2 5
+14 12
-9 4
cob=(4)
cfi=(176)
cfn=(560) 0x0000000004960720
calls=1 -40 
* 26
* 3
+7 1
+1 1

fl=(241) ./stdio-common/./stdio-common/snprintf.c
fn=(840) snprintf
26 1368
+4 114
+1 228
-1 570
+1 114
cfi=(242) ./libio/./libio/vsnprintf.c
cfn=(842) __vsnprintf_internal
calls=114 +62 
* 39184
+4 570

fl=(254) ./string/../sysdeps/x86_64/multiarch/strstr-sse2-unaligned.S
fn=(904) __strstr_sse2_unaligned
22 114
+1 114
+1 114
+1 114
+1 114
+1 114
+1 114
+1 114
+1 114
+1 114
+1 114
+1 114
+1 114
+1 114
+1 114
+1 114
+1 114
+1 114
+1 114
+1 114
+1 114
+1 114
+1 114
+1 114
+1 114
+1 114
+1 114
+1 114
+1 114
+1 114
+1 114
+1 114
+1 114
+1 114
+1 114
+1 114
+1 114
+1 114
+1 114
+1 114
+1 114
+2 122
+1 122
+1 122
+1 122
+1 9
+1 9
+1 9
+1 9
+1 9
+1 6
+1 6
+9 18
+1 18
+1 18
+2 19
+1 19
+1 19
+2 1
+2 113
+1 113
+4 8
+1 8
+1 8

fl=(318) ./posix/../sysdeps/unix/sysv/linux/_exit.c
fn=(1250) _Exit
27 2
+3 2

fl=(189)
fn=(640)
28 1
+2 1
+2 1
cfi=(190) ./setjmp/../sysdeps/x86_64/setjmp.S
cfn=(642) __sigsetjmp
calls=1 -1 
* 35

fl=(235)
fn=(824)
28 13846
+1 13846
+1 13846
+2 13846
+1 13846
+1 13846
+12 13846
+1 13846
+1 13846
+1 13846
+1 13846
+1 13846
+1 13846
+6 13846
+1 13846
+1 13846

fl=(315) ./stdlib/./stdlib/cxa_finalize.c
fn=(1186) __cxa_finalize
30 6
+3 6
-3 24
+3 15
+3 12
+4 21
-4 9
+57 12
+4 18
-4 9
+12 6
cfi=(316) ./posix/./posix/register-atfork.c
cfn=(1188) __unregister_atfork
calls=3 -23 
* 60
+1 12
+1 24

fl=(132)
fn=(410)
33 1
fi=(118) ./string/../sysdeps/x86_64/multiarch/ifunc-strcpy.h
+5 2
+1 1
-1 2
+1 2
+3 2
+4 3
+3 3
fe=(132)
-16 1

fl=(195) ./debug/./debug/printf_chk.c
fn=(656) __printf_chk
25 121
+7 1
-4 2
+4 1
-4 1
+4 1
+1 1
-1 1
-4 1
+5 1
-1 2
+1 2
cfi=(196) ./stdio-common/./stdio-common/vfprintf-internal.c
cfn=(658) __vfprintf_internal
calls=1 1522 
* 6202
-8 30
+7 10
-4 20
+4 10
-4 10
+4 10
+1 10
-1 10
-4 10
+5 10
-1 20
+1 20
cfi=(196)
cfn=(658)
calls=10 1522 
* 7393
+4 55

fl=(203) ./libio/./libio/filedoalloc.c
fn=(684) _IO_file_doallocate
78 33
+6 12
fi=(219) ./libio/./libio/libioP.h
1025 9
+1 6
fe=(203)
84 9
cfi=(201) ./libio/./libio/fileops.c
cfn=(686) _IO_file_stat
calls=3 1147 
* 27
* 6
+2 12
+11 12
+4 6
cob=(4)
cfi=(176)
cfn=(690)
calls=3 0 
* 2151
* 3
+1 6
+2 12
cfi=(202) ./libio/./libio/genops.c
cfn=(716) _IO_setb
calls=3 329 
* 87
+1 3
+1 27

fl=(123)
fn=(378)
31 2
fi=(124) ./wcsmbs/../sysdeps/x86_64/multiarch/ifunc-wmemset.h
+5 10
+1 6
fe=(123)
-6 2

fl=(86)
fn=(290)
79 2
-31 4
+1 2
-2 8
+2 4
+3 4
+4 6
+3 6
+20 2

fl=(120)
fn=(370)
31 1
fi=(84)
+9 3
-2 4
fe=(120)
-7 2
fi=(84)
+10 2
+1 3
+3 2
+4 3
+3 5
fe=(120)

fl=(200) ./string/../sysdeps/x86_64/multiarch/memmove-vec-unaligned-erms.S
fn=(674) __memcpy_avx_unaligned_erms
255 7253
+1 7253
+6 7253
+1 7253
+2 6607
+1 6607
+1 6607
+3 4553
+1 4553
+1 4553
+3 9106
+30 646
+1 646
+2 589
+1 589
+2 137
+4 137
+1 25
+1 25
+1 25
+1 25
+1 12
+1 12
+2 12
+2 12
-2 13
+2 13
+6 112
+1 112
+1 112
+1 112
+1 112
+7 57
+1 57
+1 57
+1 57
+2 57
+17 452
+1 452
+1 452
+1 452
+1 452
+7 136
+1 136
+1 136
+1 136
+1 136
+1 136
+1 272
+5 2054
+1 2054
+5 2037
+1 2037
+2 278
+1 278
+1 278
+2 142
+1 142
+1 142
+1 142
+1 142
+1 142
+1 142
+1 142
+1 142
+1 142
+1 142
+1 142
+1 142
+1 142
+1 284
+4 1759
+1 1759
+4 1759
+2 1759
+4 1759
+1 1759
+11 1759
+3 1759
+2 1759
+2 1759
+4 1759
+1 1759
+9 1698
+1 1698
+2 1698
+2 1698
+1 1698
+1 1698
+3 1698
+2 1698
+2 1698
+2 3396
+6 1698
+1 1698
+1 1698
+1 1698
+1 1698
+1 1698
+1 1698
+1 1698
+1 1698
+1 1698
+1 1698
+1 1698
-11 35271
+1 35271
+1 35271
+1 35271
+1 35271
+1 35271
+1 35271
+1 35271
+1 35271
+1 35271
+1 35271
+1 35271
+2 1698
+1 1698
+1 1698
+1 1698
+2 1698
+4 3396
+13 61
+1 61
+2 61
+1 61
+1 61
+2 61
+2 61
+2 122
+6 61
+1 61
+1 61
+1 61
+1 61
+1 61
+1 61
+1 61
+1 61
+1 61
+1 61
+1 61
-11 1162
+1 1162
+1 1162
+1 1162
+1 1162
+1 1162
+1 1162
+1 1162
+1 1162
+1 1162
+1 1162
+1 1162
+2 61
+1 61
+1 61
+1 61
+2 61
+1 122
+9 17
+7 17
+1 17
+6 1
+3 1
+2 1
+3 1
+1 1
+2 1
+2 32761
+2 1
+2 1
+2 2
+5 17
+1 17
+4 17
+2 17
+3 17
+4 17
+1 17
+4 17
+4 17
+24 16
+2 16
+2 16
+2 16
+3 16
+1 16
+2 259544
+3 16
+2 16
+2 32

fn=(724) __mempcpy_avx_unaligned_erms
242 1
+1 1
+1 1
+1 1
+17 1
+1 1
+2 1
+1 1
+1 1
+3 1
+1 1
+1 1
+3 2

fn=(812) __memcpy_chk_avx_unaligned_erms
249 6871
+1 6871
+1 34355
+4 6871
+1 6871
+6 6871
+1 6871
+2 4
+1 4
+1 4
+38 6867
+1 6867
+2 6867
+1 6867
+55 6867
+1 6867
+1 6867
+1 6867
+1 6867
+18 4
+1 4
+5 1
+1 1
+24 1
+1 1
+4 1
+2 1
+4 1
+1 1
+11 1
+3 1
+2 1
+2 1
+4 1
+1 1
+9 1
+1 1
+2 1
+2 1
+1 1
+1 1
+3 1
+2 1
+2 1
+2 2
+6 1
+1 1
+1 1
+1 1
+1 1
+1 1
+1 1
+1 1
+1 1
+1 1
+1 1
+1 1
-11 23
+1 23
+1 23
+1 23
+1 23
+1 23
+1 23
+1 23
+1 23
+1 23
+1 23
+1 23
+2 1
+1 1
+1 1
+1 1
+2 1
+4 2
+58 3
+7 3
+1 3
+6 2
+3 2
+2 2
+3 2
+1 2
+2 2
+2 33826
+2 2
+2 2
+2 4
+5 3
+1 3
+4 3
+2 3
+3 3
+4 3
+1 3
+4 3
+4 3
+24 1
+2 1
+2 1
+2 1
+3 1
+1 1
+2 16945
+3 1
+2 1
+2 2

fl=(232)
fn=(816)
48 36074
+6 4244
+12 4244
+76 23342
-71 2122
+1 4244
+69 2122
-60 4244
cfi=(233) ./stdlib/../sysdeps/x86_64/mul_1.S
cfn=(818) __mpn_mul_1
calls=2122 -50 
* 44634
* 4244
+2 2122
+1 2122
+4 4244

fl=(267)
fn=(994)
47 1
+3 2
-3 6
+6 2
+5 6
+2 4
-7 5

fl=(224) ./libio/./libio/strops.c
fn=(790) _IO_str_init_static_internal
36 1140
+4 228
+1 228
cob=(4)
cfi=(176)
cfn=(792)
calls=114 -41 
* 2728
* 114
+5 570
cfi=(202)
cfn=(716)
calls=114 329 
* 3306
+5 342
-3 114
+1 114
+1 114
+3 114
+1 114
+1 114
+9 114
+1 684
-14 456

fl=(252) ./dirent/../sysdeps/unix/sysv/linux/getdents64.c
fn=(896) __getdents
27 2
+3 6
+2 8
+1 2

fl=(106)
fn=(336)
28 1
fi=(84)
+12 3
-2 4
fe=(106)
-10 2
fi=(84)
+13 2
+1 3
+3 2
+4 3
+3 5
fe=(106)

fl=(133)
fn=(414)
29 1
fi=(99) ./string/../sysdeps/x86_64/multiarch/ifunc-memmove.h
+28 3
-1 2
+4 3
+14 2
+3 2
+8 2
+8 2
+3 5
fe=(133)

fl=(206)
fn=(696)
262 1
fi=(207) ./malloc/../sysdeps/unix/sysv/linux/not-cancel.h
97 3
fe=(206)
262 7
+5 1
fi=(207)
97 3
fi=(205)
3143 2
fe=(206)
292 2
+4 3
fi=(205)
1946 4
+3 1
-3 1
+3 2
-3 2
+3 126
-3 126
+3 252
-3 252
+11 1
fe=(206)
300 3
fi=(205)
1958 1
+2 1
fe=(206)
300 1
cob=(4)
cfi=(176)
cfn=(560)
calls=1 0 
* 25
+1 4
cob=(4)
cfi=(176)
cfn=(560)
calls=1 0 
* 26
+1 4
cob=(4)
cfi=(176)
cfn=(560)
calls=1 0 
* 25
+1 4
cob=(4)
cfi=(176)
cfn=(560)
calls=1 0 
* 25
+1 4
cob=(4)
cfi=(176)
cfn=(560)
calls=1 0 
* 26
+1 4
cob=(4)
cfi=(176)
cfn=(560)
calls=1 0 
* 25
+1 4
cob=(4)
cfi=(176)
cfn=(560)
calls=1 0 
* 25
+2 4
cob=(4)
cfi=(176)
cfn=(560)
calls=1 0 
* 25
+1 4
cob=(4)
cfi=(176)
cfn=(560)
calls=1 0 
* 25
+1 4
cob=(4)
cfi=(176)
cfn=(560)
calls=1 0 
* 25
+3 4
cob=(4)
cfi=(176)
cfn=(560)
calls=1 0 
* 25
+1 4
cob=(4)
cfi=(176)
cfn=(560)
calls=1 0 
* 25
+2 2
+10 8

fl=(94)
fn=(308)
29 2
fi=(93)
+28 6
-1 4
+4 6
+14 4
+3 4
+8 4
+8 4
+3 10
fe=(94)

fl=(228) ./malloc/./malloc/scratch_buffer_set_array_size.c
fn=(800) __libc_scratch_buffer_set_array_size
30 2964
+4 228
+1 456
+10 456
+1 228
+17 1368

fl=(100)
fn=(324)
31 2
fi=(101) ./wcsmbs/../sysdeps/x86_64/multiarch/ifunc-avx2.h
+9 6
-2 8
fi=(102) ./wcsmbs/../sysdeps/x86_64/multiarch/wcschr.c
-7 4
fi=(101)
+10 4
+1 6
+3 4
+4 6
+3 10
fe=(100)

fn=(390)
31 1
fi=(97) ./wcsmbs/../sysdeps/x86_64/multiarch/ifunc-wcs.h
+9 3
-1 4
+2 3
+3 2
+4 4
fe=(100)
-17 1

fl=(242)
fn=(842)
93 595
fi=(327) ./libio/../include/printf_buffer.h
+31 119
fe=(242)
-31 238
fi=(327)
+31 119
fe=(242)
-31 714
fi=(327)
+44 119
-13 119
+13 119
-10 119
+1 119
fe=(242)
-65 238
+3 119
+30 357
cfi=(196)
cfn=(664) __printf_buffer
calls=119 600 
* 37636
-21 357
+1 119
+11 238
cfi=(212) ./stdio-common/./stdio-common/Xprintf_buffer_done.c
cfn=(726) __printf_buffer_done
calls=119 -62 
* 2261
+11 714

fl=(312)
fn=(1172)
77 1
+3 3
+2 1
+2 2
-7 4
+11 2
+91 1
+3 1
+2 1
+3 1
-63 1
+66 3
-93 2
+11 4
+4 1
+3 2
-71 1
+1 7
+1 1
+84 3
+1 2

fl=(197) ./stdio-common/./stdio-common/printf_buffer_to_file.c
fn=(660) __printf_buffer_to_file_init
108 11
+1 11
fi=(248) ./stdio-common/../include/printf_buffer.h
+18 11
fe=(197)
-18 11
fi=(248)
+28 11
-9 11
+9 11
-13 11
fe=(197)
-13 11
fi=(248)
+13 11
fe=(197)
-12 11
cfn=(662) __printf_buffer_to_file_switch
calls=11 -83 
* 123

fn=(662)
29 12
+1 60
+10 1
+1 1
+3 4
+1 1
-1 44
+1 11

fn=(676) __printf_buffer_to_file_done
117 11
+1 33
-1 11
-64 11
+64 66
-66 44
+2 33
+15 30
+18 30
+3 10
+2 20
+12 10
+19 10
-1 10
+1 40
-1 10
cfi=(212)
cfn=(726)
calls=10 -96 
* 190
+1 1
-1 1
+1 4
-1 1
cfi=(212)
cfn=(726)
calls=1 -96 
* 19
-56 2
cfn=(662)
calls=1 -36 
* 11
+1 1
-8 1
+1 1
fi=(328) ./stdio-common/../libio/libioP.h
1025 1
fe=(197)
58 1
+1 1
-1 1
fi=(328)
1025 2
+1 2
fe=(197)
59 2
cfi=(201)
cfn=(678) _IO_file_xsputn@@GLIBC_2.2.5
calls=1 1198 
* 2107
* 2

fl=(307) ./stdio-common/./stdio-common/Xprintf_buffer_pad_1.c
fn=(1150) __printf_buffer_pad_1
24 1
+1 3
-1 7
+15 1
-15 1
+9 2
+3 1
fi=(229)
+23 1
fe=(307)
-22 2
fi=(229)
+22 2
cob=(4)
cfi=(176)
cfn=(918)
calls=1 -59 
* 15
fe=(307)
-19 3
+3 2
-10 3
+11 6

fl=(202)
fn=(738) _IO_link_in
87 28
+1 20
+18 36
-16 2
+2 6
-2 2
+2 8
cfi=(214) ./nptl/./nptl/libc-cleanup.c
cfn=(740) __libc_cleanup_push_defer
calls=2 -68 
* 26
+1 14
+10 4
cfi=(214)
cfn=(742) __libc_cleanup_pop_restore
calls=2 -49 
* 18
+3 2
-11 10
+2 2
-2 2
+3 2
-3 2
+2 2
+3 8
+2 2
-2 2
+1 2
+1 10
-9 4
+1 2
+1 4

fn=(804) _IO_sputbackc
635 4788
+3 2052
+1 1368
+9 684
+3 3420
-10 1368
+1 684
+5 684

fn=(852) _IO_un_link
53 4
+1 8
+28 4
cfn=(854) __GI__IO_un_link.part.0
calls=2 -30 
* 200

fn=(854)
52 8
+6 2
-6 4
+6 2
-6 8
+6 8
cfi=(214)
cfn=(740)
calls=2 -34 
* 26
+1 14
+2 2
-1 2
+1 20
+4 4
+9 4
+2 12
+3 4
cfi=(214)
cfn=(742)
calls=2 -25 
* 18
+3 18
-19 2
-2 4
+2 4
+13 6
+2 2
-2 2
+1 2
+1 10
-12 6
-7 6

fn=(682) _IO_doallocbuf
343 3
+1 6
-1 21
+3 9
+1 3
fi=(219)
1025 9
+1 6
fe=(202)
347 6
cfi=(203)
cfn=(684)
calls=3 78 
* 2421
* 6
+3 18

fn=(734) _IO_old_init
531 116
+3 116
-2 116
+2 116
+5 116
-7 116
+2 116
+10 116
-10 116
+16 116
-11 116
-5 116
+16 116
-16 116
+21 116
-16 580
+16 232
+1 4
+2 116

fn=(764) __uflow
299 360
+1 72
-1 72
+1 144
+5 216
+3 72
173 72
308 144
+2 144
+6 144
+7 72
fi=(219)
1025 216
+1 144
fe=(202)
323 144
+1 216
-1 72
cfn=(766) _IO_default_uflow
calls=72 +38 
* 9240
-23 144
+21 216

fn=(858) _IO_unsave_markers
937 12
+2 4
+5 6
+2 6

fn=(1242) _IO_flush_all
686 5
+5 1
-5 1
+5 1
-5 6
+5 4
cfi=(214)
cfn=(740)
calls=1 24 
* 13
+1 6
-5 1
fi=(219)
1025 2
fe=(202)
705 1
fi=(219)
1025 2
+1 2
fe=(202)
705 3
cfi=(201)
cfn=(680) _IO_file_overflow@@GLIBC_2.2.5
calls=1 +27 
* 135
+1 3
+2 33
+1 3
-14 9
+2 3
+1 27
+2 20
+13 7
+1 2
cfi=(214)
cfn=(742)
calls=1 54 
* 9
+4 12
-20 9
-6 2
-5 2
+8 1
-3 1
+3 2

fn=(1240) _IO_cleanup
842 6
-66 1
+66 6
+1 1
cfn=(1242)
calls=1 686 
* 328
-67 2
+67 1
-67 3
cfi=(214)
cfn=(740)
calls=1 24 
* 13
+1 6
fi=(219)
1025 1
fe=(202)
785 1
-1 1
+1 4
-1 2
+1 25
+9 6
+2 4
+4 1
-2 1
+3 1
-3 1
+2 2
+5 1
fi=(219)
1025 2
+1 2
fe=(202)
805 4
cfi=(201)
cfn=(1246) _IO_file_setbuf@@GLIBC_2.2.5
calls=1 382 
* 87
+2 3
+9 1
-2 1
+2 2
-2 1
+2 2
+1 3
-37 9
+41 7
+1 2
cfi=(214)
cfn=(742)
calls=1 54 
* 9
+33 12
-78 2
+39 24
-2 1
+2 1
-31 6
+7 7
-15 1
+3 2
-3 1
+3 2

fn=(1248) _IO_default_setbuf
452 8
fi=(219)
1025 1
fe=(202)
452 1
+1 1
-1 1
fi=(219)
1025 2
+1 2
fe=(202)
453 2
cfi=(201)
cfn=(1042) _IO_file_sync@@GLIBC_2.2.5
calls=1 793 
* 21
* 2
+4 1
330 1
462 1
-7 2
332 1
466 1
337 1
-4 1
+4 1
467 1
-1 3
+2 6
-11 1
+1 2
-1 1
330 4

fn=(720) _IO_default_xsputn
371 11
+3 4
fi=(219)
1025 1
fe=(202)
373 2
+24 1
+2 2
-20 4
+2 1
+1 2
+2 2
+2 2
+1 1
-1 1
cob=(4)
cfi=(176)
cfn=(722) 0x0000000004960430
calls=1 0 
* 16
* 1
+1 1
-12 1
+29 8

fn=(766)
361 144
fi=(219)
1025 72
fe=(202)
361 216
+1 72
-1 72
fi=(219)
1025 144
+1 144
fe=(202)
362 144
cfi=(201)
cfn=(768) _IO_file_underflow@@GLIBC_2.2.5
calls=72 462 
* 7520
+1 144
+2 280
+1 288

fn=(716)
329 1309
+1 480
+5 238
-3 119
+3 238
-2 119
+2 238
+3 714
-7 2
cob=(4)
cfi=(176)
cfn=(864)
calls=2 0 
* 336
+4 4

fn=(732) _IO_no_init
563 1276
+1 116
cfn=(734)
calls=116 -33 
* 2672
+1 116
+1 232
+2 2
+4 2
+7 2
+2 2
-9 10
+15 2
+1 12
-1 114
+1 684
-2 228

fn=(772) _IO_switch_to_get_mode
164 432
+1 216
+3 216
+4 144
+1 144
+7 72
-4 72
+4 72
-2 144
+3 72
+1 288

fn=(880) _IO_default_finish
601 12
+2 6
+6 6
+3 6
54 4
624 6

fl=(191) ./setjmp/./setjmp/sigjmp.c
fn=(644) __sigjmp_save
28 6
+2 2
-1 1
+5 4

fl=(107)
fn=(340)
30 1
fi=(101)
+10 3
-2 4
fe=(107)
-8 2
fi=(101)
+11 2
+1 3
+3 2
+4 3
+3 5
fe=(107)

fl=(95)
fn=(312)
29 1
fi=(84)
+11 3
-2 4
fe=(95)
-9 2
fi=(84)
+12 2
+1 3
+3 2
+4 3
+3 5
fe=(95)

fl=(213) ./libio/./libio/iofopen.c
fn=(730) fopen@@GLIBC_2.2.5
85 14
-20 2
+20 4
-20 2
cob=(4)
cfi=(176)
cfn=(690)
calls=2 -65 
* 236
+2 6
+3 2
+2 4
-2 2
+2 10
cfi=(202)
cfn=(732)
calls=2 563 
* 112
+1 2
+1 2
-1 2
+1 2
cfi=(201)
cfn=(736) _IO_new_file_init_internal
calls=2 +32 
* 204
+1 10
cfi=(201)
cfn=(744) _IO_file_fopen@@GLIBC_2.2.5
calls=2 213 
* 430
* 4
-38 4
+50 14

fl=(125)
fn=(382)
29 1
fi=(118)
+9 2
+1 1
-1 2
+1 2
+3 2
+4 3
+3 3
fe=(125)
-20 1

fl=(204)
fn=(688)
30 4
+9 16
+33 4

fl=(190)
fn=(642)
31 1
+2 1
+9 1
+1 2
+1 1
+4 1
+1 1
+1 1
+1 1
+1 1
+2 2
+2 1
+1 1
+1 1
+2 2
+2 1
+5 1
+1 1
+17 1
cfi=(191)
cfn=(644)
calls=1 -57 
* 13

fl=(186)
fn=(618)
242 13
+69 3
+1 3
cfi=(187)
cfn=(620)
calls=1 67 
* 72
+25 6
+6 2
-3 2
+10 2
cob=(4)
cfi=(176)
cfn=(634) 0x00000000049607b0
calls=1 0 
* 7
+2 2
+8 4
cfi=(188)
cfn=(638)
calls=1 29 
* 356942778
128 2
+6 3
+1 6
cob=(4)
cfi=(176)
cfn=(624) 0x0000000000109000
calls=1 0 
* 7
* 1
+3 1
+1 2
+3 2
+1 2
-1 1
+2 7
+1 4
cob=(6)
cfi=(185)
cfn=(628)
calls=1 0 
* 12
-1 4

fl=(175) ./nptl/./nptl/pthread_mutex_conf.c
fn=(558) __pthread_tunables_init
55 2
+1 2
-1 2
+1 2
-1 4
+1 1
cob=(4)
cfi=(176)
cfn=(560)
calls=1 -56 
* 26
+2 4
cob=(4)
cfi=(176)
cfn=(560)
calls=1 -58 
* 25
+2 4
cob=(4)
cfi=(176)
cfn=(560)
calls=1 -60 
* 26
+2 6

fl=(116)
fn=(360)
60 1
-17 2
-1 4
+2 3
+2 2
+4 3
+10 1

fl=(136)
fn=(422)
29 1
fi=(329) ./string/../sysdeps/x86_64/multiarch/ifunc-sse4_2.h
+7 5
fe=(136)
-7 1

fl=(217) ./libio/./libio/iofgets.c
fn=(758) fgets
32 34223
+5 19556
+2 9778
+8 44001
+4 4889
+1 4889
+1 9778
-1 4889
+1 19556
-2 4889
+2 4889
cfi=(218) ./libio/./libio/iogetline.c
cfn=(760) _IO_getline
calls=4889 -20 
* 585597
+3 4889
+1 4889
-1 9778
+7 4
fi=(219)
979 4
+1 39112
fe=(217)
66 34223
-10 9774
+4 4887
+3 4887
-2 4887
+2 9774
fi=(219)
979 14661
fe=(217)
47 24445

fl=(245) ./libio/./libio/iofclose.c
fn=(850) fclose@@GLIBC_2.2.5
34 16
+14 6
+9 2
fi=(219)
1025 6
+1 4
fe=(245)
57 6
cfi=(201)
cfn=(878) _IO_file_finish@@GLIBC_2.2.5
calls=2 168 
* 68
+1 6
+13 4
fi=(219)
951 8
+1 8
+6 4
cob=(4)
cfi=(176)
cfn=(864)
calls=2 0 
* 174
fe=(245)
76 14
-27 2
cfi=(202)
cfn=(852)
calls=2 +4 
* 208
+2 16
+1 4
+1 4
cfi=(201)
cfn=(856) _IO_file_close_it@@GLIBC_2.2.5
calls=2 +75 
* 570
fi=(219)
979 2
fe=(245)
53 2
fi=(219)
979 6
+1 18
fe=(245)
51 10

fl=(255) ./debug/./debug/snprintf_chk.c
fn=(908) __snprintf_chk
27 12
+1 2
+9 1
+1 1
-1 4
-4 2
+4 1
-4 1
+5 2
cfi=(242)
cfn=(842)
calls=1 +55 
* 561
+4 5

fl=(301) ./stdlib/../sysdeps/x86_64/rshift.S
fn=(1134) __mpn_rshift
28 6
+1 6
+1 6
+1 6
+13 6
+1 6
+16 6
+1 6
+1 6
+1 6
+1 6
+1 6
+1 6
+5 6
+1 6
+1 6
+1 6
+1 6

fl=(250)
fn=(890)
28 2
+3 1
-3 6
+3 6
+8 7
+2 5

fl=(87)
fn=(292)
30 1
fi=(88) ./wcsmbs/../sysdeps/x86_64/multiarch/ifunc-wcslen.h
+11 2
-1 4
+2 3
+3 2
+4 3
+3 3
fe=(87)
-22 1

fl=(279) ./libio/./libio/iofflush.c
fn=(1040) fflush
32 4
+1 8
-1 20
+7 8
+1 4
fi=(219)
1025 12
+1 8
fe=(279)
40 8
cfi=(201)
cfn=(1042)
calls=4 793 
* 540
* 8
fi=(219)
979 8
+1 32
fe=(279)
44 20
-5 40

fl=(98)
fn=(320)
29 2
fi=(99)
+28 6
-1 4
+4 6
+14 4
+3 4
+8 4
+8 4
+3 10
fe=(98)

fl=(163)
fn=(522)
64 1
-13 4
+7 4
+6 1

fl=(172) ./ctype/./ctype/ctype-info.c
fn=(552) __ctype_init
29 1
+2 7
+2 4
+2 4
+1 1

fl=(246)
fn=(862)
25 3
+1 12
+1 3

fl=(96)
fn=(316)
31 1
fi=(97)
+9 3
-1 4
+2 3
+3 2
+4 4
fe=(96)
-17 1

fl=(127)
fn=(394)
29 2
fi=(84)
+11 6
-2 8
fe=(127)
-9 4
fi=(84)
+12 4
+1 6
+3 4
+4 6
+3 10
fe=(127)

fl=(182) ./string/../sysdeps/x86_64/multiarch/strrchr-avx2.S
fn=(600) __strrchr_avx2
53 1
+1 1
+1 1
+2 1
+1 1
+4 1
+1 1
+1 1
+3 1
+2 1
+1 1
+1 1
+1 1
+25 1
+1 1
+1 1
+1 1
+1 1
+4 1
+1 1
+1 1
+1 1
+1 1
+1 1
+5 2
+41 1
+3 1
+1 1
+1 1
+1 1
+1 1
+1 1

fl=(265) ./ctype/../include/ctype.h
fn=(946) __ctype_b_loc
40 31733
+1 63466
+1 31733

fl=(183)
fn=(602)
545 1
+1 4
+1 3
+1 3
+2 1

fl=(239)
fn=(834)
29 8941
+10 8941
-6 8941
+7 89410
+6 8941
+1 17882

fl=(297) ./stdio-common/./stdio-common/printf_fp.c
fn=(1140) hack_digit
88 56
+3 14
-3 14
+3 28
+2 14
+2 28
-2 28
+8 24
+21 36
cfi=(233)
cfn=(818)
calls=12 -91 
* 252
+1 24
+1 60
+4 60
-23 72
cfi=(304) ./stdlib/./stdlib/divrem.c
cfn=(1142) __mpn_divrem
calls=12 -59 
* 564
+2 12
-2 12
+2 36
+3 12
-2 12
+2 12
+1 72
+11 12
-4 24
-23 2
+1 6
-1 2
+1 2
cfi=(233)
cfn=(818)
calls=2 -65 
* 42
+31 2
-31 2
+32 10

fn=(1126) __printf_fp_buffer_1.isra.0
138 72
+21 4
+18 4
+10 4
-28 28
+62 8
1030 44
226 12
+4 28
+36 4
+5 4
-49 4
+44 16
+1 4
+1 8
+3 52
+1 4
-1 4
+1 12
-1 4
+1 8
-1 4
+1 32
+1 4
-1 8
+1 52
+6 4
-6 8
+7 8
+17 3
+4 12
-4 6
+16 6
+11 3
-41 3
+10 3
+31 3
-30 21
+33 9
+41 3
+1 3
-1 3
+1 9
fi=(229)
29 3
cob=(4)
cfi=(176)
cfn=(672)
calls=3 -29 
* 39
fe=(297)
385 30
+18 3
-9 3
+2 6
-2 30
+2 60
-74 72
-4 36
+4 147
-4 3
+4 12
+15 9
-13 18
+53 6
-2 36
cfi=(232)
cfn=(816)
calls=6 48 
* 462
+5 12
+1 12
fi=(229)
29 12
fe=(297)
388 12
fi=(229)
29 6
cob=(4)
cfi=(176)
cfn=(672)
calls=6 -29 
* 78
fe=(297)
389 18
+1 18
+1 6
+3 6
-4 6
-1 6
+1 6
+1 18
+5 12
+1 6
+6 6
+4 3
+4 3
-4 3
+4 9
-4 30
+6 6
665 4
+9 4
-9 4
+9 4
+6 4
-15 4
+9 8
+6 4
-6 8
+2 8
+10 4
+52 4
+8 8
fi=(303) ./stdio-common/../sysdeps/pthread/allocalim.h
27 4
fe=(297)
746 4
fi=(303)
27 4
cfi=(302) ./nptl/./nptl/alloca_cutoff.c
cfn=(1136) __libc_alloca_cutoff
calls=4 * 
* 44
+2 8
fe=(297)
759 56
fi=(303)
29 4
fe=(297)
759 12
+4 4
-3 8
+3 8
+3 12
+7 24
+2 8
-4 4
+4 4
+14 8
-2 4
+1 20
+1 4
+1 8
-1 21
+1 50
91 21
792 21
+2 21
91 42
+2 21
+2 42
-2 42
+8 36
+4 108
cfi=(304)
cfn=(1142)
calls=18 -59 
* 836
+2 18
+4 18
-6 18
+2 54
+1 18
+2 36
+1 72
+7 18
+4 54
cfi=(233)
cfn=(818)
calls=18 -91 
* 378
+1 36
+1 85
793 17
+1 34
-1 4
+1 8
+1 42
230 24
cfi=(299)
cfn=(1128)
calls=4 33 
* 88
* 16
+4 4
382 18
796 3
95 3
+1 9
-1 6
+1 3
cfi=(233)
cfn=(818)
calls=3 -65 
* 63
* 3
+31 9
805 20
+1 12
cfn=(1140)
calls=4 88 
* 410
+2 8
-2 4
+2 20
+2 6
+3 4
-4 2
fi=(305) ./stdio-common/../sysdeps/generic/get-rounding-mode.h
94 2
+1 8
-1 2
+1 20
fi=(306) ./stdio-common/../include/rounding-mode.h
-37 4
fe=(297)
935 2
-11 6
+7 4
+4 8
+2 6
+19 2
+1 12
+4 6
+14 6
+5 20
+3 8
+8 8
-4 4
+4 4
+5 8
-9 16
+9 16
fi=(248)
163 12
fe=(297)
999 16
+2 12
+5 8
fi=(248)
163 12
fe=(297)
1009 12
+13 16
cfi=(199)
cfn=(670)
calls=4 27 
* 214
+2 12
+4 12
483 2
655 3
+4 2
cfi=(235)
cfn=(824)
calls=1 28 
* 16
* 1
+1 5
+1 2
385 27
cfi=(300) ./stdlib/./stdlib/cmp.c
cfn=(1130) __mpn_cmp
calls=9 31 
* 108
* 18
+3 12
fi=(306)
52 12
fe=(297)
835 2
-5 4
+5 8
+5 6
+2 4
+2 4
+80 6
-69 4
+80 2
-11 6
766 12
-88 2
+2 4
+1 2
-1 2
+1 4
+57 2
-7 10
966 4
+9 4
688 4
+1 4
+3 6
+2 2
+2 4
+42 4
994 16
+2 8
308 3
-2 3
+2 3
-3 3
+3 12
-3 6
cfi=(235)
cfn=(824)
calls=3 28 
* 48
+4 6
-4 3
+4 21
+1 6
+1 23
766 12
+3 8
cfn=(1140)
calls=4 88 
* 410
* 12
cfn=(1140)
calls=6 88 
* 726
* 10
-3 34
1003 8
439 6
+3 24
+16 9
+2 3
-2 3
cfi=(301)
cfn=(1134)
calls=3 28 
* 54
+3 6
-1 3
+1 3
-1 3
+1 9
cfi=(301)
cfn=(1134)
calls=3 28 
* 54
+2 18
+14 6
694 16
834 4

fn=(1122) __printf_fp_l_buffer
1099 48
+3 4
-3 28
+3 8
+13 8
+2 4
-2 4
cob=(4)
cfi=(176)
cfn=(792)
calls=4 0 
* 64
* 8
+1 20
+31 44
-30 8
fi=(298) ./stdio-common/../include/../locale/localeinfo.h
331 8
fe=(297)
1111 4
fi=(298)
331 4
fe=(297)
1112 8
+10 28
cfn=(1126)
calls=4 138 
* 7454
+4 4

fl=(251) ./dirent/../sysdeps/unix/sysv/linux/readdir64.c
fn=(894) readdir
32 234
+5 234
-5 585
+5 117
-5 351
+2 234
+3 234
+3 117
+27 117
-27 234
+7 10
cfi=(252)
cfn=(896)
calls=2 -20 
* 18
+1 4
+13 2
+7 3
+1 2
+3 4
-4 345
+1 230
+3 460
+4 1053
-22 1
+1 1
+2 4
+2 2

fl=(108)
fn=(344)
31 1
fi=(109) ./string/../sysdeps/x86_64/multiarch/ifunc-strncpy.h
+4 5
+1 3
+3 2
+4 3
+3 4
fe=(108)
-15 1

fl=(230) ./stdlib/./stdlib/strtod.c
fn=(806) __strtod_internal
68 228
+1 684
cfi=(231)
cfn=(808)
calls=228 508 
* 203371

fn=(986) strtod
81 8713
+1 34852
cfi=(231)
cfn=(808)
calls=8713 508 
* 4587863

fl=(221) ./string/../sysdeps/x86_64/multiarch/memchr-avx2.S
fn=(780) __memchr_avx2
61 4953
+7 4953
+2 4953
+3 4953
+1 4953
+2 4953
+1 4953
+1 4953
+1 4953
+3 4919
+1 4919
+3 4919
+1 4919
+2 4879
+1 4879
+1 440
+1 440
+2 880
+7 40
+5 40
+7 40
+1 40
+1 3
+1 3
+5 640
+1 640
+1 640
+1 1280
+4 37
+1 37
+4 3706
+1 3706
+1 3706
+1 7412
+25 4471
+1 4471
+1 4471
+2 4471
+10 4471
+1 4471
+3 4471
+1 4471
+2 4346
+1 4346
+2 3706
+1 3706
+1 3706
+1 3706
+69 125
+1 125
+3 107
+1 107
+4 46
+1 46
+3 29
+1 29
+1 29
+1 29
+1 29
+1 17
+1 17
+2 68
+32 18
+2 18
+2 18
+1 18
+1 18
+1 18
+1 36
+3 12
+1 24
+16 61
+4 61
+2 61
+1 122
+21 61
+1 61
+1 61
+1 61
+43 34
+3 34
+1 34
+1 34
+3 34
+1 34
+7 34
+3 34
+1 34
+2 34
+1 34
+1 2
+1 2
+1 4

fl=(269)
fn=(998)
26 9
+4 3
+7 4
+2 5

fl=(117)
fn=(362)
29 1
fi=(118)
+9 2
+1 1
-1 2
+1 2
+3 2
+4 3
+3 3
fe=(117)
-20 1

fl=(212)
fn=(726)
25 130
+1 390
+5 260
+2 1560
+7 130

fl=(278) ./debug/./debug/vsnprintf_chk.c
fn=(1034) __vsnprintf_chk
26 4
+1 16
+5 16
+2 8
cfi=(242)
cfn=(842)
calls=4 +59 
* 4674

fl=(300)
fn=(1130)
31 9
+4 18
+2 9
+1 9
+1 18
+8 45

fl=(139)
fn=(432)
31 1
fi=(114)
+6 2
-1 4
fe=(139)
-5 2
fi=(114)
+7 3
+3 2
+4 3
+3 4
fe=(139)

fl=(309)
fn=(1164)
137 2
+1 3
-1 1
+1 1
cfn=(1166) __run_exit_handlers
calls=1 38 
* 1943

fn=(1166)
38 12
+2 2
+3 5
+11 2
+2 2
+38 2
-30 6
+2 1
+1 1
-1 1
+3 7
+44 3
+13 1
-66 1
+66 3
+2 2
+3 2
cfi=(318)
cfn=(1250)
calls=1 27 
* 4
-29 1
+1 1
-2 1
+3 1
+3 1
-3 2
+3 3
+1 3
cob=(1)
cfi=(311)
cfn=(1170)
calls=1 -82 
* 1235
+1 4
+10 3
+1 2
-79 1
cfi=(310) ./stdlib/./stdlib/cxa_thread_atexit_impl.c
cfn=(1168) __call_tls_dtors
calls=1 148 
* 13
* 1
+88 1
cfi=(202)
cfn=(1240)
calls=1 842 
* 612
* 1

fl=(110)
fn=(348)
31 2
fi=(111) ./wcsmbs/../sysdeps/x86_64/multiarch/ifunc-evex.h
+7 6
-1 8
+2 6
+6 4
-3 4
+9 6
+3 8
fe=(110)
-23 2

fl=(177) ./nptl/../sysdeps/unix/sysv/linux/x86/elision-conf.c
fn=(562) __lll_elision_init
92 2
+4 1
-4 2
+4 2
-4 1
+4 1
-4 3
+4 1
cob=(4)
cfi=(176)
cfn=(560)
calls=1 -96 
* 26
+2 4
cob=(4)
cfi=(176)
cfn=(560)
calls=1 -98 
* 26
+2 4
cob=(4)
cfi=(176)
cfn=(560)
calls=1 0 
* 26
+2 4
cob=(4)
cfi=(176)
cfn=(560)
calls=1 0 
* 26
+2 4
cob=(4)
cfi=(176)
cfn=(560)
calls=1 0 
* 26
+3 3
+1 1
+1 6

fl=(225) ./string/../sysdeps/x86_64/multiarch/strlen-avx2.S
fn=(794) __strlen_avx2
52 9297
+13 9297
+1 9297
+1 9297
+3 9297
+2 9297
+1 9297
+3 9296
+1 9296
+8 9296
+1 9296
+1 9180
+5 18360
+26 116
+13 116
+1 116
+1 116
+6 232
+82 116
+15 116
+6 116
+1 116
+1 116
511 1
+1 1
+1 1
+3 1
+15 1
+1 1
+1 1
+7 2

fl=(273)
fn=(1020)
117 5
+5 1

fl=(209)
fn=(708)
37 64
+3 8
+3 8
-3 8
+3 8
+35 7
-20 16
+4 16
+4 28
+8 7
cfi=(210)
cfn=(710)
calls=7 -38 
* 63
* 14
+4 49
-19 2
cfi=(210)
cfn=(710)
calls=1 -23 
* 9
* 2
+4 2

fl=(280) ./io/../sysdeps/unix/sysv/linux/write.c
fn=(1048) write
25 5
+1 30
+1 5

fl=(91)
fn=(300)
29 1
fi=(88)
+12 2
-1 4
+2 3
+3 2
+4 3
+3 3
fe=(91)
-23 1

fl=(173) ./resource/../sysdeps/unix/sysv/linux/getrlimit64.c
fn=(554) getrlimit
38 2
+1 7
+1 1

fl=(233)
fn=(818)
31 2157
+1 2157
+3 2157
+1 2157
+1 2157
+1 2157
+1 2157
+2 2157
+1 2157
+2 2157
+1 2157
+1 2157
+1 2157
+1 2151
+2 2151
+1 2151
+1 2151
+1 2151
+26 6
+1 6
+1 6
+1 6
+1 6
+1 6
+1 6
+1 6
+1 6
+26 6
+1 6
+1 6
+2 6
+1 6
+1 6
+1 6
+1 6
+1 6
+2 6
+3 6
-5 2151
+2 2151
+3 2151

fl=(171)
fn=(550)
33 9
+2 1
cfi=(172)
cfn=(552)
calls=1 -6 
* 17
+3 1
fi=(174) ./elf/../sysdeps/nptl/pthread_early_init.h
-5 2
fe=(171)
+8 1
-3 1
+3 1
fi=(174)
-8 1
cfi=(173)
cfn=(554)
calls=1 +5 
* 10
* 3
+1 1
+4 5
+7 1
fi=(330) ./elf/../nptl/nptl-stack.h
+16 3
fi=(174)
-16 1
fi=(330)
+16 2
fi=(174)
-7 1
fi=(330)
+7 3
fi=(174)
-9 1
-6 1
+2 2
+4 4
+1 1
+3 1
cfi=(175)
cfn=(558)
calls=1 -1 
* 104
fe=(171)
-9 3
+2 2
-2 1
cfi=(177)
cfn=(562)
calls=1 +45 
* 169

fl=(180)
fn=(594)
46 6
+5 2
+4 5
+8 1
-2 1
+10 1
-9 1
+1 1
+9 3
-1 1
cfi=(181) ./misc/./misc/init-misc.c
cfn=(596) __init_misc
calls=1 -41 
* 61

fl=(218)
fn=(760)
33 4889
+1 9778
cfn=(762) _IO_getline_info
calls=4889 +15 
* 570930

fn=(762)
49 73335
+2 9778
+2 14667
+2 19556
+28 4953
+2 9906
-2 9906
+2 4953
cob=(4)
cfi=(176)
cfn=(778) 0x0000000004960480
calls=4953 -85 
* 168845
* 4953
+1 9906
fi=(244) ./libio/../string/bits/string_fortified.h
-57 198
fe=(218)
+74 66
fi=(244)
-74 66
cob=(4)
cfi=(176)
cfn=(672)
calls=66 -29 
* 944
fe=(218)
+73 66
-1 66
-46 132
+2 15075
+1 10050
+2 144
cfi=(202)
cfn=(764)
calls=72 299 
* 11904
+1 144
+6 140
+11 70
-1 140
-22 142
+20 4
+32 16
-19 9774
+1 9774
-1 4887
+2 14661
+2 4887
+2 9774
fi=(244)
-65 24435
cob=(4)
cfi=(176)
cfn=(672)
calls=4887 -29 
* 68848
fe=(218)
+68 4887
+1 4887
-1 4887
+10 39096
-44 4
-9 4

fl=(258) ./string/../sysdeps/x86_64/multiarch/memset-vec-unaligned-erms.S
fn=(920) __memset_avx2_unaligned_erms
158 2009
+1 4018
+5 2009
+1 2009
+1 2008
+1 2008
+1 2008
+13 31
+1 31
+2 62
+53 2008
+1 2008
+6 36
+1 36
+12 36
+3 36
+1 36
+12 5
+1 5
+13 5
+1 5
+2 5
+3 3
+3 3
+3 3
+1 3
+1 3
+1 3
+1 3
+1 3
+1 3
-6 14
+1 14
+1 14
+1 14
+1 14
+1 14
+1 17
+3 3
+1 3
+1 3
+1 3
+3 6
-6 2
+1 2
+1 2
+1 2
+3 4
+11 1972
+1 1972
+1 1972
+1 12048908
+1 1972
+1 3944
+7 1
+9 1
+1 1
+5 1
+1 1
+36 1
+1 1
+5 1

fn=(1090) __memset_chk_avx2_unaligned_erms
152 776
+1 776
+1 3880
+4 776
+1 1552
+5 776
+1 776
+1 776
+1 776
+1 776
+69 776
+1 776
+87 776
+1 776
+1 776
+1 2496392
+1 776
+1 1552

fl=(128)
fn=(398)
29 2
fi=(109)
+6 10
+1 6
+3 4
+4 6
+3 8
fe=(128)
-17 2

fl=(201)
fn=(678)
1198 7
+7 1
-7 2
+6 4
+9 2
-2 4
+17 3
+40 9
-68 1
+44 1
fi=(219)
1025 3
+1 2
fe=(201)
1244 3
cfn=(680)
calls=1 732 
* 1983
* 2
+6 2
+1 5
+2 3
+11 2
+1 4
cfi=(202)
cfn=(720)
calls=1 371 
* 61
+2 3

fn=(736)
106 12
+5 2
-1 2
+3 2
cfi=(202)
cfn=(738)
calls=2 -26 
* 178
+1 2
+1 6

fn=(686)
1147 3
+1 6
cfi=(204)
cfn=(688)
calls=3 30 
* 18

fn=(768)
462 72
+4 216
-4 648
+7 144
+6 216
+3 144
+12 140
fi=(219)
1025 72
fe=(201)
506 144
cfi=(202)
cfn=(772)
calls=72 164 
* 1872
+6 72
+5 72
-5 72
fi=(219)
1025 144
fe=(201)
512 72
fi=(219)
1025 72
fe=(201)
512 216
fi=(219)
1026 144
fe=(201)
517 288
cfn=(774) _IO_file_read
calls=72 1131 
* 936
+2 144
+16 70
-9 70
+9 140
+2 140
+1 576
-6 2
-10 14
-55 4
+14 6
+5 4
cfi=(202)
cfn=(682)
calls=2 343 
* 586
+4 8

fn=(1046) _IO_file_write@@GLIBC_2.2.5
1174 40
+2 20
-1 10
+6 5
cfi=(280)
cfn=(1048)
calls=5 25 
* 40
+1 10
+5 5
+1 5
-12 10
+4 15
+1 10
+10 15
+3 30
-4 15

fn=(744)
213 24
+9 4
+2 12
+23 12
357 24
-76 8
cfn=(746) _IO_file_open
calls=2 -99 
* 190
* 2
+3 4
+3 6
cfi=(216)
cfn=(750)
calls=2 77 
* 118
* 2
+1 4
-74 2
+13 2
+1 4
+19 12

fn=(746)
182 4
+3 2
-3 20
+2 4
+4 2
cfi=(215) ./io/../sysdeps/unix/sysv/linux/open64.c
cfn=(748) open
calls=2 30 
* 72
* 2
+1 4
+3 4
+3 2
-4 2
+1 6
+3 2
-3 2
+3 2
+10 4
cfi=(202)
cfn=(738)
calls=2 87 
* 42
+1 2
+1 12

fn=(718) _IO_do_write@@GLIBC_2.2.5
424 6
+2 18
+1 1
-3 15
fi=(219)
1025 5
fe=(201)
424 40
+20 5
-10 10
+7 20
fi=(219)
1025 10
+1 10
fe=(201)
449 20
cfn=(1046)
calls=5 1174 
* 230
* 5
+1 15
+2 5
+4 10
-3 10
-1 10
+4 15
-30 10
+28 5
-28 10
+1 40
+28 15

fn=(1042)
793 35
+5 20
+1 12
+1 5
+1 10
+11 10
+4 25
-17 8
cfn=(718)
calls=4 424 
* 428
* 8

fn=(860) _IO_file_close
1165 2
+3 4
cfi=(246)
cfn=(862)
calls=2 25 
* 12

fn=(878)
168 10
+1 2
-1 2
+1 2
+6 4
+1 6
-1 2
cfi=(202)
cfn=(880)
calls=2 601 
* 40

fn=(774)
1131 72
+3 72
-1 72
+1 144
cfi=(220) ./io/../sysdeps/unix/sysv/linux/read.c
cfn=(776) read
calls=72 25 
* 576

fn=(856)
128 14
+2 6
+4 4
+3 2
-3 2
-1 4
+6 2
+3 2
-3 2
cfi=(202)
cfn=(858)
calls=2 937 
* 28
+3 6
fi=(219)
1025 6
+1 4
fe=(201)
142 4
cfn=(860)
calls=2 1165 
* 18
* 2
+3 6
+8 10
cfi=(202)
cfn=(716)
calls=2 329 
* 404
+1 2
+3 2
-3 6
+3 2
cfi=(202)
cfn=(852)
calls=2 53 
* 8
+5 2
-4 2
+1 2
+3 2
-2 2
+3 14

fn=(680)
732 16
+1 8
+7 8
+37 1
-2 2
-32 2
+12 2
+9 3
+5 3
+2 2
-5 1
+5 1
+1 1
-5 1
+1 1
+4 2
-7 1
+10 2
+13 2
-12 2
+1 2
+11 8
-12 2
cfn=(718)
calls=2 424 
* 112
-4 2
-27 2
cfi=(202)
cfn=(682)
calls=1 343 
* 1922
+1 1
+9 1
-9 5

fn=(1246)
382 6
+1 1
cfi=(202)
cfn=(1248)
calls=1 +69 
* 69
* 2
+3 1
+4 2
-2 3
+3 3

fl=(310)
fn=(1168)
148 4
+1 1
-1 1
+1 3
+16 4

fl=(115)
fn=(358)
29 1
fi=(329)
+7 5
fe=(115)
-7 1

fl=(134)
fn=(418)
29 1
fi=(135) ./string/../sysdeps/x86_64/multiarch/ifunc-evex.h
+9 3
-1 4
+2 3
+6 2
-3 2
+9 3
+3 4
fe=(134)
-25 1

fl=(196)
fn=(664)
600 1560
fi=(227) ./stdio-common/./stdio-common/printf-parse.h
82 130
fe=(196)
600 260
fi=(227)
82 130
fe=(196)
600 130
+27 390
+11 130
-11 130
+11 130
-11 130
+11 260
fi=(227)
82 130
cob=(4)
cfi=(176)
cfn=(666) 0x0000000004960590
calls=130 -82 
* 2775
fe=(196)
653 260
+1 130
fi=(227)
82 260
fe=(196)
654 130
-1 130
cfi=(199)
cfn=(670)
calls=130 27 
* 2848
+2 390
+4 260
+4 1008
-32 126
973 126
642 126
973 252
634 126
+71 536
1044 1430
705 268
-13 134
+7 134
+6 268
-14 134
-4 134
+18 134
-10 134
+10 134
-7 134
-4 134
+11 268
-19 134
-1 134
+20 134
-12 134
-9 134
-1 134
+22 134
-15 268
891 8
+82 8
+3 136
+20 44
+1 4
263 4
+1 4
997 4
744 4
264 8
744 4
263 8
1024 134
fi=(227)
82 134
fe=(196)
1018 134
fi=(227)
82 268
cob=(4)
cfi=(176)
cfn=(666)
calls=134 -82 
* 2814
fe=(196)
1028 268
+1 134
fi=(227)
82 134
fe=(196)
1029 134
-1 134
cfi=(199)
cfn=(670)
calls=134 27 
* 3186
+3 292
fi=(243) ./stdio-common/./stdio-common/vfprintf-process-arg.c
501 484
cfi=(199)
cfn=(670)
calls=121 27 
* 6604
+1 121
-11 122
-88 971
+19 242
-14 242
-5 1
+19 2
-14 2
+47 366
+6 3
fe=(196)
709 4
814 4
-1 4
+1 8
+26 12
+15 52
fi=(243)
422 488
+8 244
fe=(196)
726 1
fi=(227)
55 1
-2 1
+2 1
-2 1
+2 1
-2 1
+2 2
+1 2
+9 2
-9 2
+2 2
fe=(196)
807 2
+3 13
-89 15
-1 1
+1 1
-2 2
fi=(243)
136 16
+19 104
cfi=(247)
cfn=(882)
calls=8 +14 
* 298
+11 16
-11 16
+11 32
-5 64
+25 34
+1 3
+14 6
-4 9
+4 10
-4 15
+2 24
+2 16
+7 8
-2 16
+2 24
+3 16
+13 16
fi=(248)
-61 16
fi=(243)
+70 16
+3 16
136 8
+2 16
-71 8
-18 8
-1 16
201 24
58 16
-23 8
+22 16
fi=(227)
+7 1
+1 1
-1 1
+1 3
-10 1
+13 1
-13 5
fi=(243)
161 8
+9 16
+17 8
+8 8
-8 8
+12 8
-12 8
+8 32
-8 30
+53 32
cfi=(199)
cfn=(670)
calls=8 27 
* 451
* 8
fe=(196)
+26 4
cfi=(297)
cfn=(1122)
calls=4 1099 
* 7758
1001 4
fi=(243)
463 5
cfi=(199)
cfn=(670)
calls=1 27 
* 55
fi=(248)
163 3
+1 4
cfi=(307)
cfn=(1150)
calls=1 24 
* 50
* 1
-1 16
fi=(243)
403 4
50 16
+2 16
+1 64
435 244
cob=(4)
cfi=(176)
cfn=(792)
calls=122 0 
* 1976
* 244
fi=(227)
55 4
+10 8
-10 20
fi=(248)
+96 3
fe=(196)

fn=(658)
1522 143
+3 56
+4 55
+11 22
+27 121
-42 20
+18 44
cfi=(197)
cfn=(660)
calls=11 108 
* 244
+1 55
cfn=(664)
calls=11 600 
* 10072
+1 22
cfi=(197)
cfn=(676)
calls=11 117 
* 2730
* 11

fl=(214)
fn=(740)
24 120
+1 120
+2 240
+2 240
+3 240
+14 360
+2 120
+1 120

fn=(742)
54 120
+1 120
+2 240
+2 120
+1 360
+11 120

fl=(222) ./stdio-common/./stdio-common/isoc99_sscanf.c
fn=(786) __isoc99_sscanf
24 1710
fi=(223) ./stdio-common/../libio/strfile.h
+64 456
fe=(222)
-64 342
fi=(223)
+64 114
-1 114
+1 228
cfi=(202)
cfn=(732)
calls=114 563 
* 5358
+1 114
+1 456
-1 114
+1 114
cfi=(224)
cfn=(790)
calls=114 -54 
* 10594
fe=(222)
-60 114
+1 228
-1 114
+1 114
-1 114
+1 114
-1 342
+1 114
cfi=(226) ./stdio-common/./stdio-common/vfscanf-internal.c
cfn=(796) __vfscanf_internal
calls=114 278 
* 479450
+4 1026

fl=(193) ./string/../sysdeps/x86_64/multiarch/strcmp-avx2.S
fn=(650) __strcmp_avx2
206 19398
+43 19398
+25 19398
+1 19398
+1 19398
+2 19398
+1 19398
+4 19055
+4 19055
+2 19055
+2 19055
+3 19055
+9 19055
+1 19055
+4 19055
+10 19055
+1 19055
+3 19055
+4 38110
953 2413
+1 2413
+3 1804
+1 1804
+1 1804
+1 1804
+2 1804
+3 1804
+1 1804
+4 1062
+1 1062
+9 343
+4 343
+1 642
+8 299
+1 299
+1 299
+1 299
+1 299
+1 299
+2 299
+35 343
+1 343
+11 343
+1 343
+3 343
+1 343
+1 343
+3 686
+20 742
+1 742
+23 44
+1 44
+2 43
+1 43
+1 43
+1 43
+1 43
+1 43
+1 43
+45 1
+1 1
+75 1
+1 1
+2 1
+1 1
+1 1
+1 1
+1 1
+1 1
+1 1
+1 1
+6 1
+2 1
+4 1
+1 1
+1 1
+1 1
+1 1
+1 1
+1 1
+1 1

fn=(950) __strncmp_avx2
206 14
+24 14
+5 14
+14 14
+25 14
+1 14
+1 14
+2 14
+1 14
+4 14
+4 14
+2 14
+2 14
+3 14
+2 14
+1 14
+11 11
+10 11
+1 11
+3 11
+4 22
+5 14
+1 14
+1 14
+4 3
+1 6
957 14
+1 14
+1 14
+1 14
+2 14
+3 14
+1 14
+4 14
+1 14

fl=(81)
fn=(280)
86 1
fi=(82) ./string/../sysdeps/x86/cacheinfo.h
-27 1
+3 3
+2 1
+1 1
-1 2
+7 3
+2 1
+1 1
-1 2
+5 2
+2 2
+1 2
+1 2
+2 2
+2 2
fe=(81)

fl=(316)
fn=(1188)
82 6
+1 6
-1 12
+1 6
fi=(317) ./posix/../malloc/dynarray-skeleton.c
243 3
fe=(316)
71 6
+38 12
+1 9

fl=(126)
fn=(386)
31 1
fi=(114)
+6 2
-1 4
fe=(126)
-5 2
fi=(114)
+7 3
+3 2
+4 3
+3 4
fe=(126)

fl=(181)
fn=(596)
30 1
+1 2
-1 4
+1 4
+2 3
cob=(4)
cfi=(176)
cfn=(598) 0x0000000004960660
calls=1 -33 
* 35
+4 5
+1 3
+2 4

fl=(304)
fn=(1142)
46 420
+3 60
234 270
62 30
+1 30
-16 30
+18 60
+7 177
+1 29
-1 58
+1 58
-1 58
+4 60
+3 30
+2 30

fl=(138)
fn=(428)
33 1
fi=(99)
+24 3
-1 2
+4 3
+14 2
+3 2
+8 2
+8 2
+3 5
fe=(138)

fl=(85)
fn=(288)
29 1
fi=(329)
+7 5
fe=(85)
-7 1

fl=(226)
fn=(796)
278 1482
+10 570
+1 114
fi=(240) ./stdio-common/../include/scratch_buffer.h
78 114
fe=(226)
289 114
fi=(240)
77 228
fe=(226)
339 114
fi=(240)
77 114
fe=(226)
339 456
+6 342
+3 456
+4 114
+20 228
-20 114
+13 114
-6 114
+8 228
-8 114
+8 114
+5 228
-5 114
+5 342
cfi=(214)
cfn=(740)
calls=114 24 
* 1482
* 342
+9 114
fi=(229)
59 114
fe=(226)
381 342
-49 114
-48 114
-1 114
+10 114
-11 114
+46 114
-1 114
-1 114
-1 114
-12 114
-30 228
419 1596
+24 1596
+1 1596
+3 1710
+7 2736
+8 342
-8 342
+8 684
+8 684
-27 684
-62 3192
3095 684
+3 456
223 456
-17 456
+17 456
-1 456
489 456
222 912
489 912
222 456
489 912
fi=(227)
55 228
-2 228
+12 228
-10 1140
+7 228
+2 228
+1 228
-1 228
+1 684
+3 228
-13 1368
fe=(226)
483 228
fi=(227)
55 1368
fe=(226)
506 1140
345 228
3105 456
cfi=(214)
cfn=(742)
calls=114 54 
* 1026
fi=(240)
85 456
fe=(226)
3109 228
+17 228
+6 1368
530 228
+3 912
660 912
+4 912
+1 2736
+4 228
+1 684
-1 228
+1 1596
+6 1368
+3 456
-3 228
+3 912
-3 456
+4 1824
+1 1140
+4 684
-4 684
cfi=(202)
cfn=(804)
calls=228 -46 
* 5016
+4 2736
530 228
+3 3192
665 1368
+20 1824
546 684
+8 228
-21 456
-4 684
1992 1368
+1 456
260 228
1993 456
+8 684
260 144
+3 144
2005 432
+3 96
-3 48
+3 144
-5 48
+5 48
+5 1140
+21 456
263 684
2501 456
+10 228
206 228
2511 228
+2 228
-2 228
+2 228
-5 456
+37 684
701 456
2549 228
701 228
2549 228
701 228
2549 456
+5 228
+6 228
-6 228
+2 228
+1 228
-1 228
fi=(240)
131 1368
cfi=(228)
cfn=(800)
calls=228 30 
* 5700
fe=(226)
2582 912
fi=(229)
59 9576
fe=(226)
2590 456
+1 912
+9 912
+10 456
-10 1824
+1 456
685 456
492 456
+6 912
2552 1140
1992 180
+21 180
-15 180
+15 360
2616 912
-90 456
+2 228
-2 228
+2 228
cfi=(230)
cfn=(806)
calls=228 68 
* 204283
+2 1368
+1 2736
206 228
2847 1824
2967 684
2847 228
2967 456
+10 2052
+39 14800
-49 4440
+49 1480
-49 4212
+7 4440
+2 2960
+1 2960
-1 2960
+43 456
+4 912
+40 684
+2 456
+8 684
-10 228
+8 456
2098 912
260 222
+3 333
2101 777
+1 222
-5 222
+22 111
+5 456
+11 2052
260 4222
+3 6333
2133 2111
2239 18190
+4 2328
-4 2328
231 2328
2243 6984
2124 4656
+6 7668
+5 2225
2239 868
231 228
2246 456
206 228
2254 456
2492 228
214 456
2492 1140
260 684
2172 890
-4 890
+52 684
-77 890
+1 2670
+26 890
-2 217
+15 434
+7 434
2552 3192
2168 228
-1 228
+5 1324
+1 651
+10 456
+21 217
fi=(240)
113 217
fe=(226)
2204 217
-18 1736
260 651
+3 651
2186 1736
+2 434
+13 22
+19 868
3011 1140
-42 912
cfi=(202)
cfn=(804)
calls=228 635 
* 5016
+1 456
249 111
2104 555
2733 117
2097 117
-99 234
2232 2052
cfi=(202)
cfn=(804)
calls=228 635 
* 5016
* 456

fl=(113)
fn=(354)
31 1
fi=(114)
+6 2
-1 4
fe=(113)
-5 2
fi=(114)
+7 3
+3 2
+4 3
+3 4
fe=(113)

fl=(129)
fn=(402)
29 1
fi=(130) ./wcsmbs/../sysdeps/x86_64/multiarch/ifunc-memcmp.h
+5 5
+1 2
+1 2
+1 3
+3 2
+4 3
+3 4
fe=(129)
-18 2

fl=(137)
fn=(424)
31 1
fi=(97)
+9 3
-1 4
+2 3
+3 2
+4 4
fi=(331) ./wcsmbs/../sysdeps/x86_64/multiarch/wcpncpy.c
-17 1
fe=(137)

fl=(215)
fn=(748)
30 4
+3 2
-3 20
+3 12
+8 18
+2 16

fl=(220)
fn=(776)
25 72
+1 432
+1 72

fl=(302)
fn=(1136)
27 4
+1 36
+7 4

ob=(4)
fl=(176)
fn=(906)
0 2
cob=(2)
cfi=(255)
cfn=(908)
calls=1 27 
0 592

fn=(1210)
0 2
cob=(2)
cfi=(315)
cfn=(1186)
calls=1 30 
0 78

fn=(728)
0 4
cob=(2)
cfi=(213)
cfn=(730)
calls=2 85 
0 1068

fn=(672)
0 11394
cob=(2)
cfi=(200)
cfn=(674)
calls=5697 255 
0 365205

fn=(914)
0 7802
cob=(2)
cfi=(205)
cfn=(916)
calls=3901 3699 
0 6924703

fn=(1038)
0 8
cob=(2)
cfi=(279)
cfn=(1040)
calls=4 32 
0 720

fn=(1160)
0 2
cob=(2)
cfi=(308)
cfn=(1162)
calls=1 31 
0 189

fn=(1200)
0 4

fn=(1228)
0 2
cob=(2)
cfi=(315)
cfn=(1186)
calls=1 30 
0 78

fn=(624)
0 7

fn=(932)
0 17842
cob=(2)
cfi=(205)
cfn=(692)
calls=8921 3294 
0 1856883

fn=(1184)
0 2
cob=(2)
cfi=(315)
cfn=(1186)
calls=1 30 
0 78

fn=(666)
0 528
cob=(2)
cfi=(198)
cfn=(668)
calls=264 53 
0 5061

fn=(756)
0 9778
cob=(2)
cfi=(217)
cfn=(758)
calls=4889 32 
0 913148

fn=(784)
0 228
cob=(2)
cfi=(222)
cfn=(786)
calls=114 24 
0 501444

fn=(902)
0 228
cob=(2)
cfi=(254)
cfn=(904)
calls=114 22 
0 5581

fn=(918)
0 3208
cob=(2)
cfi=(258)
cfn=(920)
calls=1604 158 
0 5239571

fn=(944)
0 63466
cob=(2)
cfi=(265)
cfn=(946)
calls=31733 40 
0 126932

fn=(1014)
0 25830
cob=(2)
cfi=(205)
cfn=(866)
calls=12915 3359 
0 1792229

fn=(1066)
0 8
cob=(2)
cfi=(200)
cfn=(812)
calls=4 249 
0 51221

fn=(1070)
0 810
cob=(2)
cfi=(258)
cfn=(920)
calls=405 158 
0 6841749

fn=(584)
0 7

fn=(634)
0 2
cob=(1)
cfi=(48)
cfn=(636)
calls=1 118 
0 5

fn=(752)
0 4
cob=(2)
cfi=(198)
cfn=(754)
calls=2 53 
0 42

fn=(778)
0 9906
cob=(2)
cfi=(221)
cfn=(780)
calls=4953 61 
0 158939

fn=(810)
0 13734
cob=(2)
cfi=(200)
cfn=(812)
calls=6867 249 
0 137340

fn=(892)
0 234
cob=(2)
cfi=(251)
cfn=(894)
calls=117 32 
0 4596

fn=(1022)
0 4
cob=(2)
cfi=(274)
cfn=(1024)
calls=2 30 
0 22

fn=(1084)
0 3112
cob=(2)
cfi=(200)
cfn=(674)
calls=1556 255 
0 528423

fn=(1088)
0 1552
cob=(2)
cfi=(258)
cfn=(1090)
calls=776 152 
0 2514240

fn=(560)
0 42
cob=(1)
cfi=(11)
cfn=(28)
calls=21 387 
0 493

fn=(598)
0 2
cob=(2)
cfi=(182)
cfn=(600)
calls=1 53 
0 33

fn=(690)
0 12
cob=(2)
cfi=(205)
cfn=(692)
calls=6 3294 
0 2554

fn=(792)
0 18362
cob=(2)
cfi=(225)
cfn=(794)
calls=9181 52 
0 129462

fn=(848)
0 4
cob=(2)
cfi=(245)
cfn=(850)
calls=2 34 
0 1168

fn=(864)
0 10
cob=(2)
cfi=(205)
cfn=(866)
calls=5 3359 
0 670

fn=(984)
0 17426
cob=(2)
cfi=(230)
cfn=(986)
calls=8713 81 
0 4631428

fn=(1220)
0 4

fn=(604)
0 7

fn=(648)
0 38796
cob=(2)
cfi=(193)
cfn=(650)
calls=19398 206 
0 411482

fn=(838)
0 228
cob=(2)
cfi=(241)
cfn=(840)
calls=114 26 
0 42148

fn=(966)
0 4066
cob=(2)
cfi=(205)
cfn=(968)
calls=2033 3407 
0 814848

fn=(1032)
0 8
cob=(2)
cfi=(278)
cfn=(1034)
calls=4 26 
0 4718

fn=(654)
0 22
cob=(2)
cfi=(195)
cfn=(656)
calls=11 25 
0 13955

fn=(722)
0 2
cob=(2)
cfi=(200)
cfn=(724)
calls=1 242 
0 14

fn=(886)
0 2
cob=(2)
cfi=(249)
cfn=(888)
calls=1 82 
0 263

fn=(898)
0 232
cob=(2)
cfi=(225)
cfn=(794)
calls=116 52 
0 1626

fn=(926)
0 10088
cob=(2)
cfi=(260)
cfn=(928)
calls=5044 54 
0 186611

fn=(948)
0 28
cob=(2)
cfi=(193)
cfn=(950)
calls=14 206 
0 467

fn=(1238)
0 4

totals: 357140610
