# callgrind format
version: 1
creator: callgrind-3.22.0
pid: 14389
cmd:  ./build-prof/benchmarks/bench_netlib --dir benchmarks/netlib/feasible --csv benchmarks/netlib/feasible_reference_1e-8.csv --filter sc105
part: 1


desc: I1 cache: 
desc: D1 cache: 
desc: LL cache: 

desc: Timerange: Basic block 0 - 6884918
desc: Trigger: Program termination

positions: line
events: Ir
summary: 28854952


ob=(2) /usr/lib/x86_64-linux-gnu/libc.so.6
fl=(246) ./io/../sysdeps/unix/sysv/linux/close_nocancel.c
fn=(862) __close_nocancel
25 3
+1 12
+1 3

fl=(315) ./nptl/./nptl/pthread_mutex_lock.c
fn=(1186) pthread_mutex_lock@@GLIBC_2.2.5
77 1
+3 3
+2 1
+2 2
-7 4
+11 2
+91 1
+3 1
+2 1
+3 1
-63 1
+66 3
-93 2
+11 4
+4 1
+3 2
-71 1
+1 7
+1 1
+84 3
+1 2

fl=(86) ./string/../sysdeps/x86_64/multiarch/strcmp.c
fn=(290) strcmp
79 2
-31 4
+1 2
-2 8
+2 4
+3 4
+4 6
+3 6
+20 2

fl=(116) ./wcsmbs/../sysdeps/x86_64/multiarch/wcscpy.c
fn=(360) wcscpy
60 1
-17 2
-1 4
+2 3
+2 2
+4 3
+10 1

fl=(136) ./string/../sysdeps/x86_64/multiarch/strspn.c
fn=(422) strspn
29 1
fi=(322) ./string/../sysdeps/x86_64/multiarch/ifunc-sse4_2.h
+7 5
fe=(136)
-7 1

fl=(193) ./string/../sysdeps/x86_64/multiarch/strcmp-avx2.S
fn=(950) __strncmp_avx2
206 14
+24 14
+5 14
+14 14
+25 14
+1 14
+1 14
+2 14
+1 14
+4 14
+4 14
+2 14
+2 14
+3 14
+2 14
+1 14
+11 11
+10 11
+1 11
+3 11
+4 22
+5 14
+1 14
+1 14
+4 3
+1 6

fn=(650) __strcmp_avx2
206 568
+43 568
+25 568
+1 568
+1 568
+2 568
+1 568
+4 547
+4 547
+2 547
+2 547
+3 547
+9 547
+1 547
+4 547
+10 547
+1 547
+3 547
+4 1094
953 73
+1 73
+3 67
+1 67
+1 67
+1 67
+2 67
+3 67
+1 67
+4 44
+1 44
+9 21
+4 21
+1 37
+8 16
+1 16
+1 16
+1 16
+1 16
+1 16
+2 16
+35 21
+1 21
+11 21
+1 21
+3 21
+1 21
+1 21
+3 42
+20 23
+1 23
+23 5
+1 5
+2 4
+1 4
+1 4
+1 4
+1 4
+1 4
+1 4
+45 1
+1 1
+75 1
+1 1
+2 1
+1 1
+1 1
+1 1
+1 1
+1 1
+1 1
+1 1
+6 1
+2 1
+4 1
+1 1
+1 1
+1 1
+1 1
+1 1
+1 1
+1 1

fl=(239) ./stdlib/../sysdeps/ieee754/dbl-64/mpn2dbl.c
fn=(834) __mpn_construct_double
29 529
+10 529
-6 529
+7 5290
+6 529
+1 1058

fl=(251) ./dirent/../sysdeps/unix/sysv/linux/readdir64.c
fn=(894) readdir
32 234
+5 234
-5 585
+5 117
-5 351
+2 234
+3 234
+3 117
+27 117
-27 234
+7 10
cfi=(252) ./dirent/../sysdeps/unix/sysv/linux/getdents64.c
cfn=(896) __getdents
calls=2 -20 
* 18
+1 4
+13 2
+7 3
+1 2
+3 4
-4 345
+1 230
+3 460
+4 1053
-22 1
+1 1
+2 4
+2 2

fl=(230) ./stdlib/./stdlib/strtod.c
fn=(986) strtod
81 301
+1 1204
cfi=(231) ./stdlib/./stdlib/strtod_l.c
cfn=(808) ____strtod_l_internal
calls=301 508 
* 131940

fn=(806) __strtod_internal
68 228
+1 684
cfi=(231)
cfn=(808)
calls=228 508 
* 203371

fl=(221) ./string/../sysdeps/x86_64/multiarch/memchr-avx2.S
fn=(780) __memchr_avx2
61 413
+7 413
+2 413
+3 413
+1 413
+2 413
+1 413
+1 413
+1 413
+3 410
+1 410
+3 410
+1 410
+2 409
+1 409
+1 114
+1 114
+2 228
+7 2
+5 2
+7 2
+1 2
+1 1
+1 1
+5 157
+1 157
+1 157
+1 314
+4 1
+1 1
+4 127
+1 127
+1 127
+1 254
+25 297
+1 297
+1 297
+2 297
+10 297
+1 297
+3 297
+1 297
+2 284
+1 284
+2 127
+1 127
+1 127
+1 127
+69 13
+1 13
+3 7
+1 7
+4 4
+1 4
+3 3
+1 3
+1 3
+1 3
+1 3
+1 3
+1 3
+2 8
+32 6
+2 6
+2 6
+1 6
+1 6
+1 6
+1 12
+20 3
+4 3
+2 3
+1 6
+21 3
+1 3
+1 3
+1 3
+43 3
+3 3
+1 3
+1 3
+3 3
+1 3
+7 3
+3 3
+1 3
+2 2
+1 2

fl=(127) ./string/../sysdeps/x86_64/multiarch/strlen.c
fn=(394) strlen
29 2
fi=(84) ./string/../sysdeps/x86_64/multiarch/ifunc-avx2.h
+11 6
-2 8
fe=(127)
-9 4
fi=(84)
+12 4
+1 6
+3 4
+4 6
+3 10
fe=(127)

fl=(212) ./stdio-common/./stdio-common/Xprintf_buffer_done.c
fn=(726) __printf_buffer_done
25 130
+1 390
+5 260
+2 1560
+7 130

fl=(274) ./libio/./libio/iofflush.c
fn=(1028) fflush
32 4
+1 8
-1 20
+7 8
+1 4
fi=(219) ./libio/./libio/libioP.h
1025 12
+1 8
fe=(274)
40 8
cfi=(201) ./libio/./libio/fileops.c
cfn=(1030) _IO_file_sync@@GLIBC_2.2.5
calls=4 793 
* 540
* 8
fi=(219)
979 8
+1 32
fe=(274)
44 20
-5 40

fl=(94) ./debug/../sysdeps/x86_64/multiarch/memcpy_chk.c
fn=(308) __memcpy_chk
29 2
fi=(93) ./debug/../sysdeps/x86_64/multiarch/ifunc-memmove.h
+28 6
-1 4
+4 6
+14 4
+3 4
+8 4
+8 4
+3 10
fe=(94)

fl=(225) ./string/../sysdeps/x86_64/multiarch/strlen-avx2.S
fn=(794) __strlen_avx2
52 885
+13 885
+1 885
+1 885
+3 885
+2 885
+1 885
+3 884
+1 884
+8 884
+1 884
+1 768
+5 1536
+26 116
+13 116
+1 116
+1 116
+6 232
+82 116
+15 116
+6 116
+1 116
+1 116
511 1
+1 1
+1 1
+3 1
+15 1
+1 1
+1 1
+7 2

fl=(100) ./wcsmbs/../sysdeps/x86_64/multiarch/wcscat.c
fn=(390) wcscat
31 1
fi=(97) ./wcsmbs/../sysdeps/x86_64/multiarch/ifunc-wcs.h
+9 3
-1 4
+2 3
+3 2
+4 4
fe=(100)
-17 1

fn=(324) wcschr
31 2
fi=(101) ./wcsmbs/../sysdeps/x86_64/multiarch/ifunc-avx2.h
+9 6
-2 8
fi=(102) ./wcsmbs/../sysdeps/x86_64/multiarch/wcschr.c
-7 4
fi=(101)
+10 4
+1 6
+3 4
+4 6
+3 10
fe=(100)

fl=(108) ./string/../sysdeps/x86_64/multiarch/stpncpy.c
fn=(344) stpncpy
31 1
fi=(109) ./string/../sysdeps/x86_64/multiarch/ifunc-strncpy.h
+4 5
+1 3
+3 2
+4 3
+3 4
fe=(108)
-15 1

fl=(209) ./misc/./misc/sbrk.c
fn=(708) sbrk
37 24
+3 3
+3 3
-3 3
+3 3
+35 7
-20 6
+4 6
+4 8
+8 2
cfi=(210) ./misc/../sysdeps/unix/sysv/linux/brk.c
cfn=(710) brk
calls=2 -38 
* 18
* 4
+4 14
-19 2
cfi=(210)
cfn=(710)
calls=1 -23 
* 9
* 2
+4 2

fl=(233) ./stdlib/../sysdeps/x86_64/mul_1.S
fn=(818) __mpn_mul_1
31 210
+1 210
+3 210
+1 210
+1 210
+1 210
+1 210
+2 210
+1 210
+2 210
+1 210
+1 210
+1 210
+1 209
+2 209
+1 209
+1 209
+1 209
+26 1
+1 1
+1 1
+1 1
+1 1
+1 1
+1 1
+1 1
+1 1
+26 1
+1 1
+1 1
+2 1
+1 1
+1 1
+1 1
+1 1
+1 1
+2 1
+3 1
-5 209
+2 209
+3 209

fl=(310) ./stdio-common/./stdio-common/Xprintf_buffer_pad_1.c
fn=(1164) __printf_buffer_pad_1
24 1
+1 3
-1 7
+15 1
-15 1
+9 2
+3 1
fi=(229) ./stdio-common/../string/bits/string_fortified.h
+23 1
fe=(310)
-22 2
fi=(229)
+22 2
cob=(4) ???
cfi=(176) ???
cfn=(918) 0x0000000004960740
calls=1 -59 
* 15
fe=(310)
-19 3
+3 2
-10 3
+11 6

fl=(117) ./string/../sysdeps/x86_64/multiarch/strcat.c
fn=(362) strcat
29 1
fi=(118) ./string/../sysdeps/x86_64/multiarch/ifunc-strcpy.h
+9 2
+1 1
-1 2
+1 2
+3 2
+4 3
+3 3
fe=(117)
-20 1

fl=(188) ./csu/../sysdeps/nptl/libc_start_call_main.h
fn=(638) (below main)
29 4
+15 1
-15 5
+15 1
cfi=(189) ./setjmp/../sysdeps/x86_64/bsd-_setjmp.S
cfn=(640) _setjmp
calls=1 -16 
* 38
* 1
+2 2
+5 2
+1 2
+3 2
+3 6
cob=(6) /home/tobiasosborne/Projects/convexfeld/build-prof/benchmarks/bench_netlib
cfi=(192) /home/tobiasosborne/Projects/convexfeld/benchmarks/bench_netlib.c
cfn=(646) main
calls=1 168 
* 28656326
+16 2
cfi=(312) ./stdlib/./stdlib/exit.c
cfn=(1178) exit
calls=1 +63 
* 1950

fl=(218) ./libio/./libio/iogetline.c
fn=(760) _IO_getline
33 413
+1 826
cfn=(762) _IO_getline_info
calls=413 +15 
* 47052

fn=(762)
49 6195
+2 826
+2 1239
+2 1652
+28 413
+2 826
-2 826
+2 413
cob=(4)
cfi=(176)
cfn=(778) 0x0000000004960480
calls=413 -85 
* 12524
* 413
+1 826
fi=(244) ./libio/../string/bits/string_fortified.h
-57 6
fe=(218)
+74 2
fi=(244)
-74 2
cob=(4)
cfi=(176)
cfn=(672) 0x00000000049606b0
calls=2 -29 
* 27
fe=(218)
+73 2
-1 2
-46 4
+2 1260
+1 840
+2 14
cfi=(202) ./libio/./libio/genops.c
cfn=(764) __uflow
calls=7 299 
* 1699
+1 14
+6 10
+11 5
-1 10
-22 12
+20 4
+32 16
-19 822
+1 822
-1 411
+2 1233
+2 411
+2 822
fi=(244)
-65 2055
cob=(4)
cfi=(176)
cfn=(672)
calls=411 -29 
* 5865
fe=(218)
+68 411
+1 411
-1 411
+10 3288
-44 4
-9 4

fl=(201)
fn=(774) _IO_file_read
1131 7
+3 7
-1 7
+1 14
cfi=(220) ./io/../sysdeps/unix/sysv/linux/read.c
cfn=(776) read
calls=7 25 
* 56

fn=(856) _IO_file_close_it@@GLIBC_2.2.5
128 14
+2 6
+4 4
+3 2
-3 2
-1 4
+6 2
+3 2
-3 2
cfi=(202)
cfn=(858) _IO_unsave_markers
calls=2 937 
* 28
+3 6
fi=(219)
1025 6
+1 4
fe=(201)
142 4
cfn=(860) _IO_file_close
calls=2 1165 
* 18
* 2
+3 6
+8 10
cfi=(202)
cfn=(716) _IO_setb
calls=2 329 
* 404
+1 2
+3 2
-3 6
+3 2
cfi=(202)
cfn=(852) _IO_un_link
calls=2 53 
* 8
+5 2
-4 2
+1 2
+3 2
-2 2
+3 14

fn=(680) _IO_file_overflow@@GLIBC_2.2.5
732 16
+1 8
+7 8
+37 1
-2 2
-32 2
+12 2
+9 3
+5 3
+2 2
-5 1
+5 1
+1 1
-5 1
+1 1
+4 2
-7 1
+10 2
+13 2
-12 2
+1 2
+11 8
-12 2
cfn=(718) _IO_do_write@@GLIBC_2.2.5
calls=2 424 
* 112
-4 2
-27 2
cfi=(202)
cfn=(682) _IO_doallocbuf
calls=1 343 
* 1922
+1 1
+9 1
-9 5

fn=(1260) _IO_file_setbuf@@GLIBC_2.2.5
382 6
+1 1
cfi=(202)
cfn=(1262) _IO_default_setbuf
calls=1 +69 
* 69
* 2
+3 1
+4 2
-2 3
+3 3

fn=(678) _IO_file_xsputn@@GLIBC_2.2.5
1198 7
+7 1
-7 2
+6 4
+9 2
-2 4
+17 3
+40 9
-68 1
+44 1
fi=(219)
1025 3
+1 2
fe=(201)
1244 3
cfn=(680)
calls=1 732 
* 1983
* 2
+6 2
+1 5
+2 3
+11 2
+1 4
cfi=(202)
cfn=(720) _IO_default_xsputn
calls=1 371 
* 61
+2 3

fn=(736) _IO_new_file_init_internal
106 12
+5 2
-1 2
+3 2
cfi=(202)
cfn=(738) _IO_link_in
calls=2 -26 
* 178
+1 2
+1 6

fn=(1034) _IO_file_write@@GLIBC_2.2.5
1174 40
+2 20
-1 10
+6 5
cfi=(275) ./io/../sysdeps/unix/sysv/linux/write.c
cfn=(1036) write
calls=5 25 
* 40
+1 10
+5 5
+1 5
-12 10
+4 15
+1 10
+10 15
+3 30
-4 15

fn=(686) _IO_file_stat
1147 3
+1 6
cfi=(204) ./io/../sysdeps/unix/sysv/linux/fstat64.c
cfn=(688) fstat
calls=3 30 
* 18

fn=(768) _IO_file_underflow@@GLIBC_2.2.5
462 7
+4 21
-4 63
+7 14
+6 21
+3 14
+12 10
fi=(219)
1025 7
fe=(201)
506 14
cfi=(202)
cfn=(772) _IO_switch_to_get_mode
calls=7 164 
* 182
+6 7
+5 7
-5 7
fi=(219)
1025 14
fe=(201)
512 7
fi=(219)
1025 7
fe=(201)
512 21
fi=(219)
1026 14
fe=(201)
517 28
cfn=(774)
calls=7 1131 
* 91
+2 14
+16 5
-9 5
+9 10
+2 10
+1 56
-6 2
-10 14
-55 4
+14 6
+5 4
cfi=(202)
cfn=(682)
calls=2 343 
* 586
+4 8

fn=(744) _IO_file_fopen@@GLIBC_2.2.5
213 24
+9 4
+2 12
+23 12
357 24
-76 8
cfn=(746) _IO_file_open
calls=2 -99 
* 190
* 2
+3 4
+3 6
cfi=(216) ./string/../string/strstr.c
cfn=(750) __GI_strstr
calls=2 77 
* 118
* 2
+1 4
-74 2
+13 2
+1 4
+19 12

fn=(746)
182 4
+3 2
-3 20
+2 4
+4 2
cfi=(215) ./io/../sysdeps/unix/sysv/linux/open64.c
cfn=(748) open
calls=2 30 
* 72
* 2
+1 4
+3 4
+3 2
-4 2
+1 6
+3 2
-3 2
+3 2
+10 4
cfi=(202)
cfn=(738)
calls=2 87 
* 42
+1 2
+1 12

fn=(1030)
793 35
+5 20
+1 12
+1 5
+1 10
+11 10
+4 25
-17 8
cfn=(718)
calls=4 424 
* 428
* 8

fn=(718)
424 6
+2 18
+1 1
-3 15
fi=(219)
1025 5
fe=(201)
424 40
+20 5
-10 10
+7 20
fi=(219)
1025 10
+1 10
fe=(201)
449 20
cfn=(1034)
calls=5 1174 
* 230
* 5
+1 15
+2 5
+4 10
-3 10
-1 10
+4 15
-30 10
+28 5
-28 10
+1 40
+28 15

fn=(860)
1165 2
+3 4
cfi=(246)
cfn=(862)
calls=2 25 
* 12

fn=(878) _IO_file_finish@@GLIBC_2.2.5
168 10
+1 2
-1 2
+1 2
+6 4
+1 6
-1 2
cfi=(202)
cfn=(880) _IO_default_finish
calls=2 601 
* 40

fl=(139) ./string/../sysdeps/x86_64/multiarch/strncase.c
fn=(432) strncasecmp
31 1
fi=(114) ./string/../sysdeps/x86_64/multiarch/ifunc-strcasecmp.h
+6 2
-1 4
fe=(139)
-5 2
fi=(114)
+7 3
+3 2
+4 3
+3 4
fe=(139)

fl=(110) ./wcsmbs/../sysdeps/x86_64/multiarch/wmemchr.c
fn=(348) wmemchr
31 2
fi=(111) ./wcsmbs/../sysdeps/x86_64/multiarch/ifunc-evex.h
+7 6
-1 8
+2 6
+6 4
-3 4
+9 6
+3 8
fe=(110)
-23 2

fl=(196) ./stdio-common/./stdio-common/vfprintf-internal.c
fn=(664) __printf_buffer
600 1560
fi=(227) ./stdio-common/./stdio-common/printf-parse.h
82 130
fe=(196)
600 260
fi=(227)
82 130
fe=(196)
600 130
+27 390
+11 130
-11 130
+11 130
-11 130
+11 260
fi=(227)
82 130
cob=(4)
cfi=(176)
cfn=(666) 0x0000000004960590
calls=130 -82 
* 2775
fe=(196)
653 260
+1 130
fi=(227)
82 260
fe=(196)
654 130
-1 130
cfi=(199) ./stdio-common/./stdio-common/Xprintf_buffer_write.c
cfn=(670) __printf_buffer_write
calls=130 27 
* 2848
+2 390
+4 260
+4 1008
-32 126
973 126
642 126
973 252
634 126
+71 536
1044 1430
705 268
-13 134
+7 134
+6 268
-14 134
-4 134
+18 134
-10 134
+10 134
-7 134
-4 134
+11 268
-19 134
-1 134
+20 134
-12 134
-9 134
-1 134
+22 134
-15 268
891 8
+82 8
+3 136
+20 44
+1 4
263 4
+1 4
997 4
744 4
264 8
744 4
263 8
1024 134
fi=(227)
82 134
fe=(196)
1018 134
fi=(227)
82 268
cob=(4)
cfi=(176)
cfn=(666)
calls=134 -82 
* 2814
fe=(196)
1028 268
+1 134
fi=(227)
82 134
fe=(196)
1029 134
-1 134
cfi=(199)
cfn=(670)
calls=134 27 
* 3186
+3 292
fi=(243) ./stdio-common/./stdio-common/vfprintf-process-arg.c
501 484
cfi=(199)
cfn=(670)
calls=121 27 
* 6604
+1 121
-11 122
-88 971
+19 242
-14 242
-5 1
+19 2
-14 2
+47 366
+6 3
fe=(196)
709 4
814 4
-1 4
+1 8
+26 12
+15 52
fi=(243)
422 488
+8 244
fe=(196)
726 1
fi=(227)
55 1
-2 1
+2 1
-2 1
+2 1
-2 1
+2 2
+1 2
+9 2
-9 2
+2 2
fe=(196)
807 2
+3 13
-89 15
-1 1
+1 1
-2 2
fi=(243)
136 16
+19 104
cfi=(247) ./stdio-common/./stdio-common/_itoa.c
cfn=(882) _itoa_word
calls=8 +14 
* 284
+11 16
-11 16
+11 32
-5 64
+25 34
+1 3
+14 6
-4 9
+4 10
-4 15
+2 24
+2 16
+7 8
-2 16
+2 24
+3 16
+13 16
fi=(248) ./stdio-common/../include/printf_buffer.h
-61 16
fi=(243)
+70 16
+3 16
136 8
+2 16
-71 8
-18 8
-1 16
201 24
58 16
-23 8
+22 16
fi=(227)
+7 1
+1 1
-1 1
+1 3
-10 1
+13 1
-13 5
fi=(243)
161 8
+9 16
+17 8
+8 8
-8 8
+12 8
-12 8
+8 32
-8 30
+53 32
cfi=(199)
cfn=(670)
calls=8 27 
* 454
* 8
fe=(196)
+26 4
cfi=(300) ./stdio-common/./stdio-common/printf_fp.c
cfn=(1136) __printf_fp_l_buffer
calls=4 1099 
* 6387
1001 4
fi=(243)
463 5
cfi=(199)
cfn=(670)
calls=1 27 
* 55
fi=(248)
163 3
+1 4
cfi=(310)
cfn=(1164)
calls=1 24 
* 50
* 1
-1 16
fi=(243)
403 4
50 16
+2 16
+1 64
435 244
cob=(4)
cfi=(176)
cfn=(792) 0x0000000004960500
calls=122 0 
* 1976
* 244
fi=(227)
55 4
+10 8
-10 20
fi=(248)
+96 3
fe=(196)

fn=(658) __vfprintf_internal
1522 143
+3 56
+4 55
+11 22
+27 121
-42 20
+18 44
cfi=(197) ./stdio-common/./stdio-common/printf_buffer_to_file.c
cfn=(660) __printf_buffer_to_file_init
calls=11 108 
* 244
+1 55
cfn=(664)
calls=11 600 
* 9586
+1 22
cfi=(197)
cfn=(676) __printf_buffer_to_file_done
calls=11 117 
* 2730
* 11

fl=(214) ./nptl/./nptl/libc-cleanup.c
fn=(740) __libc_cleanup_push_defer
24 120
+1 120
+2 240
+2 240
+3 240
+14 360
+2 120
+1 120

fn=(742) __libc_cleanup_pop_restore
54 120
+1 120
+2 240
+2 120
+1 360
+11 120

fl=(222) ./stdio-common/./stdio-common/isoc99_sscanf.c
fn=(786) __isoc99_sscanf
24 1710
fi=(223) ./stdio-common/../libio/strfile.h
+64 456
fe=(222)
-64 342
fi=(223)
+64 114
-1 114
+1 228
cfi=(202)
cfn=(732) _IO_no_init
calls=114 563 
* 5358
+1 114
+1 456
-1 114
+1 114
cfi=(224) ./libio/./libio/strops.c
cfn=(790) _IO_str_init_static_internal
calls=114 -54 
* 10594
fe=(222)
-60 114
+1 228
-1 114
+1 114
-1 114
+1 114
-1 342
+1 114
cfi=(226) ./stdio-common/./stdio-common/vfscanf-internal.c
cfn=(796) __vfscanf_internal
calls=114 278 
* 479450
+4 1026

fl=(273) ./debug/./debug/vsnprintf_chk.c
fn=(1022) __vsnprintf_chk
26 4
+1 16
+5 16
+2 8
cfi=(242) ./libio/./libio/vsnprintf.c
cfn=(842) __vsnprintf_internal
calls=4 +59 
* 3778

fl=(95) ./string/../sysdeps/x86_64/multiarch/memrchr.c
fn=(312) memrchr
29 1
fi=(84)
+11 3
-2 4
fe=(95)
-9 2
fi=(84)
+12 2
+1 3
+3 2
+4 3
+3 5
fe=(95)

fl=(275)
fn=(1036)
25 5
+1 30
+1 5

fl=(128) ./string/../sysdeps/x86_64/multiarch/strncpy.c
fn=(398) strncpy
29 2
fi=(109)
+6 10
+1 6
+3 4
+4 6
+3 8
fe=(128)
-17 2

fl=(115) ./string/../sysdeps/x86_64/multiarch/strcspn.c
fn=(358) strcspn
29 1
fi=(322)
+7 5
fe=(115)
-7 1

fl=(134) ./string/../sysdeps/x86_64/multiarch/memchr.c
fn=(418) memchr
29 1
fi=(135) ./string/../sysdeps/x86_64/multiarch/ifunc-evex.h
+9 3
-1 4
+2 3
+6 2
-3 2
+9 3
+3 4
fe=(134)
-25 1

fl=(226)
fn=(796)
278 1482
+10 570
+1 114
fi=(240) ./stdio-common/../include/scratch_buffer.h
78 114
fe=(226)
289 114
fi=(240)
77 228
fe=(226)
339 114
fi=(240)
77 114
fe=(226)
339 456
+6 342
+3 456
+4 114
+20 228
-20 114
+13 114
-6 114
+8 228
-8 114
+8 114
+5 228
-5 114
+5 342
cfi=(214)
cfn=(740)
calls=114 24 
* 1482
* 342
+9 114
fi=(229)
59 114
fe=(226)
381 342
-49 114
-48 114
-1 114
+10 114
-11 114
+46 114
-1 114
-1 114
-1 114
-12 114
-30 228
419 1596
+24 1596
+1 1596
+3 1710
+7 2736
+8 342
-8 342
+8 684
+8 684
-27 684
-62 3192
3095 684
+3 456
223 456
-17 456
+17 456
-1 456
489 456
222 912
489 912
222 456
489 912
fi=(227)
55 228
-2 228
+12 228
-10 1140
+7 228
+2 228
+1 228
-1 228
+1 684
+3 228
-13 1368
fe=(226)
483 228
fi=(227)
55 1368
fe=(226)
506 1140
345 228
3105 456
cfi=(214)
cfn=(742)
calls=114 54 
* 1026
fi=(240)
85 456
fe=(226)
3109 228
+17 228
+6 1368
530 228
+3 912
660 912
+4 912
+1 2736
+4 228
+1 684
-1 228
+1 1596
+6 1368
+3 456
-3 228
+3 912
-3 456
+4 1824
+1 1140
+4 684
-4 684
cfi=(202)
cfn=(804) _IO_sputbackc
calls=228 -46 
* 5016
+4 2736
530 228
+3 3192
665 1368
+20 1824
546 684
+8 228
-21 456
-4 684
1992 1368
+1 456
260 228
1993 456
+8 684
260 144
+3 144
2005 432
+3 96
-3 48
+3 144
-5 48
+5 48
+5 1140
+21 456
263 684
2501 456
+10 228
206 228
2511 228
+2 228
-2 228
+2 228
-5 456
+37 684
701 456
2549 228
701 228
2549 228
701 228
2549 456
+5 228
+6 228
-6 228
+2 228
+1 228
-1 228
fi=(240)
131 1368
cfi=(228) ./malloc/./malloc/scratch_buffer_set_array_size.c
cfn=(800) __libc_scratch_buffer_set_array_size
calls=228 30 
* 5700
fe=(226)
2582 912
fi=(229)
59 9576
fe=(226)
2590 456
+1 912
+9 912
+10 456
-10 1824
+1 456
685 456
492 456
+6 912
2552 1140
1992 180
+21 180
-15 180
+15 360
2616 912
-90 456
+2 228
-2 228
+2 228
cfi=(230)
cfn=(806)
calls=228 68 
* 204283
+2 1368
+1 2736
206 228
2847 1824
2967 684
2847 228
2967 456
+10 2052
+39 14800
-49 4440
+49 1480
-49 4212
+7 4440
+2 2960
+1 2960
-1 2960
+43 456
+4 912
+40 684
+2 456
+8 684
-10 228
+8 456
2098 912
260 222
+3 333
2101 777
+1 222
-5 222
+22 111
+5 456
+11 2052
260 4222
+3 6333
2133 2111
2239 18190
+4 2328
-4 2328
231 2328
2243 6984
2124 4656
+6 7668
+5 2225
2239 868
231 228
2246 456
206 228
2254 456
2492 228
214 456
2492 1140
260 684
2172 890
-4 890
+52 684
-77 890
+1 2670
+26 890
-2 217
+15 434
+7 434
2552 3192
2168 228
-1 228
+5 1324
+1 651
+10 456
+21 217
fi=(240)
113 217
fe=(226)
2204 217
-18 1736
260 651
+3 651
2186 1736
+2 434
+13 22
+19 868
3011 1140
-42 912
cfi=(202)
cfn=(804)
calls=228 635 
* 5016
+1 456
249 111
2104 555
2733 117
2097 117
-99 234
2232 2052
cfi=(202)
cfn=(804)
calls=228 635 
* 5016
* 456

fl=(215)
fn=(748)
30 4
+3 2
-3 20
+3 12
+8 18
+2 16

fl=(220)
fn=(776)
25 7
+1 42
+1 7

fl=(87) ./wcsmbs/../sysdeps/x86_64/multiarch/wcsnlen.c
fn=(292) wcsnlen
30 1
fi=(88) ./wcsmbs/../sysdeps/x86_64/multiarch/ifunc-wcslen.h
+11 2
-1 4
+2 3
+3 2
+4 3
+3 3
fe=(87)
-22 1

fl=(98) ./string/../sysdeps/x86_64/multiarch/memcmpeq.c
fn=(320) memcpy@@GLIBC_2.14
29 2
fi=(99) ./string/../sysdeps/x86_64/multiarch/ifunc-memmove.h
+28 6
-1 4
+4 6
+14 4
+3 4
+8 4
+8 4
+3 10
fe=(98)

fl=(312)
fn=(1178)
137 2
+1 3
-1 1
+1 1
cfn=(1180) __run_exit_handlers
calls=1 38 
* 1943

fn=(1180)
38 12
+2 2
+3 5
+11 2
+2 2
+38 2
-30 6
+2 1
+1 1
-1 1
+3 7
+44 3
+13 1
-66 1
+66 3
+2 2
+3 2
cfi=(321) ./posix/../sysdeps/unix/sysv/linux/_exit.c
cfn=(1264) _Exit
calls=1 27 
* 4
-29 1
+1 1
-2 1
+3 1
+3 1
-3 2
+3 3
+1 3
cob=(1) /usr/lib/x86_64-linux-gnu/ld-linux-x86-64.so.2
cfi=(314) ./elf/./elf/dl-fini.c
cfn=(1184) _dl_fini
calls=1 -82 
* 1235
+1 4
+10 3
+1 2
-79 1
cfi=(313) ./stdlib/./stdlib/cxa_thread_atexit_impl.c
cfn=(1182) __call_tls_dtors
calls=1 148 
* 13
* 1
+88 1
cfi=(202)
cfn=(1254) _IO_cleanup
calls=1 842 
* 612
* 1

fl=(126) ./string/../sysdeps/x86_64/multiarch/strcasecmp_l.c
fn=(386) strcasecmp_l
31 1
fi=(114)
+6 2
-1 4
fe=(126)
-5 2
fi=(114)
+7 3
+3 2
+4 3
+3 4
fe=(126)

fl=(96) ./wcsmbs/../sysdeps/x86_64/multiarch/wcsncpy.c
fn=(316) wcsncpy
31 1
fi=(97)
+9 3
-1 4
+2 3
+3 2
+4 4
fe=(96)
-17 1

fl=(138) ./string/../sysdeps/x86_64/multiarch/mempcpy.c
fn=(428) mempcpy
33 1
fi=(99)
+24 3
-1 2
+4 3
+14 2
+3 2
+8 2
+8 2
+3 5
fe=(138)

fl=(189)
fn=(640)
28 1
+2 1
+2 1
cfi=(190) ./setjmp/../sysdeps/x86_64/setjmp.S
cfn=(642) __sigsetjmp
calls=1 -1 
* 35

fl=(198) ./string/../sysdeps/x86_64/multiarch/strchr-avx2.S
fn=(668) __strchrnul_avx2
53 264
+2 264
+1 264
+1 264
+1 264
+1 264
+3 264
+1 264
+4 264
+1 264
+1 264
+1 264
+1 264
+1 264
+1 264
+1 259
+13 259
+2 518
+12 5
+1 5
+6 5
+1 10
+48 5
+4 5
+1 5
+1 5
+1 5
+1 5
+1 5
+1 5

fn=(754) __strchr_avx2
53 2
+2 2
+1 2
+1 2
+1 2
+1 2
+3 2
+1 2
+4 2
+1 2
+1 2
+1 2
+1 2
+1 2
+1 2
+1 2
+3 2
+8 2
+8 2
+1 4

fl=(199)
fn=(670)
27 398
+1 1194
-1 2786
+4 1122
+2 326
+3 163
fi=(229)
-7 163
fe=(199)
+8 326
fi=(229)
-8 163
fe=(199)
+12 163
fi=(229)
-12 163
cob=(4)
cfi=(176)
cfn=(672)
calls=163 -29 
* 2702
fe=(199)
+11 489
-9 326
+2 489
+11 2388

fl=(208) ./malloc/./malloc/morecore.c
fn=(706) __glibc_morecore
25 3
+1 6
-1 6
+4 3
cfi=(209)
cfn=(708)
calls=3 +8 
* 116
+1 6
+4 6

fl=(216)
fn=(750)
77 18
+5 2
-5 6
+5 4
+2 8
cob=(4)
cfi=(176)
cfn=(752) 0x0000000004960680
calls=2 -84 
* 46
* 2
+1 4
+1 4
+75 24

fl=(113) ./string/../sysdeps/x86_64/multiarch/strcasecmp.c
fn=(354) strcasecmp
31 1
fi=(114)
+6 2
-1 4
fe=(113)
-5 2
fi=(114)
+7 3
+3 2
+4 3
+3 4
fe=(113)

fl=(129) ./wcsmbs/../sysdeps/x86_64/multiarch/wmemcmp.c
fn=(402) wmemcmp
29 1
fi=(130) ./wcsmbs/../sysdeps/x86_64/multiarch/ifunc-memcmp.h
+5 5
+1 2
+1 2
+1 3
+3 2
+4 3
+3 4
fe=(129)
-18 2

fl=(137) ./wcsmbs/../sysdeps/x86_64/multiarch/wcpcpy.c
fn=(424) wcpncpy
31 1
fi=(97)
+9 3
-1 4
+2 3
+3 2
+4 4
fi=(323) ./wcsmbs/../sysdeps/x86_64/multiarch/wcpncpy.c
-17 1
fe=(137)

fl=(210)
fn=(710)
36 3
fi=(324) ./misc/../sysdeps/unix/sysv/linux/brk_call.h
-12 6
fe=(210)
+13 6
+1 6
+6 3
+1 3

fl=(187) ./stdlib/./stdlib/cxa_atexit.c
fn=(620) __cxa_atexit
67 7
-26 2
+2 8
+1 2
cfn=(622) __new_exitfn
calls=1 +36 
* 33
+2 2
+8 1
-2 1
+3 1
+1 1
-4 2
+1 1
+4 4
+1 1
+11 6

fn=(622)
80 1
+6 2
-6 4
+11 2
-10 1
+10 4
+2 4
-2 1
+10 1
-10 3
+45 1
+5 3
-4 1
+4 2
-18 1
-1 1
+12 1

fl=(313)
fn=(1182)
148 4
+1 1
-1 1
+1 3
+16 4

fl=(300)
fn=(1154) hack_digit
88 32
+3 8
-3 8
+3 18
+2 8
+2 16
-2 16
+8 14
+21 21
cfi=(233)
cfn=(818)
calls=7 -91 
* 147
+1 14
+1 35
+4 35
-23 42
cfi=(307) ./stdlib/./stdlib/divrem.c
cfn=(1156) __mpn_divrem
calls=7 -59 
* 322
+2 7
-2 7
+2 21
+3 7
-2 7
+2 7
+1 42
+11 7
-4 14
-23 1
+1 3
-1 1
+1 1
cfi=(233)
cfn=(818)
calls=1 -65 
* 21
+31 1
-31 1
+32 5
-37 6

fn=(1140) __printf_fp_buffer_1.isra.0
138 72
+21 4
+18 4
+10 4
-28 28
+62 8
1030 44
226 12
+4 28
+36 4
+5 4
-49 4
+44 16
+1 4
+1 8
+3 52
+1 4
-1 4
+1 12
-1 4
+1 8
-1 4
+1 32
+1 4
-1 8
+1 52
+6 4
-6 8
+7 8
+17 3
+4 12
-4 6
+16 6
+11 3
-41 3
+10 3
+31 3
-30 21
+33 9
+41 3
+1 3
-1 3
+1 9
fi=(229)
29 3
cob=(4)
cfi=(176)
cfn=(672)
calls=3 -29 
* 39
fe=(300)
385 12
+9 36
+2 72
-74 72
-4 36
+4 147
-4 3
+4 12
+15 3
-13 6
fi=(229)
29 6
fe=(300)
388 6
fi=(229)
29 3
cob=(4)
cfi=(176)
cfn=(672)
calls=3 -29 
* 39
fe=(300)
389 9
+1 9
+1 3
+3 3
-4 3
-1 3
+1 3
+1 9
+5 6
+1 6
+6 6
+4 3
+4 3
-4 3
+4 9
-4 30
+6 6
665 4
+9 4
-9 4
+9 4
+6 4
-15 4
+9 8
+6 4
-6 8
+2 8
+10 4
+52 2
+8 8
fi=(306) ./stdio-common/../sysdeps/pthread/allocalim.h
27 4
fe=(300)
746 4
fi=(306)
27 4
cfi=(305) ./nptl/./nptl/alloca_cutoff.c
cfn=(1150) __libc_alloca_cutoff
calls=4 * 
* 44
+2 8
fe=(300)
759 56
fi=(306)
29 4
fe=(300)
759 12
+4 4
-3 8
+3 10
+3 9
+7 18
+2 6
-4 3
+4 3
+14 6
-2 3
+1 15
+1 3
+1 6
-1 2
-2 1
+1 5
+1 1
+1 2
-1 21
+1 50
91 21
792 21
+2 21
91 48
+2 21
+2 42
-2 42
+8 36
+4 108
cfi=(307)
cfn=(1156)
calls=18 -59 
* 786
+2 18
+4 18
-6 18
+2 54
+1 18
+2 36
+1 72
+7 18
+4 54
cfi=(233)
cfn=(818)
calls=18 -91 
* 378
+1 36
+1 55
793 11
+1 22
-1 10
+1 20
+1 42
230 24
cfi=(302) ./stdlib/../sysdeps/ieee754/dbl-64/dbl2mpn.c
cfn=(1142) __mpn_extract_double
calls=4 33 
* 88
* 16
+4 4
91 15
796 18
95 3
+1 9
-1 6
+1 3
cfi=(233)
cfn=(818)
calls=3 -65 
* 63
* 3
+31 9
805 20
+1 12
cfn=(1154)
calls=4 88 
* 411
+2 8
-2 4
+2 20
fi=(308) ./stdio-common/../sysdeps/generic/get-rounding-mode.h
94 4
+1 28
fi=(309) ./stdio-common/../include/rounding-mode.h
-37 2
fe=(300)
935 3
-11 9
+7 6
+4 8
+2 6
+19 2
+1 12
+4 6
+14 6
+5 20
+3 8
+8 8
-4 4
+4 4
+5 8
-9 10
+9 4
fi=(248)
163 12
fe=(300)
999 10
+2 3
+5 8
fi=(248)
163 12
fe=(300)
1009 12
+13 16
cfi=(199)
cfn=(670)
calls=4 27 
* 214
+2 12
+4 12
483 2
-98 9
cfi=(303) ./stdlib/./stdlib/cmp.c
cfn=(1144) __mpn_cmp
calls=3 31 
* 36
* 6
+3 6
988 6
+6 9
+2 18
fi=(248)
148 9
+1 9
fe=(300)
1006 9
fi=(309)
52 10
fe=(300)
835 1
-5 2
+5 4
+5 3
+2 2
+2 2
+80 3
-69 2
+80 1
-11 3
766 9
-88 2
+2 4
+1 2
-1 2
+1 4
+57 2
-7 15
966 4
+9 4
688 4
+1 4
+3 6
+2 1
+2 2
+42 2
994 4
+2 2
308 3
-2 3
+2 3
-3 3
+3 12
-3 6
cfi=(235) ./stdlib/../sysdeps/x86_64/lshift.S
cfn=(824) __mpn_lshift
calls=3 28 
* 48
+4 6
-4 3
+4 21
+1 6
+1 21
766 9
+3 6
cfn=(1154)
calls=3 88 
* 363
* 2
cfn=(1154)
calls=1 88 
* 121
* 4
-3 15
+15 1
+2 1
669 2
782 1
-1 1
+2 3
499 3
cfi=(235)
cfn=(824)
calls=1 28 
* 16
+1 5
+1 2
+3 1
-8 1
+7 1
+1 1
-18 1
+18 2
+2 1
623 12
-2 12
+2 46
509 12
+2 24
647 3
+54 2
-12 3
1003 2
625 2
+4 5
cfi=(233)
cfn=(818)
calls=1 31 
* 33
+1 1
+1 1
-1 1
+1 2
+3 1
-1 1
+1 1
-1 1
+3 1
-2 4
+9 1
+1 1
-1 1
+2 2
439 6
+3 24
+16 9
+2 3
-2 3
cfi=(304) ./stdlib/../sysdeps/x86_64/rshift.S
cfn=(1148) __mpn_rshift
calls=3 28 
* 54
+3 6
-1 3
+1 3
-1 3
+1 9
cfi=(304)
cfn=(1148)
calls=3 28 
* 54
+2 18
+14 6
694 8
-52 1
cfi=(304)
cfn=(1148)
calls=1 28 
* 18
+3 2
834 2

fn=(1136)
1099 48
+3 4
-3 28
+3 8
+13 8
+2 4
-2 4
cob=(4)
cfi=(176)
cfn=(792)
calls=4 0 
* 64
* 8
+1 20
+31 44
-30 8
fi=(301) ./stdio-common/../include/../locale/localeinfo.h
331 8
fe=(300)
1111 4
fi=(301)
331 4
fe=(300)
1112 8
+10 28
cfn=(1140)
calls=4 138 
* 6083
+4 4

fl=(231)
fn=(808)
508 1058
+45 529
-45 5290
+53 1587
+26 529
-24 1058
+32 1058
+1 1058
cob=(4)
cfi=(176)
cfn=(792)
calls=529 0 
* 8464
+1 1058
-1 529
+1 529
+14 529
-4 529
-6 529
+10 1058
-1 2116
+1 1058
+3 1058
-12 354
+17 708
+13 3198
+1 1058
+8 1569
+91 1046
-43 1046
+19 412
514 412
708 1882
+67 4419
+1 1058
+12 1058
+16 2104
+42 1058
+9 4188
+1 1069
+18 22
+6 11
+1 11
-1 22
+1 22
-1 11
+1 44
+99 1058
+33 1058
+2 504
+8 1662
+19 1587
+1 228
+5 1058
+9 65
+2 195
-2 130
+2 130
1770 5819
779 1888
+22 1888
-26 944
635 24
+97 12
-43 12
+19 12
+25 18
-1 6
+7 6
-5 6
514 6
732 6
+7 831
+1 234
-7 351
616 175
+1 525
862 1554
+1 518
+1 518
1068 260
+1 260
+3 325
+4 65
+1 65
+98 650
+2 65
-1 65
+1 130
+3 260
-5 4640
+2 464
-1 464
+1 928
+3 1856
+12 1058
+3 1058
1357 585
+18 351
+3 117
+13 117
-13 819
+8 234
+10 702
603 234
1399 234
+3 351
-3 117
+3 702
-3 270
+3 405
-3 135
+3 810
+8 252
-55 252
+75 252
-17 252
-3 252
+20 252
-16 252
-4 504
-56 252
+76 252
-20 252
-56 252
-1 252
+77 252
-77 252
+77 504
-6 252
+1 252
fi=(234) ./stdlib/../string/bits/string_fortified.h
29 504
fe=(231)
1425 252
fi=(234)
29 252
cob=(4)
cfi=(176)
cfn=(810) 0x00000000049606f0
calls=252 -29 
* 5544
fe=(231)
1440 592
+1 592
+2 1184
-26 1544
+7 432
+1 432
-5 432
+2 864
+8 1080
cfi=(232) ./stdlib/./stdlib/mul.c
cfn=(816) __mpn_mul
calls=180 48 
* 11700
+4 360
+1 360
+1 360
+4 180
+1 180
-4 540
+6 360
+2 1260
+4 2268
cfn=(822) str_to_mpn.isra.0
calls=252 365 
* 30242
+17 504
+2 252
-2 252
+2 252
-2 504
+2 504
+17 504
+2 504
689 333
514 111
708 333
514 222
710 222
-1 333
+24 333
-1 111
+2 111
-2 111
+2 555
-53 11
882 2645
1081 928
-9 928
739 444
+8 234
1198 5356
cfn=(822)
calls=412 365 
* 29164
+6 412
+20 412
-26 412
+6 2060
+44 412
+1 412
-1 412
+1 412
-1 412
+1 824
+4 824
+6 824
+32 824
+3 277
+4 554
-4 277
+4 554
-4 1385
+2 277
+2 277
-2 554
+10 1385
cfi=(235)
cfn=(824)
calls=277 28 
* 4432
+4 554
+15 1939
cfn=(826) round_and_return
calls=277 215 
* 23268
* 277
1494 252
+1 252
+1 1512
+42 252
-38 1512
+38 504
-38 405
+38 945
+6 252
-1 252
-1 504
+2 252
-2 252
+1 252
-1 1260
cfn=(826)
calls=252 215 
* 21112
* 486
-4 2223
+2 351
-68 1260
cfi=(235)
cfn=(824)
calls=252 28 
* 4032
+1 1512
cfi=(235)
cfn=(824)
calls=252 28 
* 4032
+1 504
+64 810
cfi=(235)
cfn=(824)
calls=135 28 
* 2160
* 675
+2 135
1391 117
+5 234
fi=(234)
29 154
fe=(231)
1446 154
fi=(234)
29 616
cob=(4)
cfi=(176)
cfn=(810)
calls=154 -29 
* 3388
* 308
fe=(231)
864 1036
+1 1302
-3 532
+12 1036
+6 1554
+1 1036
-16 1287
+3 3260
+1 182
-1 182
+1 728
+2 182
-6 182
-1 182
+1 364
+6 1357
-6 1357
-1 1357
+1 3218
+5 504
fi=(234)
29 270
fe=(231)
1330 135
fi=(234)
29 675
cob=(4)
cfi=(176)
cfn=(810)
calls=135 -29 
* 2970
fe=(231)
1357 810
+9 270
+3 405
+1 405
1485 135
1370 270

fn=(822)
365 6640
+13 664
+1 3984
-4 664
-1 1328
+52 2418
+1 4836
-14 9672
+3 374
+7 187
+3 561
+3 374
-3 4462
+3 4462
-47 4836
+49 2656
+7 1992
+2 1992
+2 664
+1 664
+15 5976

fn=(826)
215 8464
fi=(236) ./stdlib/../sysdeps/generic/get-rounding-mode.h
94 529
+1 4761
fe=(231)
218 1058
fi=(237) ./stdlib/../include/rounding-mode.h
46 1145
fe=(231)
355 110
-3 220
+3 330
-3 238
+3 1257
+1 529
-1 1058
+1 3174
-1 529
cfi=(239)
cfn=(834)
calls=529 29 
* 8464
-42 1058
-80 529
+83 529
-90 529
+90 529
+4 1058
-1 2558
fi=(237)
46 1500
fe=(231)
355 119
-5 957
fi=(238) ./stdlib/../stdlib/gmp.h
453 119
fe=(231)
328 119
fi=(238)
454 119
fe=(231)
328 119
+22 238
-12 238
fi=(237)
52 1296
fe=(231)
355 900

fl=(247)
fn=(882)
169 8
+3 32
+2 16
+9 212
+9 16

fl=(205) ./malloc/./malloc/malloc.c
fn=(974) unlink_chunk.isra.0
1608 531
+2 1593
-2 531
+2 1062
+3 531
+1 1062
+2 2124
-3 531
+6 531
+1 531
+1 1629
+2 48
+1 72
+3 48
+14 24
+1 24
+3 1062

fn=(874) _int_free_maybe_consolidate
4770 858
+6 156
+22 858
-20 8
+3 6
+3 10

fn=(972) _int_realloc
4914 168
+11 84
+1 105
+1 84
+6 42
+2 42
+1 63
+2 84
+3 42
+14 4
+53 8
-53 8
+57 4
-57 4
+57 8
-2 8
+19 4
+1 189
-79 34
+12 34
+12 68
cfn=(704) _int_malloc
calls=17 3846 
* 2496
* 17
+1 34
+9 17
-6 17
+1 17
+5 34
+8 17
-1 17
fi=(211) ./malloc/../string/bits/string_fortified.h
29 17
fe=(205)
4993 102
fi=(211)
29 17
cob=(4)
cfi=(176)
cfn=(672)
calls=17 -29 
* 1351
fe=(205)
4997 68
cfn=(870) _int_free
calls=17 4495 
* 1084
+2 17
+22 4
-4 4
+3 4
+5 4
-4 4
-1 4
+1 4
+3 4
+1 8
cfn=(870)
calls=4 4495 
* 216
* 4

fn=(712) alloc_perturb
1985 2307
+2 769

fn=(870)
4495 6223
+4 2667
+6 3556
+1 1778
+4 4445
+8 3556
-1 1778
+1 1778
+29 868
-20 868
-6 868
+6 1736
+20 3472
1792 613
4561 1226
+11 2140
+2 1605
1992 535
4593 535
1992 1070
4595 535
+1 535
+4 1070
+2 535
-2 535
+2 535
+4 1070
+2 1605
+1 535
+19 2126
+30 4866
-21 156
+3 156
+18 78
-12 78
+12 312
-12 78
cfn=(872) _int_free_merge_chunk
calls=78 +19 
* 8047
3163 276
+4 276
-4 276
+2 1104
+1 276
+1 276
4550 276

fn=(968) realloc
3407 231
+6 42
+4 42
+7 42
5241 21
3433 21
5242 63
-1 42
+2 42
3538 189
5244 21
3441 42
+2 4
+1 8
+12 63
fi=(206) ./malloc/./malloc/arena.c
153 63
fe=(205)
3464 84
+1 42
1326 42
+19 126
3475 42
+31 42
+2 126
cfn=(972)
calls=21 4914 
* 6669
* 21
+1 105
fi=(206)
153 84
fe=(205)
3509 42

fn=(916) calloc
3699 678
+10 339
-10 2373
+10 2712
+8 678
+3 1017
+2 678
+34 1695
fi=(206)
153 678
fe=(205)
3732 339
+1 339
+21 678
-21 678
+21 339
cfn=(704)
calls=339 +92 
* 83001
+2 678
+81 1160
-41 339
-12 339
+12 678
+3 1695
+8 339
+2 678
+2 678
+5 145
+2 145
-2 145
+3 290
+2 130
+2 260
+2 121
+2 242
+2 224
-73 1017
+3 1017
+78 194
fi=(211)
59 388
fe=(205)
3837 1164
fi=(211)
59 194
cob=(4)
cfi=(176)
cfn=(918)
calls=194 -59 
* 133571
fe=(205)

fn=(692) malloc
3294 4240
+7 1060
1326 1058
+19 2650
3311 1060
+2 2120
+3 1058
+10 922
+28 2766
3248 4
cfn=(702) tcache_init.part.0
calls=1 -6 
* 473
+68 2
+2 1554
3178 138
+4 138
+4 69
+4 69
-4 207
+4 69
+1 69
3354 414
-26 1844
cfn=(704)
calls=461 3846 
* 80821
+1 2305
fi=(206)
153 922
264 1
cfn=(696) ptmalloc_init.part.0
calls=1 -2 
* 1151
fe=(205)
1326 2

fn=(872)
4665 390
+1 78
-1 234
+5 468
+3 156
+5 234
+3 156
+1 156
+1 156
1992 234
4689 156
+2 21
+2 21
-1 21
+2 84
+2 42
cfn=(974)
calls=21 1608 
* 459
+18 156
+6 152
+4 67
+9 67
-1 67
+1 201
+1 134
-1 9
-1 9
+1 27
+1 18
+2 76
+2 152
+5 76
+1 76
+2 228
+1 76
-45 76
-1 152
+1 456
-1 76
cfn=(874)
calls=76 +69 
* 1824
+1 2
-1 4
+1 12
-1 2
cfn=(874)
calls=2 +69 
* 72
+39 81
+16 2
+1 6
+1 4
-37 9
+1 9
-1 9
cfn=(974)
calls=9 1608 
* 195
+1 9
-47 234
-2 156

fn=(704)
3846 8998
1326 1636
+19 4902
3887 1624
1794 812
3914 1624
+65 1154
-63 2308
+3 577
+2 1154
+56 470
+62 195
+1 78
+20 804
-1 804
-1 804
+1 1608
+1 1608
-2 1606
+12 4020
-1 808
+4 808
+1 404
+2 808
-3 244
+1 122
+2 244
+1 1578
+2 526
+1 2104
+2 2104
-10 526
+12 1052
+1 1052
+2 1052
+11 1860
+29 145
+1 145
+4 290
+29 290
+8 204
+1 8
+1 8
-1 8
+4 16
-4 17
+1 17
-1 17
+4 34
+5 3
-2 3
+2 9
+1 6
+7 2
-1 8
+2 6
3887 12
+27 12
+66 792
+2 792
-2 792
+2 1584
+2 14
+1 28
+6 14
-4 14
+1 14
+1 14
+2 28
+7 56
-1 28
+1 28
+5 70
+1 8
-90 18
1345 6
3919 12
+2 12
+9 1749
4041 4
cfn=(1052) malloc_consolidate
calls=2 4811 
* 40340
* 2
+93 2
+1 2
-1 2
+1 4
-14 2
+19 4
+1 12
4487 9816
1985 14
4020 14
1985 28
4163 260
+1 390
+1 130
-1 130
+57 260
+9 130
-9 260
+9 130
-9 390
+1 130
+1 130
+1 130
+1 130
+6 260
-10 50
+9 25
-9 50
+9 25
-9 75
+1 25
+1 25
+1 25
+1 25
+6 50
4070 465
4246 66
+11 1299
+2 78
+3 26
-3 26
+3 52
+1 433
+71 1299
-4 433
+1 433
+1 433
-1 433
+1 433
+1 866
+1 1299
+5 1828
+16 336
+2 672
-4 806
+8 67
+3 134
+2 34
+1 34
+1 34
-2 136
-27 34
-99 620
3163 2
+4 2
-4 2
+2 16
+1 4
+1 2
4070 4
+29 782
+2 381
-1 762
+27 12
+1 12
+4 24
+29 29
+8 45
+49 22
-48 22
+48 66
4343 1281
+3 1656
-3 1188
+3 1556
-3 1152
+3 1400
-3 692
4443 400
+1 800
+2 800
+3 1200
+17 8
4070 209
-91 1254
4169 80
+23 3
+1 2
+6 1
+13 1
+1 2
-11 2
4343 27
+5 108
+1 54
+24 132
+3 66
+2 33
+3 66
-3 66
+3 33
cfn=(974)
calls=33 1608 
* 948
+3 132
+15 62
-5 31
+5 62
+1 62
+3 31
+1 31
+1 31
+3 62
+1 21
+1 62
+2 30
+3 120
+2 45
+1 15
1985 15
4421 15
1985 30
4415 128
+2 48
+1 16
1985 16
4421 16
1985 34
4421 2
1985 4
4387 2
-1 2
+1 4
4070 2
3199 2
-21 2
+4 4
+8 2
-4 8
+4 2
+1 4
4248 2
4105 369
-1 369
+3 369
-1 369
+1 738
+1 1107
+1 738
+2 634
+4 317
+6 317
-6 317
+7 317
-7 1902
+2 951
+5 317
-4 317
+4 317
cfn=(712)
calls=317 1985 
* 1268
-7 52
+6 52
-6 52
+7 52
-7 312
+2 156
+5 52
-4 52
+4 52
cfn=(712)
calls=52 1985 
* 208
+1 369
2552 2
+12 2
-12 10
+12 2
4460 1200
cfn=(712)
calls=400 1985 
* 1600
+1 400
-9 796
+2 796
-1 398
+1 398
-3 398
+3 398
+2 398
-2 1592
+2 398
+3 796
2553 2
+36 6
+1 2
-1 2
+1 2
+9 14
+6 3
+3 6
2921 6
+1 2
+4 2
+4 10
+5 2
-2 2
+5 2
-3 4
-3 2
+2 2
+1 2
+1 2
-1 6
+1 2
4482 2
2669 6
+8 4
+1 6
+13 2
+2 2
-2 4
+8 10
+8 4
+48 4
+40 3
+19 2
+3 2
+1 6
+2 1
+1 5
cfi=(208)
cfn=(706)
calls=1 25 
* 33
+12 4
-12 1
+12 1
2008 4
3882 1
2873 1
+3 1
-1 1
+1 4
+12 1
-11 1
+11 2
2783 1
-1 2
2017 2
2745 1
+1 1
+6 3
-6 1
+6 3
-6 1
+6 3
-6 1
+6 5
+1 6
-44 6
cfi=(208)
cfn=(706)
calls=2 25 
* 113
+1 4
-1 2
+1 2
2008 2
2711 2
2008 6
2712 2
+3 4
+29 10

fn=(702)
3242 4
+9 8
+1 3
cfn=(704)
calls=1 3846 
* 359
+1 2
+8 4
+9 1
fi=(211)
59 2
fe=(205)
3270 1
fi=(211)
59 86
fe=(205)
3274 3

fn=(1052)
4811 2
+17 2
-17 10
+28 2
-28 6
+15 2
+2 2
+13 4
+1 4
-1 36
+1 36
+62 60
+1 16
-31 1064
+4 612
+2 306
+1 612
+1 612
+2 612
-4 226
+1 452
+1 452
+2 452
+1 324
+4 162
+2 162
-2 324
+3 162
+9 324
-12 370
+2 370
-2 740
+3 370
+9 1266
-56 1064
+4 1596
+1 2128
+8 532
-3 1064
+3 532
-3 532
+4 532
-4 532
+5 532
-5 532
+5 1064
+2 1064
+1 242
+2 242
-1 242
+2 968
+2 1694
cfn=(974)
calls=242 1608 
* 5151
* 1210
+3 1064
+4 226
+1 678
+16 452
-16 226
cfn=(974)
calls=226 1608 
* 5181
* 904

fn=(866) free
3359 877
+4 1754
-4 2604
+14 868
-14 2604
+12 868
+4 868
-4 868
+4 1736
+17 2604
fi=(206)
153 2604
fe=(205)
3398 2604
cfn=(870)
calls=868 4495 
* 65629
+3 868
+1 5217

fl=(249) ./dirent/../sysdeps/unix/sysv/linux/opendir.c
fn=(888) opendir
82 9
-49 2
+53 2
cfi=(250) ./io/../sysdeps/unix/sysv/linux/open64_nocancel.c
cfn=(890) __open_nocancel
calls=1 -58 
* 27
* 1
-40 2
+7 3
cfi=(204)
cfn=(688)
calls=1 -23 
* 6
* 2
+2 4
+57 7
+3 2
cob=(4)
cfi=(176)
cfn=(690) 0x00000000049603f0
calls=1 0 
* 179
+1 2
+7 1
+2 1
+2 1
+1 1
+1 1
+1 1
+1 1
-44 8

fl=(319) ./posix/./posix/register-atfork.c
fn=(1202) __unregister_atfork
82 6
+1 6
-1 12
+1 6
fi=(320) ./posix/../malloc/dynarray-skeleton.c
243 3
fe=(319)
71 6
+38 12
+1 9

fl=(303)
fn=(1144)
31 3
+4 6
+2 3
+1 3
+1 6
+8 15

fl=(304)
fn=(1148)
28 7
+1 7
+1 7
+1 7
+13 7
+1 7
+16 7
+1 7
+1 7
+1 7
+1 7
+1 7
+1 7
+5 7
+1 7
+1 7
+1 7
+1 7

fl=(91) ./wcsmbs/../sysdeps/x86_64/multiarch/wcslen.c
fn=(300) wcslen
29 1
fi=(88)
+12 2
-1 4
+2 3
+3 2
+4 3
+3 3
fe=(91)
-23 1

fl=(175) ./nptl/./nptl/pthread_mutex_conf.c
fn=(558) __pthread_tunables_init
55 2
+1 2
-1 2
+1 2
-1 4
+1 1
cob=(4)
cfi=(176)
cfn=(560) 0x0000000004960720
calls=1 -56 
* 26
+2 4
cob=(4)
cfi=(176)
cfn=(560)
calls=1 -58 
* 25
+2 4
cob=(4)
cfi=(176)
cfn=(560)
calls=1 -60 
* 26
+2 6

fl=(265) ./ctype/../include/ctype.h
fn=(946) __ctype_b_loc
40 1481
+1 2962
+1 1481

fl=(131) ./debug/../sysdeps/x86_64/multiarch/memmove_chk.c
fn=(406) __memmove_chk
29 1
fi=(93)
+28 3
-1 2
+4 3
+14 2
+3 2
+8 2
+8 2
+3 5
fe=(131)

fl=(241) ./stdio-common/./stdio-common/snprintf.c
fn=(840) snprintf
26 1368
+4 114
+1 228
-1 570
+1 114
cfi=(242)
cfn=(842)
calls=114 +62 
* 39184
+4 570

fl=(254) ./string/../sysdeps/x86_64/multiarch/strstr-sse2-unaligned.S
fn=(904) __strstr_sse2_unaligned
22 114
+1 114
+1 114
+1 114
+1 114
+1 114
+1 114
+1 114
+1 114
+1 114
+1 114
+1 114
+1 114
+1 114
+1 114
+1 114
+1 114
+1 114
+1 114
+1 114
+1 114
+1 114
+1 114
+1 114
+1 114
+1 114
+1 114
+1 114
+1 114
+1 114
+1 114
+1 114
+1 114
+1 114
+1 114
+1 114
+1 114
+1 114
+1 114
+1 114
+1 114
+2 130
+1 130
+1 130
+1 130
+1 17
+1 17
+1 17
+1 17
+1 17
+1 1
+1 1
+9 2
+1 2
+1 2
+2 3
+1 3
+1 3
+2 1
+2 113
+1 113
+4 16
+1 16
+1 16

fl=(119) ./string/../sysdeps/x86_64/multiarch/strncase_l.c
fn=(366) strncasecmp_l
31 1
fi=(114)
+6 2
-1 4
fe=(119)
-5 2
fi=(114)
+7 3
+3 2
+4 3
+3 4
fe=(119)

fl=(163) ./string/../sysdeps/x86_64/multiarch/strstr.c
fn=(522) strstr
64 1
-13 4
+7 4
+6 1

fl=(172) ./ctype/./ctype/ctype-info.c
fn=(552) __ctype_init
29 1
+2 7
+2 4
+2 4
+1 1

fl=(235)
fn=(824)
28 920
+1 920
+1 920
+2 920
+1 920
+1 920
+12 920
+1 920
+1 920
+1 920
+1 920
+1 920
+1 920
+6 920
+1 920
+1 920

fl=(112) ./string/../sysdeps/x86_64/multiarch/strncmp.c
fn=(352) strncmp
67 2
-23 4
-1 8
+24 4
-22 6
+3 4
+4 6
+3 8

fl=(269) ./time/../sysdeps/unix/sysv/linux/clock_gettime.c
fn=(1012) clock_gettime@@GLIBC_2.17
30 2
+8 4
+2 4
+28 4
+1 4
-25 4

fl=(121) ./string/../sysdeps/x86_64/multiarch/memcmp.c
fn=(374) bcmp
29 1
fi=(122) ./string/../sysdeps/x86_64/multiarch/ifunc-memcmp.h
+5 5
+1 2
+1 2
+1 3
+3 2
+4 3
+3 4
fe=(121)
-18 2

fl=(81) ./string/../sysdeps/x86/cacheinfo.c
fn=(280) __x86_cacheinfo
86 1
fi=(82) ./string/../sysdeps/x86/cacheinfo.h
-27 1
+3 3
+2 1
+1 1
-1 2
+7 3
+2 1
+1 1
-1 2
+5 2
+2 2
+1 2
+1 2
+2 2
+2 2
fe=(81)

fl=(182) ./string/../sysdeps/x86_64/multiarch/strrchr-avx2.S
fn=(600) __strrchr_avx2
53 1
+1 1
+1 1
+2 1
+1 1
+4 1
+1 1
+1 1
+3 1
+2 1
+1 1
+1 1
+1 1
+25 1
+1 1
+1 1
+1 1
+1 1
+26 1
+1 1
+4 2
+24 1
+3 1
+1 1
+1 1
+1 1
+1 1
+1 1

fl=(191) ./setjmp/./setjmp/sigjmp.c
fn=(644) __sigjmp_save
28 6
+2 2
-1 1
+5 4

fl=(195) ./debug/./debug/printf_chk.c
fn=(656) __printf_chk
25 121
+7 1
-4 2
+4 1
-4 1
+4 1
+1 1
-1 1
-4 1
+5 1
-1 2
+1 2
cfi=(196)
cfn=(658)
calls=1 1522 
* 5716
-8 30
+7 10
-4 20
+4 10
-4 10
+4 10
+1 10
-1 10
-4 10
+5 10
-1 20
+1 20
cfi=(196)
cfn=(658)
calls=10 1522 
* 7393
+4 55

fl=(203) ./libio/./libio/filedoalloc.c
fn=(684) _IO_file_doallocate
78 33
+6 12
fi=(219)
1025 9
+1 6
fe=(203)
84 9
cfi=(201)
cfn=(686)
calls=3 1147 
* 27
* 6
+2 12
+11 12
+4 6
cob=(4)
cfi=(176)
cfn=(690)
calls=3 0 
* 2151
* 3
+1 6
+2 12
cfi=(202)
cfn=(716)
calls=3 329 
* 87
+1 3
+1 27

fl=(85) ./string/../sysdeps/x86_64/multiarch/strpbrk.c
fn=(288) strpbrk
29 1
fi=(322)
+7 5
fe=(85)
-7 1

fl=(200) ./string/../sysdeps/x86_64/multiarch/memmove-vec-unaligned-erms.S
fn=(674) __memcpy_avx_unaligned_erms
255 711
+1 711
+6 711
+1 711
+2 433
+1 433
+1 433
+3 306
+1 306
+1 306
+3 612
+30 278
+1 278
+2 261
+1 261
+2 122
+4 122
+1 19
+1 19
+1 19
+1 19
+1 8
+1 8
+2 8
+2 8
-2 11
+2 11
+6 103
+1 103
+1 103
+1 103
+1 103
+7 17
+1 17
+1 17
+1 17
+2 17
+17 139
+1 139
+1 139
+1 139
+1 139
+7 1
+1 1
+1 1
+1 1
+1 1
+1 1
+1 2
+5 127
+1 127
+5 127
+1 127
+2 5
+1 5
+1 5
+2 4
+1 4
+1 4
+1 4
+1 4
+1 4
+1 4
+1 4
+1 4
+1 4
+1 4
+1 4
+1 4
+1 4
+1 8
+4 122
+1 122
+4 122
+2 122
+4 122
+1 122
+11 122
+3 122
+2 122
+2 122
+4 122
+1 122
+9 121
+1 121
+2 121
+2 121
+1 121
+1 121
+3 121
+2 121
+2 121
+2 242
+6 121
+1 121
+1 121
+1 121
+1 121
+1 121
+1 121
+1 121
+1 121
+1 121
+1 121
+1 121
-11 610
+1 610
+1 610
+1 610
+1 610
+1 610
+1 610
+1 610
+1 610
+1 610
+1 610
+1 610
+2 121
+1 121
+1 121
+1 121
+2 121
+4 242
+13 1
+1 1
+2 1
+1 1
+1 1
+2 1
+2 1
+2 2
+6 1
+1 1
+1 1
+1 1
+1 1
+1 1
+1 1
+1 1
+1 1
+1 1
+1 1
+1 1
-11 2
+1 2
+1 2
+1 2
+1 2
+1 2
+1 2
+1 2
+1 2
+1 2
+1 2
+1 2
+2 1
+1 1
+1 1
+1 1
+2 1
+1 2

fn=(724) __mempcpy_avx_unaligned_erms
242 1
+1 1
+1 1
+1 1
+17 1
+1 1
+2 1
+1 1
+1 1
+3 1
+1 1
+1 1
+3 2

fn=(812) __memcpy_chk_avx_unaligned_erms
249 545
+1 545
+1 2725
+4 545
+1 545
+6 545
+1 545
+2 4
+1 4
+1 4
+38 541
+1 541
+2 541
+1 541
+55 541
+1 541
+1 541
+1 541
+1 541
+18 4
+1 4
+5 4
+1 4
+24 4
+1 4
+4 4
+2 4
+4 4
+1 4
+11 4
+3 4
+2 4
+2 4
+4 4
+1 4
+9 4
+1 4
+2 4
+2 4
+1 4
+1 4
+3 4
+2 4
+2 4
+2 8
+6 4
+1 4
+1 4
+1 4
+1 4
+1 4
+1 4
+1 4
+1 4
+1 4
+1 4
+1 4
-11 20
+1 20
+1 20
+1 20
+1 20
+1 20
+1 20
+1 20
+1 20
+1 20
+1 20
+1 20
+2 4
+1 4
+1 4
+1 4
+2 4
+4 8

fl=(232)
fn=(816)
48 3060
+6 360
+12 360
+76 1980
-71 180
+1 360
+69 180
-60 360
cfi=(233)
cfn=(818)
calls=180 -50 
* 3780
* 360
+2 180
+1 180
+4 360

fl=(258) ./string/../sysdeps/x86_64/multiarch/memset-vec-unaligned-erms.S
fn=(920) __memset_avx2_unaligned_erms
158 514
+1 1028
+5 514
+1 514
+1 513
+1 513
+1 513
+13 19
+1 19
+2 38
+53 513
+1 513
+6 509
+1 509
+12 509
+3 509
+1 509
+12 490
+1 490
+13 490
+1 490
+2 490
+3 441
+3 441
+3 441
+1 441
+1 441
+1 441
+1 441
+1 441
+1 441
-6 1500
+1 1500
+1 1500
+1 1500
+1 1500
+1 1500
+1 1941
+3 441
+1 441
+1 441
+1 441
+3 882
-6 49
+1 49
+1 49
+1 49
+3 98
+11 4
+1 4
+1 4
+1 125524
+1 4
+1 8
+7 1
+9 1
+1 1
+5 1
+1 1
+36 1
+1 1
+5 1

fl=(190)
fn=(642)
31 1
+2 1
+9 1
+1 2
+1 1
+4 1
+1 1
+1 1
+1 1
+1 1
+2 2
+2 1
+1 1
+1 1
+2 2
+2 1
+5 1
+1 1
+17 1
cfi=(191)
cfn=(644)
calls=1 -57 
* 13

fl=(103) ./string/../sysdeps/x86_64/multiarch/strchr.c
fn=(330) index
65 1
-22 2
+1 1
-2 4
+2 2
+3 2
+4 3
+3 3
+11 1

fl=(177) ./nptl/../sysdeps/unix/sysv/linux/x86/elision-conf.c
fn=(562) __lll_elision_init
92 2
+4 1
-4 2
+4 2
-4 1
+4 1
-4 3
+4 1
cob=(4)
cfi=(176)
cfn=(560)
calls=1 -96 
* 26
+2 4
cob=(4)
cfi=(176)
cfn=(560)
calls=1 -98 
* 26
+2 4
cob=(4)
cfi=(176)
cfn=(560)
calls=1 0 
* 26
+2 4
cob=(4)
cfi=(176)
cfn=(560)
calls=1 0 
* 26
+2 4
cob=(4)
cfi=(176)
cfn=(560)
calls=1 0 
* 26
+3 3
+1 1
+1 6

fl=(224)
fn=(790)
36 1140
+4 228
+1 228
cob=(4)
cfi=(176)
cfn=(792)
calls=114 -41 
* 2728
* 114
+5 570
cfi=(202)
cfn=(716)
calls=114 329 
* 3306
+5 342
-3 114
+1 114
+1 114
+3 114
+1 114
+1 114
+9 114
+1 684
-14 456

fl=(252)
fn=(896)
27 2
+3 6
+2 8
+1 2

fl=(311) ./dirent/../sysdeps/unix/sysv/linux/closedir.c
fn=(1176) closedir
31 1
+3 2
-3 4
+13 1
+6 1
cob=(4)
cfi=(176)
cfn=(864) 0x00000000049603e0
calls=1 -50 
* 170
+2 1
+1 2
-1 1
cfi=(246)
cfn=(862)
calls=1 -27 
* 6

fl=(89) ./string/../sysdeps/x86_64/multiarch/memset.c
fn=(296) memset
29 2
fi=(90) ./string/../sysdeps/x86_64/multiarch/ifunc-memset.h
+25 10
+3 6
+7 4
+9 4
+2 4
+10 4
+8 4
+3 10
fe=(89)

fl=(104) ./debug/../sysdeps/x86_64/multiarch/memset_chk.c
fn=(332) __memset_chk
29 1
fi=(105) ./debug/../sysdeps/x86_64/multiarch/ifunc-memset.h
+25 5
+3 3
+7 2
+9 2
+2 2
+10 2
+8 2
+3 5
fe=(104)

fl=(132) ./string/../sysdeps/x86_64/multiarch/stpcpy.c
fn=(410) stpcpy
33 1
fi=(118)
+5 2
+1 1
-1 2
+1 2
+3 2
+4 3
+3 3
fe=(132)
-16 1

fl=(206)
fn=(696)
262 1
fi=(207) ./malloc/../sysdeps/unix/sysv/linux/not-cancel.h
97 3
fe=(206)
262 7
+5 1
fi=(207)
97 3
fi=(205)
3143 2
fe=(206)
292 2
+4 3
fi=(205)
1946 4
+3 1
-3 1
+3 2
-3 2
+3 126
-3 126
+3 252
-3 252
+11 1
fe=(206)
300 3
fi=(205)
1958 1
+2 1
fe=(206)
300 1
cob=(4)
cfi=(176)
cfn=(560)
calls=1 0 
* 25
+1 4
cob=(4)
cfi=(176)
cfn=(560)
calls=1 0 
* 26
+1 4
cob=(4)
cfi=(176)
cfn=(560)
calls=1 0 
* 25
+1 4
cob=(4)
cfi=(176)
cfn=(560)
calls=1 0 
* 25
+1 4
cob=(4)
cfi=(176)
cfn=(560)
calls=1 0 
* 26
+1 4
cob=(4)
cfi=(176)
cfn=(560)
calls=1 0 
* 25
+1 4
cob=(4)
cfi=(176)
cfn=(560)
calls=1 0 
* 25
+2 4
cob=(4)
cfi=(176)
cfn=(560)
calls=1 0 
* 25
+1 4
cob=(4)
cfi=(176)
cfn=(560)
calls=1 0 
* 25
+1 4
cob=(4)
cfi=(176)
cfn=(560)
calls=1 0 
* 25
+3 4
cob=(4)
cfi=(176)
cfn=(560)
calls=1 0 
* 25
+1 4
cob=(4)
cfi=(176)
cfn=(560)
calls=1 0 
* 25
+2 2
+10 8

fl=(316) ./nptl/./nptl/pthread_mutex_unlock.c
fn=(1188) pthread_mutex_unlock@@GLIBC_2.2.5
367 1
51 3
+1 2
367 3
57 2
+8 1
-3 1
-23 1
+1 4
+1 1
+29 1
+2 1
369 2
74 2
+6 4
+4 3
+3 2

fl=(123) ./wcsmbs/../sysdeps/x86_64/multiarch/wmemset.c
fn=(378) wmemset
31 2
fi=(124) ./wcsmbs/../sysdeps/x86_64/multiarch/ifunc-wmemset.h
+5 10
+1 6
fe=(123)
-6 2

fl=(173) ./resource/../sysdeps/unix/sysv/linux/getrlimit64.c
fn=(554) getrlimit
38 2
+1 7
+1 1

fl=(120) ./string/../sysdeps/x86_64/multiarch/strchrnul.c
fn=(370) strchrnul
31 1
fi=(84)
+9 3
-2 4
fe=(120)
-7 2
fi=(84)
+10 2
+1 3
+3 2
+4 3
+3 5
fe=(120)

fl=(228)
fn=(800)
30 2964
+4 228
+1 456
+10 456
+1 228
+17 1368

fl=(171) ./elf/./elf/libc_early_init.c
fn=(550) __libc_early_init
33 9
+2 1
cfi=(172)
cfn=(552)
calls=1 -6 
* 17
+3 1
fi=(174) ./elf/../sysdeps/nptl/pthread_early_init.h
-5 2
fe=(171)
+8 1
-3 1
+3 1
fi=(174)
-8 1
cfi=(173)
cfn=(554)
calls=1 +5 
* 10
* 3
+1 1
+4 5
+7 1
fi=(325) ./elf/../nptl/nptl-stack.h
+16 3
fi=(174)
-16 1
fi=(325)
+16 2
fi=(174)
-7 1
fi=(325)
+7 3
fi=(174)
-9 1
-6 1
+2 2
+4 4
+1 1
+3 1
cfi=(175)
cfn=(558)
calls=1 -1 
* 104
fe=(171)
-9 3
+2 2
-2 1
cfi=(177)
cfn=(562)
calls=1 +45 
* 169

fl=(180) ./csu/./csu/init-first.c
fn=(594) _init_first
46 6
+5 2
+4 5
+8 1
-2 1
+10 1
-9 1
+1 1
+9 3
-1 1
cfi=(181) ./misc/./misc/init-misc.c
cfn=(596) __init_misc
calls=1 -41 
* 57

fl=(242)
fn=(842)
93 595
fi=(326) ./libio/../include/printf_buffer.h
+31 119
fe=(242)
-31 238
fi=(326)
+31 119
fe=(242)
-31 714
fi=(326)
+44 119
-13 119
+13 119
-10 119
+1 119
fe=(242)
-65 238
+3 119
+30 357
cfi=(196)
cfn=(664)
calls=119 600 
* 36740
-21 357
+1 119
+11 238
cfi=(212)
cfn=(726)
calls=119 -62 
* 2261
+11 714

fl=(197)
fn=(660)
108 11
+1 11
fi=(248)
+18 11
fe=(197)
-18 11
fi=(248)
+28 11
-9 11
+9 11
-13 11
fe=(197)
-13 11
fi=(248)
+13 11
fe=(197)
-12 11
cfn=(662) __printf_buffer_to_file_switch
calls=11 -83 
* 123

fn=(662)
29 12
+1 60
+10 1
+1 1
+3 4
+1 1
-1 44
+1 11

fn=(676)
117 11
+1 33
-1 11
-64 11
+64 66
-66 44
+2 33
+15 30
+18 30
+3 10
+2 20
+12 10
+19 10
-1 10
+1 40
-1 10
cfi=(212)
cfn=(726)
calls=10 -96 
* 190
+1 1
-1 1
+1 4
-1 1
cfi=(212)
cfn=(726)
calls=1 -96 
* 19
-56 2
cfn=(662)
calls=1 -36 
* 11
+1 1
-8 1
+1 1
fi=(327) ./stdio-common/../libio/libioP.h
1025 1
fe=(197)
58 1
+1 1
-1 1
fi=(327)
1025 2
+1 2
fe=(197)
59 2
cfi=(201)
cfn=(678)
calls=1 1198 
* 2107
* 2

fl=(321)
fn=(1264)
27 2
+3 2

fl=(83) ./string/../sysdeps/x86_64/multiarch/strnlen.c
fn=(284) strnlen
31 2
fi=(84)
+9 6
-2 8
fe=(83)
-7 4
fi=(84)
+10 4
+1 6
+3 4
+4 6
+3 10
fe=(83)

fl=(106) ./string/../sysdeps/x86_64/multiarch/strrchr.c
fn=(336) rindex
28 1
fi=(84)
+12 3
-2 4
fe=(106)
-10 2
fi=(84)
+13 2
+1 3
+3 2
+4 3
+3 5
fe=(106)

fl=(133) ./string/../sysdeps/x86_64/multiarch/memmove.c
fn=(414) memmove
29 1
fi=(99)
+28 3
-1 2
+4 3
+14 2
+3 2
+8 2
+8 2
+3 5
fe=(133)

fl=(183) ./libio/./libio/vtables.c
fn=(602) check_stdfiles_vtables
545 1
+1 4
+1 3
+1 3
+2 1

fl=(302)
fn=(1142)
33 4
+2 4
-2 8
+4 12
+1 20
+9 8
+9 4
-9 4
+9 8
+47 4
+4 4
-4 4
+4 4

fl=(307)
fn=(1156)
46 350
+3 50
234 225
62 25
+1 25
-16 25
+18 50
+7 129
+1 18
-1 36
+1 36
-1 36
+4 50
+3 25
+2 25
-13 1
-1 1
+1 1

fl=(202)
fn=(766) _IO_default_uflow
361 14
fi=(219)
1025 7
fe=(202)
361 21
+1 7
-1 7
fi=(219)
1025 14
+1 14
fe=(202)
362 14
cfi=(201)
cfn=(768)
calls=7 462 
* 1280
+1 14
+2 20
+1 28

fn=(716)
329 1309
+1 480
+5 238
-3 119
+3 238
-2 119
+2 238
+3 714
-7 2
cob=(4)
cfi=(176)
cfn=(864)
calls=2 0 
* 336
+4 4

fn=(732)
563 1276
+1 116
cfn=(734) _IO_old_init
calls=116 -33 
* 2672
+1 116
+1 232
+2 2
+4 2
+7 2
+2 2
-9 10
+15 2
+1 12
-1 114
+1 684
-2 228

fn=(772)
164 42
+1 21
+3 21
+4 14
+1 14
+7 7
-4 7
+4 7
-2 14
+3 7
+1 28

fn=(880)
601 12
+2 6
+6 6
+3 6
54 4
624 6

fn=(738)
87 28
+1 20
+18 36
-16 2
+2 6
-2 2
+2 8
cfi=(214)
cfn=(740)
calls=2 -68 
* 26
+1 14
+10 4
cfi=(214)
cfn=(742)
calls=2 -49 
* 18
+3 2
-11 10
+2 2
-2 2
+3 2
-3 2
+2 2
+3 8
+2 2
-2 2
+1 2
+1 10
-9 4
+1 2
+1 4

fn=(804)
635 4788
+3 2052
+1 1368
+9 684
+3 3420
-10 1368
+1 684
+5 684

fn=(852)
53 4
+1 8
+28 4
cfn=(854) __GI__IO_un_link.part.0
calls=2 -30 
* 200

fn=(854)
52 8
+6 2
-6 4
+6 2
-6 8
+6 8
cfi=(214)
cfn=(740)
calls=2 -34 
* 26
+1 14
+2 2
-1 2
+1 20
+4 4
+9 4
+2 12
+3 4
cfi=(214)
cfn=(742)
calls=2 -25 
* 18
+3 18
-19 2
-2 4
+2 4
+13 6
+2 2
-2 2
+1 2
+1 10
-12 6
-7 6

fn=(682)
343 3
+1 6
-1 21
+3 9
+1 3
fi=(219)
1025 9
+1 6
fe=(202)
347 6
cfi=(203)
cfn=(684)
calls=3 78 
* 2421
* 6
+3 18

fn=(734)
531 116
+3 116
-2 116
+2 116
+5 116
-7 116
+2 116
+10 116
-10 116
+16 116
-11 116
-5 116
+16 116
-16 116
+21 116
-16 580
+16 232
+1 4
+2 116

fn=(764)
299 35
+1 7
-1 7
+1 14
+5 21
+3 7
173 7
308 14
+2 14
+6 14
+7 7
fi=(219)
1025 21
+1 14
fe=(202)
323 14
+1 21
-1 7
cfn=(766)
calls=7 +38 
* 1440
-23 14
+21 21

fn=(858)
937 12
+2 4
+5 6
+2 6

fn=(1256) _IO_flush_all
686 5
+5 1
-5 1
+5 1
-5 6
+5 4
cfi=(214)
cfn=(740)
calls=1 24 
* 13
+1 6
-5 1
fi=(219)
1025 2
fe=(202)
705 1
fi=(219)
1025 2
+1 2
fe=(202)
705 3
cfi=(201)
cfn=(680)
calls=1 +27 
* 135
+1 3
+2 33
+1 3
-14 9
+2 3
+1 27
+2 20
+13 7
+1 2
cfi=(214)
cfn=(742)
calls=1 54 
* 9
+4 12
-20 9
-6 2
-5 2
+8 1
-3 1
+3 2

fn=(1254)
842 6
-66 1
+66 6
+1 1
cfn=(1256)
calls=1 686 
* 328
-67 2
+67 1
-67 3
cfi=(214)
cfn=(740)
calls=1 24 
* 13
+1 6
fi=(219)
1025 1
fe=(202)
785 1
-1 1
+1 4
-1 2
+1 25
+9 6
+2 4
+4 1
-2 1
+3 1
-3 1
+2 2
+5 1
fi=(219)
1025 2
+1 2
fe=(202)
805 4
cfi=(201)
cfn=(1260)
calls=1 382 
* 87
+2 3
+9 1
-2 1
+2 2
-2 1
+2 2
+1 3
-37 9
+41 7
+1 2
cfi=(214)
cfn=(742)
calls=1 54 
* 9
+33 12
-78 2
+39 24
-2 1
+2 1
-31 6
+7 7
-15 1
+3 2
-3 1
+3 2

fn=(1262)
452 8
fi=(219)
1025 1
fe=(202)
452 1
+1 1
-1 1
fi=(219)
1025 2
+1 2
fe=(202)
453 2
cfi=(201)
cfn=(1030)
calls=1 793 
* 21
* 2
+4 1
330 1
462 1
-7 2
332 1
466 1
337 1
-4 1
+4 1
467 1
-1 3
+2 6
-11 1
+1 2
-1 1
330 4

fn=(720)
371 11
+3 4
fi=(219)
1025 1
fe=(202)
373 2
+24 1
+2 2
-20 4
+2 1
+1 2
+2 2
+2 2
+1 1
-1 1
cob=(4)
cfi=(176)
cfn=(722) 0x0000000004960430
calls=1 0 
* 16
* 1
+1 1
-12 1
+29 8

fl=(318) ./stdlib/./stdlib/cxa_finalize.c
fn=(1200) __cxa_finalize
30 6
+3 6
-3 24
+3 15
+3 12
+4 21
-4 9
+57 12
+4 18
-4 9
+12 6
cfi=(319)
cfn=(1202)
calls=3 -23 
* 60
+1 12
+1 24

fl=(181)
fn=(596)
30 1
+1 2
-1 4
+1 4
+2 3
cob=(4)
cfi=(176)
cfn=(598) 0x0000000004960660
calls=1 -33 
* 31
+4 5
+1 3
+2 4

fl=(213) ./libio/./libio/iofopen.c
fn=(730) fopen@@GLIBC_2.2.5
85 14
-20 2
+20 4
-20 2
cob=(4)
cfi=(176)
cfn=(690)
calls=2 -65 
* 236
+2 6
+3 2
+2 4
-2 2
+2 10
cfi=(202)
cfn=(732)
calls=2 563 
* 112
+1 2
+1 2
-1 2
+1 2
cfi=(201)
cfn=(736)
calls=2 +32 
* 204
+1 10
cfi=(201)
cfn=(744)
calls=2 213 
* 430
* 4
-38 4
+50 14

fl=(305)
fn=(1150)
27 4
+1 36
+7 4

fl=(260) ./string/../sysdeps/x86_64/multiarch/strncpy-avx2.S
fn=(928) __strncpy_avx2
54 420
+18 420
+3 420
+3 420
+1 420
+1 420
+1 420
+1 420
+3 420
+1 420
+1 420
+4 420
+7 420
+2 420
+4 1
+2 1
+1 1
382 1
+1 1
+1 1
+5 1
+1 1
+3 1
+1 1
+1 1
+1 1
+23 1
+1 1
+1 1
+1 1
+2 1
+1 1
+1 1
+3 1
+1 1
+2 1
+1 1
+1 1
+13 2
+57 419
+1 419
+1 419
+1 419
+1 419
+1 419
+1 838
+6 419
+1 419
+1 419
+1 3
+1 3
+4 3
+7 419
+2 419
+1 419
+1 419
+2 419
+1 419
+1 419
+44 416
+1 416
+1 416
+1 416
+11 416

fl=(92) ./debug/../sysdeps/x86_64/multiarch/mempcpy_chk.c
fn=(304) __mempcpy_chk
29 1
fi=(93)
+28 3
-1 2
+4 3
+14 2
+3 2
+8 2
+8 2
+3 5
fe=(92)

fl=(204)
fn=(688)
30 4
+9 16
+33 4

fl=(217) ./libio/./libio/iofgets.c
fn=(758) fgets
32 2891
+5 1652
+2 826
+8 3717
+4 413
+1 413
+1 826
-1 413
+1 1652
-2 413
+2 413
cfi=(218)
cfn=(760)
calls=413 -20 
* 48291
+3 413
+1 413
-1 826
+7 4
fi=(219)
979 4
+1 3304
fe=(217)
66 2891
-10 822
+4 411
+3 411
-2 411
+2 822
fi=(219)
979 1233
fe=(217)
47 2065

fl=(245) ./libio/./libio/iofclose.c
fn=(850) fclose@@GLIBC_2.2.5
34 16
+14 6
+9 2
fi=(219)
1025 6
+1 4
fe=(245)
57 6
cfi=(201)
cfn=(878)
calls=2 168 
* 68
+1 6
+13 4
fi=(219)
951 8
+1 8
+6 4
cob=(4)
cfi=(176)
cfn=(864)
calls=2 0 
* 174
fe=(245)
76 14
-27 2
cfi=(202)
cfn=(852)
calls=2 +4 
* 208
+2 16
+1 4
+1 4
cfi=(201)
cfn=(856)
calls=2 +75 
* 570
fi=(219)
979 2
fe=(245)
53 2
fi=(219)
979 6
+1 18
fe=(245)
51 10

fl=(186) ./csu/../csu/libc-start.c
fn=(618) __libc_start_main@@GLIBC_2.34
242 13
+69 3
+1 3
cfi=(187)
cfn=(620)
calls=1 67 
* 72
+25 6
+6 2
-3 2
+10 2
cob=(4)
cfi=(176)
cfn=(634) 0x00000000049607b0
calls=1 0 
* 7
+2 2
+8 4
cfi=(188)
cfn=(638)
calls=1 29 
* 28658342
128 2
+6 3
+1 6
cob=(4)
cfi=(176)
cfn=(624) 0x0000000000109000
calls=1 0 
* 7
* 1
+3 1
+1 2
+3 2
+1 2
-1 1
+2 7
+1 4
cob=(6)
cfi=(185) ???
cfn=(628) 0x0000000000001e50
calls=1 0 
* 12
-1 4

fl=(107) ./wcsmbs/../sysdeps/x86_64/multiarch/wcscmp.c
fn=(340) wcscmp
30 1
fi=(101)
+10 3
-2 4
fe=(107)
-8 2
fi=(101)
+11 2
+1 3
+3 2
+4 3
+3 5
fe=(107)

fl=(250)
fn=(890)
28 2
+3 1
-3 6
+3 6
+8 7
+2 5

fl=(125) ./string/../sysdeps/x86_64/multiarch/strcpy.c
fn=(382) strcpy
29 1
fi=(118)
+9 2
+1 1
-1 2
+1 2
+3 2
+4 3
+3 3
fe=(125)
-20 1

fl=(255) ./debug/./debug/snprintf_chk.c
fn=(908) __snprintf_chk
27 12
+1 2
+9 1
+1 1
-1 4
-4 2
+4 1
-4 1
+5 2
cfi=(242)
cfn=(842)
calls=1 +55 
* 561
+4 5

ob=(3) /usr/lib/x86_64-linux-gnu/libm.so.6
fl=(153) ./math/../sysdeps/x86_64/fpu/multiarch/e_log2f.c
fn=(476) log2f@@GLIBC_2.27
27 1
fi=(142) ./math/../sysdeps/x86_64/fpu/multiarch/ifunc-fma.h
+2 4
+1 3
fe=(153)
-3 1

fl=(158) ./math/../sysdeps/x86_64/fpu/multiarch/s_fma.c
fn=(496) fma
49 6

fl=(149) ./math/../sysdeps/x86_64/fpu/multiarch/s_sincosf.c
fn=(464) sincosf
26 1
fi=(142)
+3 4
+1 3
fe=(149)
-4 1

fl=(148) ./math/../sysdeps/x86_64/fpu/multiarch/e_log2.c
fn=(460) log2@@GLIBC_2.29
27 1
fi=(142)
+2 4
+1 3
fe=(148)
-3 1

fl=(147) ./math/../sysdeps/x86_64/fpu/multiarch/e_logf.c
fn=(456) logf@@GLIBC_2.27
27 1
fi=(142)
+2 4
+1 3
fe=(147)
-3 1

fl=(151) ./math/../sysdeps/x86_64/fpu/multiarch/e_pow.c
fn=(472) __pow_finite@GLIBC_2.15
27 1
fi=(152) ./math/../sysdeps/x86_64/fpu/multiarch/ifunc-fma4.h
+4 4
+1 2
fe=(151)
-5 1

fl=(141) ./math/../sysdeps/x86_64/fpu/multiarch/s_cosf.c
fn=(440) cosf
26 1
fi=(142)
+3 4
+1 3
fe=(141)
-4 1

fl=(294) ./math/../sysdeps/x86_64/fpu/s_fmax.S
fn=(1100) fmax
23 1
+1 1
+1 1
+1 1
+1 1
+23 1

fl=(157) ./math/../sysdeps/x86_64/fpu/multiarch/s_sinf.c
fn=(492) sinf
26 1
fi=(142)
+3 4
+1 3
fe=(157)
-4 1

fl=(184) ???
fn=(608) 0x00000000000104e0
0 12

fn=(1246) 0x0000000000010430
0 5

fn=(1236) 0x00000000000104a0
0 9
cob=(4)
cfi=(176)
cfn=(1242) 0x000000000485f220
calls=1 0 
0 80
0 1
cfn=(1246)
calls=1 0 
0 5
0 3

fl=(150) ./math/../sysdeps/x86_64/fpu/multiarch/e_powf.c
fn=(468) powf@@GLIBC_2.27
30 1
fi=(142)
-1 4
+1 4
fe=(150)

fl=(161) ./math/../sysdeps/x86_64/fpu/multiarch/e_atan2.c
fn=(510) __atan2_finite@GLIBC_2.15
26 1
fi=(144) ./math/../sysdeps/x86_64/fpu/multiarch/ifunc-avx-fma4.h
+6 5
+1 2
fe=(161)
-7 1

fl=(156) ./math/../sysdeps/x86_64/fpu/multiarch/e_asin.c
fn=(498) __asin_finite@GLIBC_2.15
27 1
fi=(152)
+4 4
+1 2
fe=(156)
-5 1

fn=(488) __acos_finite@GLIBC_2.15
35 1
fi=(152)
-4 4
+1 2
+3 1
fe=(156)

fl=(146) ./math/../sysdeps/x86_64/fpu/multiarch/s_sin.c
fn=(452) cos
34 1
fi=(144)
-2 5
+1 2
fe=(146)
+1 1

fn=(514) sin
27 1
fi=(144)
+5 5
+1 2
fe=(146)
-6 1

fl=(159) ./math/../sysdeps/x86_64/fpu/multiarch/s_expm1.c
fn=(502) expm1
26 1
fi=(142)
+3 4
+1 3
fe=(159)
-4 1

fl=(145) ./math/../sysdeps/x86_64/fpu/multiarch/e_expf.c
fn=(448) expf@@GLIBC_2.27
27 1
fi=(142)
+2 4
+1 3
fe=(145)
-3 1

fl=(154) ./math/../sysdeps/x86_64/fpu/multiarch/s_log1p.c
fn=(480) __log1p
26 1
fi=(142)
+3 4
+1 3
fe=(154)
-4 1

fl=(160) ./math/../sysdeps/x86_64/fpu/multiarch/e_exp2f.c
fn=(506) exp2f@@GLIBC_2.27
27 1
fi=(142)
+2 4
+1 3
fe=(160)
-3 1

fl=(143) ./math/../sysdeps/x86_64/fpu/multiarch/e_exp.c
fn=(444) __exp_finite@GLIBC_2.15
27 1
fi=(144)
+5 5
+1 2
fe=(143)
-6 1

fl=(162) ./math/../sysdeps/x86_64/fpu/multiarch/s_sincos.c
fn=(518) sincos
26 1
fi=(152)
+5 4
+1 2
fe=(162)
-6 1

fl=(155) ./math/../sysdeps/x86_64/fpu/multiarch/e_log.c
fn=(484) __log_finite@GLIBC_2.15
27 1
fi=(144)
+5 5
+1 2
fe=(155)
-6 1

ob=(1)
fl=(54) ./io/../sysdeps/unix/sysv/linux/read_nocancel.c
fn=(174) __read_nocancel
25 3
+1 12
+1 3

fl=(1) ???
fn=(0) 0x000000000001f540
0 2
cfi=(2) ./elf/./elf/rtld.c
cfn=(2) _dl_start
calls=1 517 
0 195908
0 8
cfi=(76) ./elf/../sysdeps/x86_64/dl-cet.c
cfn=(576) _dl_cet_setup_features
calls=1 331 
0 4
0 10
cfi=(178) ./elf/./elf/dl-init.c
cfn=(580) _dl_init
calls=1 81 
0 493
0 3
cob=(6)
cfi=(185)
cfn=(616) (below main)
calls=1 0 
0 28658524

fl=(58) ./misc/../sysdeps/unix/sysv/linux/setvmaname.c
fn=(184) __set_vma_name
33 2
+2 7
-2 4
+7 1
-7 2
+7 1
-7 2
+7 1
-7 1
+7 1
cfi=(11) ./elf/./elf/dl-tunables.c
cfn=(28) __tunable_get_val
calls=1 387 
* 24
* 3
+7 1
+2 6

fl=(24) ./elf/../sysdeps/nptl/dl-tls_init_tp.c
fn=(86) rtld_mutex_dummy
42 10
+2 20

fn=(68) __tls_pre_init_tp
53 3
+3 8
+5 1
-5 1
+5 1
+1 1
-6 1
+8 1

fn=(256) __tls_init_tp
68 2
fi=(328) ./elf/../include/list.h
-24 1
fe=(24)
+24 3
fi=(328)
-25 1
fe=(24)
+26 1
+3 1
fi=(328)
-29 1
+1 1
+1 1
+2 1
fe=(24)
+28 4
+1 2
+1 1
+5 2
+5 1
+6 1
-3 1
+3 1
-6 3
+6 1
+12 4
cfi=(11)
cfn=(28)
calls=1 387 
* 24
fi=(75) ./elf/../sysdeps/unix/sysv/linux/rseq-internal.h
-73 3
+8 1
fe=(24)
+81 3
+7 2
+1 3
fi=(75)
-95 7
+3 2
fe=(24)

fl=(44) ./string/./string/strdup.c
fn=(138) strdup
40 24
+1 4
cfi=(22) ./string/../sysdeps/x86_64/multiarch/../multiarch/strlen-sse2.S
cfn=(62) strlen
calls=4 +16 
* 122
* 4
fi=(329) ./string/../include/rtld-malloc.h
+15 8
cfi=(27) ./elf/./elf/dl-minimal-malloc.c
cfn=(78) __minimal_malloc
calls=4 -20 
* 120
fe=(44)
-12 8
+3 12
+1 12
-1 4
cfi=(29) ./string/../sysdeps/x86_64/multiarch/memmove-vec-unaligned-erms.S
cfn=(82) memcpy
calls=4 210 
* 52

fl=(71) ./malloc/./malloc/scratch_buffer_set_array_size.c
fn=(228) __libc_scratch_buffer_set_array_size
30 39
+4 3
+1 6
+10 6
+18 3
-17 3
+17 15

fl=(70) ./io/../sysdeps/unix/sysv/linux/pread64_nocancel.c
fn=(224) __pread64_nocancel
25 4
+1 8
+1 2

fl=(50) ./elf/./elf/dl-catch.c
fn=(236) _dl_receive_error
186 2
58 1
186 4
+2 1
-2 1
58 1
+1 1
+11 1
192 1
+2 1
cfi=(2)
cfn=(238) version_check_doit
calls=1 674 
* 9235
69 2
+1 1
198 1
-1 1
+1 3

fn=(160) _dl_catch_exception
204 36
58 6
204 12
+3 12
+22 6
-1 6
+1 6
58 12
235 18
cfi=(51) ./setjmp/../sysdeps/x86_64/setjmp.S
cfn=(162) __sigsetjmp
calls=6 31 
* 144
* 18
+2 18
cfi=(64) ./elf/./elf/dl-deps.c
cfn=(206) openaux
calls=5 61 
* 11291
cfi=(2)
cfn=(164) map_doit
calls=1 641 
* 2662
69 6
+1 6
-1 6
+1 6
239 24
-25 6
+34 18
59 12
+11 18

fn=(158) _dl_catch_error
254 6
+2 1
-2 6
+2 1
cfn=(160)
calls=1 -52 
* 2728
+1 2
+1 1
+1 1
-1 1
+1 1
+2 6

fl=(27)
fn=(74) __minimal_calloc
80 10
+4 10
-4 40
+7 10
+1 30
fi=(28) ./elf/../include/rtld-malloc.h
-32 10
cfi=(27)
cfn=(78)
calls=10 -20 
* 407
fe=(27)

fn=(78)
36 232
+1 87
+11 84
+3 28
-3 28
+3 56
-3 2
+3 1
-3 1
+3 110
+19 29
+1 29
+2 174
-17 8
+1 4
+2 2
+1 14
cfi=(57) ./misc/../sysdeps/unix/sysv/linux/mmap64.c
cfn=(182) mmap
calls=2 -13 
* 52
* 2
+2 4
+2 8
cfi=(58)
cfn=(184)
calls=2 -31 
* 56
+1 6
+2 2
+4 2
-4 4
-24 1
-1 1
+1 1
+1 2
-2 2

fn=(142) __minimal_free
97 1
+2 4

fl=(43) ./string/../sysdeps/x86_64/multiarch/../multiarch/memset-vec-unaligned-erms.S
fn=(130) memset
132 8
+1 40
+5 8
+1 8
+3 2
+1 2
244 2
+1 2
+12 2
+3 2
+1 2
+12 2
+1 2
+13 2
+1 2
+2 2
+3 1
+3 2
+3 1
+1 1
+1 1
+1 1
+1 1
+1 1
+1 1
-6 34
+1 34
+1 34
+1 34
+1 34
+1 34
+1 34
+3 2
+1 2
+1 2
+1 2
+5 2
+34 6
+2 6
+1 6
+39 6
+1 6
+2 6

fl=(30) ./elf/./elf/dl-load.c
fn=(176) _dl_map_object_from_fd
944 30
+15 3
-15 6
+15 3
-15 6
+15 6
+77 12
+10 6
+7 21
cfi=(26) ./elf/./elf/dl-object.c
cfn=(72) _dl_new_object
calls=3 59 
* 1184
* 3
+1 6
+11 3
+5 3
-4 3
-1 3
+2 3
+2 3
-2 3
+2 6
+1 9
+1 4
+19 4
-2 2
+2 22
-2 1
+2 37
+10 3
-10 3
+10 9
+27 3
-33 3
-3 3
+2 3
-1 3
+35 3
+9 3
-50 3
+41 3
+9 3
-36 3
+63 15
-62 124
+26 84
+8 24
+1 12
-1 12
+1 48
+1 12
-1 12
+1 12
+2 12
-2 12
+2 12
+2 12
-4 12
+1 12
+3 12
-4 12
+4 60
+2 24
+13 24
+1 45
+5 9
+1 81
-28 18
-35 27
+62 3
+1 27
-28 6
-35 72
+1 185
1213 3
1100 3
1213 6
1100 9
1218 21
+10 9
+1 3
-1 3
+1 3
-1 9
+1 9
-1 9
+1 9
-1 27
1066 6
1235 6
+10 12
+7 12
fi=(59) ./elf/./dl-map-segments.h
28 3
fe=(30)
1252 9
fi=(59)
28 6
+1 24
cfi=(57)
cfn=(182)
calls=3 +18 
* 84
+73 6
-1 3
-72 3
+73 3
+3 6
+1 3
+2 3
-3 3
+1 3
+2 3
+17 3
-44 3
fi=(60) ./elf/./dl-load.h
+10 24
fi=(59)
+58 48
+6 3
+2 3
-2 3
+1 3
+2 6
-1 6
+3 6
+5 6
+3 9
+8 18
cfi=(43)
cfn=(130)
calls=3 -44 
* 301
* 3
+6 6
+12 12
-59 72
+2 36
+2 72
cfi=(57)
cfn=(182)
calls=9 -92 
* 189
* 18
fe=(30)
1264 3
fi=(56) ./elf/../sysdeps/posix/dl-fileid.h
37 6
cfi=(55) ./io/../sysdeps/unix/sysv/linux/fstat64.c
cfn=(178) fstat
calls=3 -7 
* 18
* 6
fe=(30)
989 6
fi=(56)
40 9
fe=(30)
989 3
fi=(56)
40 3
fe=(30)
989 39
+1 18
fi=(56)
49 24
fe=(30)
1519 27
1074 13
+1 2
-1 1
+1 1
-1 1
+1 1
cfi=(70)
cfn=(224)
calls=1 25 
* 7
* 2
+46 2
+1 1
-15 6
+7 3
+2 3
-2 3
+1 3
+1 3
-1 6
+1 24
+60 3
+5 1
-1 2
+5 1
-5 2
-66 1
+71 4
+1 1
+3 1
-3 1
+8 4
+15 6
+1 3
1008 6
1268 12
+1 9
fi=(61) ./elf/./elf/get-dynamic-info.h
39 6
+6 3
-2 3
+11 3
+1 3
-10 6
+8 6
+15 6
-23 24
+23 76
-23 304
+4 164
+3 23
-1 46
+3 68
+1 56
+1 15
+16 12
+12 11
+1 12
+1 12
+1 12
+1 11
+1 11
+1 11
+1 12
+12 3
+7 3
-7 21
+7 7
+5 4
+7 4
+1 9
+6 9
+1 6
+17 9
+5 4
+2 4
+2 4
+2 4
+4 9
+2 9
+1 6
+9 6
+6 6
+4 6
fe=(30)
1275 6
+1 6
+2 6
+10 9
+19 9
+2 18
+52 9
+1 2
+6 27
+1 60
+6 12
cfn=(88) _dl_process_pt_gnu_property
calls=3 868 
* 244
-7 75
+1 36
+6 36
-6 72
fi=(31) ./elf/../sysdeps/x86/dl-prop.h
149 12
fe=(30)
1380 6
cfi=(62) ./io/../sysdeps/unix/sysv/linux/close_nocancel.c
cfn=(194) __GI___close_nocancel
calls=3 25 
* 18
* 6
+13 6
+2 12
+2 6
+16 6
cfi=(8) ./elf/./elf/dl-setup_hash.c
cfn=(14) _dl_setup_hash
calls=3 25 
* 81
+4 6
+1 6
+17 6
+1 1
+3 1
+5 1
-5 1
+5 1
-5 2
+5 2
-5 2
+5 2
+5 6
+12 24
+10 6
+1 4
+5 2
cfi=(46) ./elf/../elf/dl-tls.c
cfn=(226) _dl_assign_tls_modid
calls=1 125 
* 12
+7 9
cfi=(26)
cfn=(84) _dl_add_to_namespace_list
calls=3 31 
* 165
+3 6
+4 6
cfi=(45) ./elf/./elf/dl-debug.c
cfn=(196) _dl_debug_update
calls=3 38 
* 21
* 3
+1 9
+22 21
+1 9
cfi=(48) ./elf/./elf/dl-audit.c
cfn=(198) _dl_audit_objopen
calls=3 77 
* 15
* 3
fi=(60)
92 8
+2 2
-1 2
+1 2
-1 2
+1 2
-1 2
+1 2
-1 4
+3 8
fi=(61)
-37 12
+3 12
+2 12
181 6
-22 4
fe=(30)
1510 6
1074 2
fi=(59)
186 8
cfi=(57)
cfn=(182)
calls=1 47 
* 21
+3 2
fe=(30)
1462 9
+2 2
-1 10
+1 2
-1 2
+1 2
-1 2
cfi=(32) ./string/../sysdeps/x86_64/multiarch/../multiarch/strcmp-sse2.S
cfn=(94) strcmp
calls=2 98 
* 70
* 4
+2 5

fn=(106) _dl_init_paths
706 11
+14 1
-14 2
+14 2
cfi=(37) ./elf/./elf/dl-hwcaps.c
cfn=(108) _dl_important_hwcaps
calls=1 172 
* 1244
fi=(28)
56 1
fe=(30)
720 1
fi=(28)
56 1
cfi=(27)
cfn=(78)
calls=1 -20 
* 30
fe=(30)
725 1
+2 3
+8 2
-1 3
+5 3
fi=(28)
56 1
cfi=(27)
cfn=(78)
calls=1 -20 
* 30
fe=(30)
739 1
+2 4
+7 1
+8 1
+2 1
+12 2
-23 1
+9 1
+11 1
-4 1
-5 1
+3 2
+7 2
+2 2
-11 1
+11 3
-8 1
+4 1
+1 3
+1 16
cfi=(43)
cfn=(130)
calls=4 132 
* 56
+2 15
-14 3
+10 3
+4 9
-12 3
-2 3
+2 3
+4 3
-3 3
+3 3
+1 3
-2 3
+5 9
+1 6
+3 1
+15 1
-8 1
+5 1
-6 1
+9 2
+2 4
+2 3
+36 5
+2 2
cfi=(22)
cfn=(62)
calls=1 57 
* 17
* 9
-19 1
-2 1
+2 2
+19 9
cfi=(29)
cfn=(82)
calls=1 210 
* 11
* 1
+5 4
-1 2
+2 1
+1 2
-2 4
+1 13
+1 26
-2 52
+5 1
fi=(28)
56 1
cfi=(27)
cfn=(78)
calls=1 -20 
* 30
fe=(30)
836 1
fi=(28)
56 1
fe=(30)
838 2
+6 6
cfn=(132) fillin_rpath.isra.0
calls=1 468 
* 581
+3 3
+6 1
+4 8
-35 2
+5 2

fn=(88)
868 4
+8 4
-8 8
+8 4
-6 4
+12 8
-13 4
+13 4
-13 4
+13 8
+3 12
+1 8
+1 8
+3 12
+1 12
+4 4
+1 8
+22 4
+2 4
-2 8
+2 12
-20 14
+1 7
+3 14
+3 7
+1 28
fi=(31)
95 28
+7 14
+16 7
-3 14
254 8
+1 4
+2 16
+3 4
-8 6
+5 3
-4 3
+4 9
+3 3
-2 1
fe=(30)

fn=(208) open_path
1812 16
+1 2
-1 6
+1 2
+6 4
+5 34
+67 4
-74 2
+7 6
+57 2
-65 2
+65 2
+10 4
-64 4
+8 12
+7 4
-11 2
+12 2
-1 8
cfi=(29)
cfn=(126) mempcpy
calls=2 197 
* 26
+1 20
+50 2
-2 4
-48 22
+3 12
+5 28
cfi=(29)
cfn=(126)
calls=4 197 
* 52
* 16
cfi=(29)
cfn=(126)
calls=4 197 
* 52
+3 8
+6 12
+3 28
cfn=(170) open_verify.constprop.0
calls=4 1572 
* 224
* 4
+2 12
+2 6
+93 18
-88 6
+1 21
+6 3
+2 6
-2 6
+2 3
cfi=(65) ./io/../sysdeps/unix/sysv/linux/stat64.c
cfn=(210) stat
calls=3 28 
* 46
* 3
+3 3
-3 6
+1 2
+9 8
+2 1
-2 2
+2 4
+44 16
+6 4
-2 2
+2 4
+3 6
1822 4
+2 4

fn=(204) _dl_dst_count
238 10
+3 5
-3 25
+7 5
-7 10
+3 5
cfi=(41) ./string/../sysdeps/x86_64/multiarch/../multiarch/strchr-sse2.S
cfn=(118) index
calls=5 32 
* 168
+3 10
+20 45

fn=(166) _dl_map_object
1967 72
+8 12
+1 24
+3 111
+5 126
+2 54
cfi=(52) ./elf/./elf/dl-misc.c
cfn=(168) _dl_name_match_p
calls=18 68 
* 2019
* 36
+4 30
+1 45
+4 6
-1 30
+1 6
+1 6
-1 6
+1 12
cfi=(32)
cfn=(94)
calls=6 98 
* 207
* 12
2270 57
2011 9
-1 6
+9 3
-50 3
+50 6
+17 6
-2 3
+2 3
cfi=(41)
cfn=(118)
calls=3 32 
* 72
* 6
2202 2
-1 3
cfn=(136) expand_dynamic_string_token
calls=1 385 
* 175
+6 1
-7 1
+1 1
+2 2
+4 7
cfn=(170)
calls=1 1572 
* 106
+3 2
-3 1
+3 1
+12 4
+45 1
+1 5
-1 1
+1 8
cfn=(176)
calls=1 944 
* 1940
-1 2
+1 10
-1 2
+1 16
cfn=(176)
calls=2 944 
* 4412
* 9
2040 4
cfi=(22)
cfn=(62)
calls=2 57 
* 34
* 4
+2 4
+7 8
+51 26
cfn=(208)
calls=2 1812 
* 824
+6 2
-6 2
+6 4
2222 8
+46 4
682 2
2107 2
682 4
2135 4
cfi=(67) ./elf/./elf/dl-cache.c
cfn=(214) _dl_load_cache_lookup
calls=2 403 
* 2812
* 2
+2 4
+4 4
+31 2
-23 4
+23 14
cfn=(170)
calls=2 1572 
* 246
+4 4
-4 2
+4 2
+1 2
+17 4
2074 10
682 2
2075 2
682 6
2099 4
+1 4
-47 2
+1 2
696 10
2058 6
682 2
2059 2
682 4
2073 10
+1 4
+41 2
+14 4
+2 6
-47 4

fn=(170)
1572 70
+32 7
-32 14
+32 14
+19 28
cfi=(53) ./io/../sysdeps/unix/sysv/linux/open64_nocancel.c
cfn=(172) __open_nocancel
calls=7 28 
* 152
* 7
+2 14
+8 3
+1 6
+5 3
-5 3
+5 15
cfi=(54)
cfn=(174)
calls=3 25 
* 18
+2 6
+2 6
+2 6
+6 6
+17 39
+81 6
+5 6
+6 12
+6 6
+6 3
+1 3
-1 9
+1 9
+26 63
-22 13
+1 2
-1 1
+1 1
cfi=(70)
cfn=(224)
calls=1 25 
* 7
* 2
1668 6
-59 8
1777 2

fn=(136)
385 18
241 4
385 2
241 2
cfi=(41)
cfn=(118)
calls=2 32 
* 72
+3 4
410 2
-11 2
+11 12
-11 2
cfi=(44)
cfn=(138)
calls=2 40 
* 180

fn=(132)
468 9
+4 1
-4 8
+6 3
cfi=(7) ./elf/./elf/dl-minimal.c
cfn=(134) strsep
calls=1 239 
* 240
* 3
cfi=(7)
cfn=(134)
calls=1 239 
* 8
* 6
+7 2
+2 3
cfn=(136)
calls=1 -98 
* 125
* 1
+4 2
+5 2
cfi=(22)
cfn=(62)
calls=1 57 
* 17
* 1
+1 2
+7 5
+9 15
+1 8
fi=(28)
50 2
cfi=(27)
cfn=(142)
calls=1 +47 
* 5
+1 1
fe=(30)
528 4
+4 4
fi=(28)
56 1
cfi=(27)
cfn=(78)
calls=1 -20 
* 30
* 1
fe=(30)
534 2
+5 1
+1 2
-1 1
-1 1
+2 1
cfi=(29)
cfn=(126)
calls=1 197 
* 13
+3 1
-3 1
+1 1
+2 1
+6 1
+1 1
-1 3
+1 5
+1 1
-1 1
+1 1
-1 3
+1 1
-1 2
+1 1
+2 2
+1 3
+1 1
+6 2
+1 1
+3 3
-60 2
-22 2
+88 1
+3 8
-24 2

fl=(164) ./elf/./elf/dl-find_object.c
fn=(530) _dlfo_process_initial
474 2
+3 2
-3 6
+1 2
+3 4
+26 14
+1 6
+1 10
-1 20
+3 36
+3 32
-7 10
+27 2
-2 2
+2 6
-18 24
+3 8
-1 8
cfi=(165) ./elf/./dl-find_object.h
cfn=(528) _dl_find_object_from_map
calls=4 95 
* 247
+2 16

fn=(532) _dlfo_sort_mappings
536 1
+1 2
+3 4
+4 1
+1 1
-1 1
+1 2
-1 2
+1 2
-1 2
+1 10
+1 30
+3 3
-1 3
-3 18
+8 9
+1 6
-1 3
-13 6
+14 9
+1 6
-15 6
+17 1

fn=(526) _dl_find_object_init
561 2
+3 1
-3 3
+5 2
+13 1
cfn=(530)
calls=1 474 
* 97
+1 1
-1 1
+1 1
fi=(28)
56 1
cfi=(27)
cfn=(78)
calls=1 -20 
* 30
fe=(164)
580 1
fi=(28)
56 1
fe=(164)
582 2
+3 2
+5 1
+1 1
cfn=(530)
calls=1 474 
* 360
+3 3
+10 4
-37 2
cfi=(165)
cfn=(528)
calls=1 95 
* 68
* 1
+29 2
cfn=(532)
calls=1 -60 
* 128
+3 6
+2 1

fl=(78) ./elf/./elf/dl-lookup.c
fn=(270) _dl_lookup_symbol_x
772 900
+3 150
-3 450
+3 150
-3 600
fi=(79) ./elf/../sysdeps/generic/dl-new-hash.h
74 150
+3 300
-8 150
+1 300
+10 150
+1 300
-1 856
+1 1712
+20 935
-2 935
+6 935
-3 1870
+2 935
-30 935
+3 1870
fe=(78)
774 150
+1 150
+3 150
-4 150
+1 150
+7 576
+5 150
-2 150
+2 150
-2 150
+6 2150
+1 2100
cfn=(274) do_lookup_x
calls=150 347 
* 60790
* 450
+28 150
-23 450
+23 150
-23 300
+24 824
+7 140
-7 140
+35 560
+34 560
-20 420
+3 280
-57 150
+76 1350
fi=(79)
87 71
+1 71
+1 142
+1 71
fe=(78)
871 2
-72 60
+18 30
+11 40

fn=(276) check_match
70 2160
+3 858
+13 141
-13 141
+13 141
-13 141
+13 423
+3 590
cfi=(32)
cfn=(94)
calls=77 +9 
* 3837
* 154
+4 141
+1 282
+2 278
+19 278
+1 1112
+2 2
+43 140
+1 1152
-18 4
+2 4
+1 2
-1 4
+1 6
-1 4
-68 2
+39 414
cfi=(32)
cfn=(94)
calls=138 -19 
* 3752
* 276
-44 12
+5 6

fn=(274)
347 1350
+1 150
-1 600
+6 150
-6 150
+65 150
-58 150
+11 150
+50 150
-3 300
+3 300
-50 150
+50 600
-19 1845
+8 615
-4 615
+1 615
+3 2460
+1 1230
+3 615
-3 615
+4 1230
+4 1230
-2 615
+5 2460
+3 4305
+99 1431
358 1234
+3 1234
+4 1250
+21 1230
+4 1230
+71 1120
fi=(4) ./elf/../sysdeps/generic/ldsodefs.h
139 280
+1 420
fe=(78)
476 280
fi=(80) ./elf/../sysdeps/generic/dl-protected.h
29 560
fe=(78)
483 1044
+16 280
+1 140
+22 140
-21 140
+21 980
-99 447
-1 298
+2 298
+2 146
+6 584
-6 146
+6 1022
+7 573
-10 1655
+2 144
+1 432
-1 144
+1 288
-1 144
+1 144
+1 144
-1 144
+1 144
-1 1008
cfn=(276)
calls=144 70 
* 16457
+4 432
+3 8
+31 48
+52 10
-1 10
+1 70
-35 57

fl=(29)
fn=(82)
210 23
+1 23
+6 23
+1 23
+2 14
+1 14
+1 14
+2 8
+1 8
+1 8
+2 8
+80 9
+1 9
+2 1
+4 1
+1 1
+1 1
+1 1
+1 1
+4 1
+2 1
+39 8
+1 8
+1 8
+1 8
+1 8
+7 6
+1 6
+1 6
+1 6
+1 6
+1 6
+1 6
+11 6
+1 6
+2 6
+1 6
+1 6

fn=(126)
197 17
+1 17
+1 17
+1 17
+17 17
+1 17
+2 6
+1 6
+1 6
+2 5
+1 5
+1 5
+2 5
+80 11
+1 11
+2 2
+4 2
+1 2
+1 2
+8 2
+39 9
+1 9
+1 9
+1 9
+1 9
+7 1
+1 1
+1 1
+1 1
+1 1
+1 1
+1 1
+11 1
+1 1
+2 1
+1 1
+1 1

fl=(53)
fn=(172)
28 16
+3 8
-3 16
+3 48
+8 56
+2 8
-2 12
+2 8

fl=(51)
fn=(162)
31 6
+2 6
+9 6
+1 12
+1 6
+4 6
+1 6
+1 6
+1 6
+1 6
+2 12
+2 6
+1 6
+1 6
+2 12
+2 6
+8 6
+3 6
+1 6
+7 6
+1 6

fl=(42) ./string/../sysdeps/x86_64/multiarch/../multiarch/memcmp-sse2.S
fn=(122) bcmp
59 1
+12 1
+1 1
+22 1
+1 1
+45 1
+1 1
+2 1
+1 1
+2 1
+1 1
+2 1
+1 1
+47 1
+1 1
+1 1
+1 1
+1 1
+1 1

fl=(67)
fn=(222) _dl_cache_libcmp
357 22
+1 22
+32 22
-33 22
+1 48
+2 106
+2 106
-2 212
+20 208
+2 208
-12 84
+2 84
+14 84
+1 84
-29 168
+32 6
-28 4
+6 2
+2 2
-2 2
+1 2
-1 2
+1 2
-1 2
+2 6
+2 2
-3 2
+3 6
+2 4
+9 60

fn=(214)
403 20
+2 4
+3 6
+69 3
+5 2
205 2
482 4
+3 6
fi=(69) ./elf/../sysdeps/x86/dl-procinfo.h
39 4
+3 6
cfi=(32)
cfn=(94)
calls=2 +56 
* 50
* 8
fe=(67)
208 12
cfi=(11)
cfn=(28)
calls=2 387 
* 46
* 2
+12 2
-10 2
-2 2
+12 4
-7 10
+9 10
+1 2
-32 4
+36 2
-4 2
+4 4
-5 90
+1 18
-32 36
+36 18
-4 18
+4 36
+4 60
cfn=(222)
calls=20 357 
* 1438
+1 40
346 18
+3 9
220 18
347 9
220 22
+2 20
+20 4
+3 4
+2 8
cfn=(222)
calls=2 357 
* 146
* 4
-7 4
-30 6
+1 2
fi=(330) ./elf/../sysdeps/x86/dl-isa-level.h
28 4
fe=(67)
210 4
fi=(330)
28 2
fe=(67)
210 2
+1 2
-1 6
+76 6
fi=(330)
28 6
fe=(67)
259 4
+10 6
+1 8
+16 2
fi=(68) ./elf/../sysdeps/generic/dl-cache.h
125 2
fe=(67)
286 6
+9 4
+3 4
+3 2
+1 6
+28 4
500 4
+12 4
cfi=(22)
cfn=(62)
calls=2 57 
* 70
+1 2
-1 2
+1 24
+1 2
-1 2
+1 2
-1 2
+1 2
cfi=(29)
cfn=(82)
calls=2 210 
* 22
* 2
+1 2
cfi=(44)
cfn=(138)
calls=2 40 
* 190
+1 16
411 4
cfi=(52)
cfn=(216) _dl_sysdep_read_whole_file
calls=1 36 
* 103
* 1
+8 5
+1 8
+3 3
+1 1
-1 3
fi=(68)
194 1
+1 5
fe=(67)
431 1
+1 2

fn=(568) _dl_unload_cache
525 1
+1 4
-1 1
+3 1
-3 1
+3 1
cfi=(140) ./misc/../sysdeps/unix/syscall-template.S
cfn=(570) munmap
calls=1 117 
* 6
+7 1
-6 1
+4 1
+2 1

fl=(165)
fn=(528)
95 10
+1 10
+1 5
+6 25
+1 145
+1 100
+2 15
+5 5

fl=(32)
fn=(94)
98 338
+33 338
+1 338
+2 338
+1 338
+21 338
+1 338
+1 273
+1 273
+1 241
+1 241
+1 241
+1 241
+17 241
+1 241
+1 241
+1 241
+1 241
+1 241
+1 241
+5 15
+1 45
+9 15
+1 15
+1 15
+1 15
+1 15
+1 15
+1 15
+1 15
-7 97
+1 97
+1 97
+1 97
+1 97
+1 97
+1 97
+1 97
+1 105
+1 52
+1 52
+1 52
+2 52
+1 52
+1 52
+1 52
+1 52
+1 52
-5 53
+1 53
+1 53
+1 53
+1 53
+1 53
+10 7
+1 7
+1 7
+2 7
+6 7
+1 7
+1 7
+1 7
+1 7
+5 7
+2 2
+1 2
+1 4
+8 2
+1 2
+3 2
+1 2
+1 2
+1 2
+1 2
+1 2
+31 6
+1 6
+1 6
+1 6
+1 6
+2 6
+1 6
+1 6
+1 6
+1 6
+1 6
+1 6
+1 6
+3 6
+1 6
+1 6
+6 6
+1 6
+1 12
+4 6
+1 6
+3 6
+1 6
+1 6
+2 6
+1 6
+1 6
+4 6
+1 6
+1 6
+1 6
+1 6
+1 6
661 5
+1 5
+1 5
+1 5
+1 5
+2 5
+1 5
+1 5
+1 5
+1 5
+1 5
+1 5
+1 1
+4 1
+1 1
+1 1
+6 1
+1 1
+1 2
+4 1
+1 1
+3 1
+1 1
+1 1
+2 1
+1 1
+1 1
+4 1
+1 1
+1 1
+1 1
+1 1
+1 1
+69 3
+1 3
+1 3
+1 3
+1 3
+2 3
+1 3
+1 3
+1 3
+1 3
+1 3
+1 3
899 4
+1 4
+1 4
+1 4
+1 4
+2 4
+1 4
+1 4
+1 4
+1 4
+1 4
+1 4
+1 3
+4 3
+1 3
+1 3
+6 3
+1 3
+1 6
+4 3
+1 3
+3 3
+1 3
+1 3
+2 3
+1 3
+1 3
+4 3
+1 3
+1 3
+1 3
+1 3
+1 3
+7 1
+1 1
+2 1
+1 1
+2 1
+1 1
+1 1
+2 1
+1 1
+1 1
+4 1
+1 1
+1 1
+1 1
+1 1
+1 1
+41 4
+1 4
+1 4
+1 4
+1 4
+2 4
+1 4
+1 4
+1 4
+1 4
+1 4
+1 4
+1 3
+4 3
+1 3
+1 3
+6 3
+1 3
+1 6
+4 3
+1 3
+3 3
+1 3
+1 3
+2 3
+1 3
+1 3
+4 3
+1 3
+1 3
+1 3
+1 3
+1 3
+69 4
+1 4
+1 4
+1 4
+1 4
+2 4
+1 4
+1 4
+1 4
+1 4
+1 4
+1 4
+1 1
+4 1
+1 1
+1 1
+6 1
+1 1
+1 2
+4 1
+1 1
+3 1
+1 1
+1 1
+2 1
+1 1
+1 1
+4 1
+1 1
+1 1
+1 1
+1 1
+1 1
+69 12
+1 12
+1 12
+1 12
+1 12
+2 12
+1 12
+1 12
+1 12
+1 12
+1 12
+1 12
+1 2
+4 2
+1 2
+1 2
+6 2
+1 2
+1 4
+4 2
+1 2
+3 2
+1 2
+1 2
+2 2
+1 2
+1 2
+4 2
+1 2
+1 2
+1 2
+1 2
+1 2
+69 4
+1 4
+1 4
+1 4
+1 4
+2 4
+1 4
+1 4
+1 4
+1 4
+1 4
+1 4
+1 4
+4 4
+1 4
+1 4
+6 4
+1 4
+1 8
+4 4
+1 4
+3 4
+1 4
+1 4
+2 4
+1 4
+1 4
+4 4
+1 4
+1 4
+1 4
+1 4
+1 4
+69 8
+1 8
+1 8
+1 8
+1 8
+2 8
+1 8
+1 8
+1 8
+1 8
+1 8
+1 8
+1 7
+4 7
+1 7
+1 7
+6 7
+1 7
+1 14
+4 7
+1 7
+3 7
+1 7
+1 7
+2 7
+1 7
+1 7
+4 7
+1 7
+1 7
+1 7
+1 7
+1 7
+69 15
+1 15
+1 15
+1 15
+1 15
+2 15
+1 15
+1 15
+1 15
+1 15
+1 15
+1 15
+1 6
+4 6
+1 6
+1 6
+6 6
+1 6
+1 12
+4 6
+1 6
+3 6
+1 6
+1 6
+2 6
+1 6
+1 6
+4 6
+1 6
+1 6
+1 6
+1 6
+1 6
+7 1
+1 1
+2 1
+1 1
+2 1
+1 1
+1 1
+2 1
+1 1
+1 1
+4 1
+1 1
+1 1
+1 1
+1 1
+1 1
+41 10
+1 10
+1 10
+1 10
+1 10
+2 10
+1 10
+1 10
+1 10
+1 10
+1 10
+1 10
+1 8
+4 8
+1 8
+1 8
+6 8
+1 8
+1 16
+4 8
+1 8
+3 8
+1 8
+1 8
+2 8
+1 8
+1 8
+4 8
+1 8
+1 8
+1 8
+1 8
+1 8
+7 1
+1 1
+2 1
+1 1
+2 1
+1 1
+1 1
+2 1
+1 1
+1 1
+4 1
+1 1
+1 1
+1 1
+1 1
+1 1
+41 11
+1 11
+1 11
+1 11
+1 11
+2 11
+1 11
+1 11
+1 11
+1 11
+1 11
+1 11
+1 4
+4 4
+1 4
+1 4
+6 4
+1 4
+1 8
+4 4
+1 4
+3 4
+1 4
+1 4
+2 4
+1 4
+1 4
+4 4
+1 4
+1 4
+1 4
+1 4
+1 4
+69 19
+1 19
+1 19
+1 19
+1 19
+2 19
+1 19
+1 19
+1 19
+1 19
+1 19
+1 19
+2 4
+4 4
+1 4
+1 4
+6 4
+1 4
+2 8
+4 4
+1 4
+3 4
+1 4
+1 4
+2 4
+1 4
+1 4
+4 4
+1 4
+1 4
+1 4
+1 4
+1 4
+71 51
+2 51
+1 51
+1 51
+1 51
-3 61
+1 61
+1 61
+1 61
+1 104
+5 52
+6 52
+1 52
+8 52
+1 52
-16 286
+6 286
+1 286
+8 286
+1 286

fn=(244) strncmp
98 1
+27 1
+1 1
+1 1
+1 1
+1 1
+2 1
+1 1
+2 1
+1 1
+21 1
+1 1
+1 1
+1 1
+1 1
+1 1
+1 1
+1 1
+17 1
+1 1
+1 1
+1 1
+1 1
+1 1
+1 1
2104 1
+3 1
+1 1
+2 1
+1 1
+8 1
+1 1

fl=(169) ./elf/./elf/dl-lookup-direct.c
fn=(544) _dl_lookup_direct
74 30
+2 3
-2 6
+4 3
-4 3
+2 3
+2 9
+37 3
-37 9
+1 6
+2 12
+3 25
+2 6
-54 3
+54 3
-54 3
+54 3
-54 9
+1 9
+2 6
+1 6
+12 9
+3 3
+2 6
-2 3
+2 9
cfi=(32)
cfn=(94)
calls=3 +45 
* 209
* 6
+4 6
+1 3
-1 3
+1 18
+1 9
cfi=(32)
cfn=(94)
calls=3 +39 
* 198
* 6
+57 27
-23 6

fl=(62)
fn=(194)
25 4
+1 16
+1 4

fl=(65)
fn=(210)
28 6
+1 12
cfi=(66) ./io/../sysdeps/unix/sysv/linux/fstatat64.c
cfn=(212) fstatat
calls=3 146 
* 28

fl=(9) ./elf/../sysdeps/unix/sysv/linux/dl-sysdep.c
fn=(16) _dl_sysdep_start
102 5
+4 1
-4 1
+1 1
+3 1
cfn=(18) _dl_sysdep_parse_arguments
calls=1 -28 
* 444
+4 2
cfi=(11)
cfn=(22) __GI___tunables_init
calls=1 261 
* 30561
+3 1
cfi=(13) ./elf/./elf/dl-sort-maps.c
cfn=(26) _dl_sort_maps_init
calls=1 289 
* 38
+2 2
cfi=(14) ./elf/../sysdeps/unix/sysv/linux/brk.c
cfn=(30) brk
calls=1 -79 
* 8
fi=(6) ./elf/../sysdeps/x86_64/dl-machine.h
220 1
cfi=(15) ./elf/../sysdeps/x86/dl-get-cpu-features.c
cfn=(34) _dl_x86_init_cpu_features
calls=1 37 
* 7349
fe=(9)
-98 3
+1 1
cfi=(22)
cfn=(62)
calls=1 -66 
* 17
* 1
+2 2
cfi=(23) ./elf/../misc/sbrk.c
cfn=(64) sbrk
calls=1 -88 
* 16
* 3
+12 3
+3 5
cfi=(2)
cfn=(66) dl_main
calls=1 1346 
* 156765
+3 4

fn=(564) _dl_sysdep_start_cleanup
147 1
+1 1

fn=(18)
78 1
+2 1
-2 6
+1 1
+1 1
-1 1
+2 2
+2 1
-2 1
+2 2
-1 1
+1 2
-1 49
+1 98
+7 56
fi=(10) ./elf/../sysdeps/unix/sysv/linux/dl-parse_auxv.h
-49 1
fe=(9)
+45 1
fi=(10)
-54 1
fe=(9)
+54 1
fi=(10)
-54 1
+1 1
+1 1
+7 3
+1 44
+1 22
-2 22
+2 22
-2 67
fe=(9)
+52 3
+1 1
+1 2
fi=(10)
-49 1
+1 1
fe=(9)
+46 1
fi=(10)
-45 1
+3 1
+1 1
+1 1
+1 1
+2 1
-5 1
-4 1
+1 1
+4 1
+1 1
+3 1
-7 1
-4 1
+1 1
+8 1
fe=(9)
+40 1
-1 1
+2 1
+1 6

fl=(77) ./elf/./elf/dl-reloc.c
fn=(262) _dl_relocate_object
207 66
+1 12
+12 5
+4 20
-4 5
+6 15
+3 5
-1 5
+1 10
+22 25
+4 4
+7 6
fi=(6)
81 8
fi=(4)
-2 5
fe=(77)
301 10
fi=(4)
79 10
fe=(77)
301 9884
fi=(4)
79 2
fe=(77)
301 2
fi=(4)
79 4
fe=(77)
301 202
-80 10
fi=(6)
393 10
fe=(77)
190 5
+31 5
-31 5
fi=(6)
393 15
fi=(5) ./elf/./elf/do-rel.h
49 5
fe=(77)
301 5
fi=(5)
50 5
+30 5
-31 10
+4 5
-3 5
+3 5
-3 5
+3 15
+27 10
-31 5
fe=(77)
301 5
fi=(5)
50 5
+30 5
-31 10
+4 5
-3 5
+3 5
-3 5
+3 15
+27 10
fe=(77)
301 30
fi=(5)
51 5
fi=(4)
+28 25
fi=(6)
730 10
+4 8
fe=(77)
304 25
+24 5
+3 10
+17 15
+2 48
-98 10
+3 6
+7 3
-9 3
+9 6
fi=(6)
81 6
fi=(5)
+33 30
+9 18
+1 2
fi=(6)
498 2
fi=(5)
124 2
fi=(6)
498 4
fi=(5)
124 4
fi=(6)
498 4
fi=(5)
124 4
fi=(6)
498 8
+5 12
+1 6
fi=(5)
123 6
fi=(6)
504 6
-5 6
fi=(5)
123 12
+3 30
+3 32
+2 28
fe=(77)
+59 8
fi=(5)
73 4
fe=(77)
190 4
fi=(5)
72 4
fe=(77)
190 36
fi=(5)
-57 8
+1 4
+1 4
-2 4
+2 4
+3 4
-5 4
+2 4
-2 4
+1 8
+2 4
-2 4
+2 12
+2 8
-5 452
+1 226
+1 226
-2 226
+2 226
+3 226
-5 226
+2 226
-2 226
+1 452
+2 226
-2 226
+2 678
+2 452
+9 162
fi=(6)
267 324
+7 324
+4 324
fe=(77)
170 648
fi=(4)
-30 441
fe=(77)
+31 294
+3 294
+8 280
-8 1242
+12 272
-3 136
+1 136
+2 552
-3 4
+1 4
+2 156
+1 140
-1 140
+2 280
-1 560
+3 840
cfi=(78)
cfn=(270)
calls=140 772 
* 82357
+3 140
+1 280
-4 140
+4 700
fi=(6)
+93 582
+3 141
-3 438
+3 156
-3 156
+5 328
+25 972
423 24
fi=(5)
150 24
fi=(6)
423 270
fi=(5)
150 445
-19 932
+33 16
+1 72
+1 252
+3 136
+4 68
-1 68
-3 68
+2 136
+2 68
-2 136
fe=(77)
-1 272
fi=(6)
287 68
+3 68
-3 68
+4 136
476 136
+2 68
cfi=(15)
cfn=(546) __x86_cpu_features
calls=1 71 
* 6
cob=(3)
cfi=(162)
cfn=(518)
calls=1 26 
* 8
cob=(3)
cfi=(146)
cfn=(514)
calls=1 27 
* 9
cob=(3)
cfi=(161)
cfn=(510)
calls=1 26 
* 9
cob=(3)
cfi=(160)
cfn=(506)
calls=1 27 
* 9
cob=(3)
cfi=(159)
cfn=(502)
calls=1 26 
* 9
cob=(3)
cfi=(156)
cfn=(498)
calls=1 27 
* 8
cob=(3)
cfi=(158)
cfn=(496)
calls=1 49 
* 6
cob=(3)
cfi=(157)
cfn=(492)
calls=1 26 
* 9
cob=(3)
cfi=(156)
cfn=(488)
calls=1 35 
* 8
cob=(3)
cfi=(155)
cfn=(484)
calls=1 27 
* 9
cob=(3)
cfi=(154)
cfn=(480)
calls=1 26 
* 9
cob=(3)
cfi=(153)
cfn=(476)
calls=1 27 
* 9
cob=(3)
cfi=(151)
cfn=(472)
calls=1 27 
* 8
cob=(3)
cfi=(150)
cfn=(468)
calls=1 30 
* 9
cob=(3)
cfi=(149)
cfn=(464)
calls=1 26 
* 9
cob=(3)
cfi=(148)
cfn=(460)
calls=1 27 
* 9
cob=(3)
cfi=(147)
cfn=(456)
calls=1 27 
* 9
cob=(3)
cfi=(146)
cfn=(452)
calls=1 34 
* 9
cob=(3)
cfi=(145)
cfn=(448)
calls=1 27 
* 9
cob=(3)
cfi=(143)
cfn=(444)
calls=1 27 
* 9
cob=(3)
cfi=(141)
cfn=(440)
calls=1 26 
* 9
cob=(2)
cfi=(139)
cfn=(432)
calls=1 31 
* 21
cob=(2)
cfi=(138)
cfn=(428)
calls=1 33 
* 22
cob=(2)
cfi=(137)
cfn=(424)
calls=1 31 
* 18
cob=(2)
cfi=(136)
cfn=(422)
calls=1 29 
* 7
cob=(2)
cfi=(134)
cfn=(418)
calls=1 29 
* 23
cob=(2)
cfi=(133)
cfn=(414)
calls=1 29 
* 22
cob=(2)
cfi=(132)
cfn=(410)
calls=1 33 
* 17
cob=(2)
cfi=(131)
cfn=(406)
calls=1 29 
* 22
cob=(2)
cfi=(129)
cfn=(402)
calls=1 29 
* 24
cob=(2)
cfi=(128)
cfn=(398)
calls=1 29 
* 19
cob=(2)
cfi=(127)
cfn=(394)
calls=1 29 
* 25
cob=(2)
cfi=(100)
cfn=(390)
calls=1 31 
* 18
cob=(2)
cfi=(126)
cfn=(386)
calls=1 31 
* 21
cob=(2)
cfi=(125)
cfn=(382)
calls=1 29 
* 17
cob=(2)
cfi=(123)
cfn=(378)
calls=2 31 
* 20
cob=(2)
cfi=(121)
cfn=(374)
calls=1 29 
* 24
cob=(2)
cfi=(120)
cfn=(370)
calls=1 31 
* 25
cob=(2)
cfi=(119)
cfn=(366)
calls=1 31 
* 21
cob=(2)
cfi=(117)
cfn=(362)
calls=1 29 
* 17
cob=(2)
cfi=(116)
cfn=(360)
calls=1 60 
* 16
cob=(2)
cfi=(115)
cfn=(358)
calls=1 29 
* 7
cob=(2)
cfi=(113)
cfn=(354)
calls=1 31 
* 21
cob=(2)
cfi=(112)
cfn=(352)
calls=1 67 
* 21
cob=(2)
cfi=(110)
cfn=(348)
calls=2 31 
* 46
cob=(2)
cfi=(108)
cfn=(344)
calls=1 31 
* 19
cob=(2)
cfi=(107)
cfn=(340)
calls=1 30 
* 25
cob=(2)
cfi=(106)
cfn=(336)
calls=1 28 
* 25
cob=(2)
cfi=(104)
cfn=(332)
calls=1 29 
* 24
cob=(2)
cfi=(103)
cfn=(330)
calls=1 65 
* 19
cob=(2)
cfi=(100)
cfn=(324)
calls=2 31 
* 50
cob=(2)
cfi=(98)
cfn=(320)
calls=1 29 
* 22
cob=(2)
cfi=(96)
cfn=(316)
calls=1 31 
* 18
cob=(2)
cfi=(95)
cfn=(312)
calls=1 29 
* 25
cob=(2)
cfi=(94)
cfn=(308)
calls=1 29 
* 22
cob=(2)
cfi=(92)
cfn=(304)
calls=1 29 
* 22
cob=(2)
cfi=(91)
cfn=(300)
calls=1 29 
* 19
cob=(2)
cfi=(89)
cfn=(296)
calls=1 29 
* 24
cob=(2)
cfi=(87)
cfn=(292)
calls=1 30 
* 19
cob=(2)
cfi=(86)
cfn=(290)
calls=1 79 
* 19
cob=(2)
cfi=(85)
cfn=(288)
calls=1 29 
* 7
cob=(2)
cfi=(83)
cfn=(284)
calls=2 31 
* 50
cob=(2)
cfi=(81)
cfn=(280)
calls=1 86 
* 28
fi=(5)
165 68
fi=(6)
479 68
fi=(5)
165 145
-14 174
fi=(6)
460 6
+5 4
-1 6
+1 4
-1 2
cfi=(29)
cfn=(82)
calls=2 210 
* 22
+2 10
+1 4
-67 51
+2 68
+4 17
+9 17
-9 34
+9 17
fi=(5)
150 34
fi=(6)
320 58
+3 58
-36 75
fi=(5)
141 68
+1 68
-1 204
+2 68
fi=(6)
287 340
fe=(77)
175 63
+3 7
-1 7
+19 7
-18 14
fi=(6)
295 16
+1 24
+11 16
+7 8
cob=(2)
cfi=(163)
cfn=(522)
calls=1 64 
* 10
cob=(2)
cfi=(98)
cfn=(320)
calls=1 29 
* 22
cob=(2)
cfi=(94)
cfn=(308)
calls=1 29 
* 22
cob=(2)
cfi=(86)
cfn=(290)
calls=1 79 
* 19
cob=(2)
cfi=(89)
cfn=(296)
calls=1 29 
* 24
cob=(2)
cfi=(127)
cfn=(394)
calls=1 29 
* 25
cob=(2)
cfi=(112)
cfn=(352)
calls=1 67 
* 21
cob=(2)
cfi=(128)
cfn=(398)
calls=1 29 
* 19
* 32
fe=(77)
+42 25
+3 5
-3 5
+3 5
+4 10
+1 20
cfi=(140)
cfn=(436) mprotect
calls=5 117 
* 30
* 10
-63 9
fi=(5)
180 7
fe=(77)
+10 2
fi=(5)
73 1
fe=(77)
190 3
fi=(6)
436 7
fi=(5)
182 2
+1 2
-1 1
+3 1
-3 4
+3 2
-3 10
+1 10
-1 5
+3 5
-3 20
+3 10
+8 6
fi=(6)
+74 12
+7 12
+4 12
fe=(77)
170 24
fi=(4)
-30 18
fe=(77)
+31 12
+3 12
+8 12
-8 54
+12 12
-3 6
+1 6
+2 36
+4 24
-4 6
+4 18
cfi=(78)
cfn=(270)
calls=6 772 
* 3235
+3 6
+1 12
-4 6
+4 30
fi=(6)
+93 20
+3 2
-3 6
+3 2
-3 2
+5 4
+25 36
423 6
fi=(5)
196 18
-16 24
+31 7
fe=(77)
-33 7
-3 21

fl=(20) ./elf/../sysdeps/x86/dl-cacheinfo.h
fn=(52) intel_check_word.constprop.0
123 48
-4 72
+10 24
-10 96
+10 48
-10 24
+10 24
-10 24
+10 24
+2 48
+71 48
fi=(21) ./elf/../bits/stdlib-bsearch.h
32 24
fe=(20)
202 120
-71 96
+2 60
+2 120
+8 120
+51 96
+22 48
fi=(21)
28 48
-1 96
+2 216
+2 168
+1 84
fe=(20)
+78 168
+3 324
fi=(21)
-78 264
-6 528
+2 480
+1 240
fe=(20)
+78 480
+15 12
246 144
fi=(21)
37 120
fe=(20)
155 36
+3 36
-6 12
+3 39
+9 18
+23 21
-32 63
+3 63
+4 58
+2 116
+3 84
+1 48
+1 48
+1 30
+2 11
+2 22
+6 14
+3 8
+1 12
-20 15
+12 4
+2 4
+1 4
-2 4
-1 4
+2 8
-2 4
+3 4
-2 12
+2 12
+11 2
-9 12

fn=(50) handle_intel.constprop.0
255 24
-5 12
+17 12
-17 96
+11 12
+1 12
+5 36
+4 24
+34 96
-29 12
+3 24
-3 12
+3 36
cfn=(52)
calls=12 123 
* 4092
+2 24
+3 60
cfn=(52)
calls=12 123 
* 1272
+2 24

fn=(56) get_common_cache_info.constprop.0
571 11
+17 1
+1 1
+9 1
-12 1
+2 1
+2 1
+8 1
-11 1
+3 1
+11 2
-5 3
+17 1
+5 3
+4 2
770 5
+1 5
+4 2
+8 1
-1 1
+1 1
+1 1
+1 7
627 5
+3 6
-32 5
+75 4
+8 5
+2 2
-2 1
+6 3
+3 1
+1 5
-4 4
+21 2
-21 4
+2 1
+2 4
-4 1
+6 4
+3 2
+5 1
+2 2
+1 1
+1 1
-2 2
+1 1
-19 4
+46 2
+1 1
+1 2
+1 1
+25 3
630 3
+10 6
+14 2
+4 1
+3 1
+1 1
-4 2
+3 3
+6 4
-37 12
+7 6
-7 3
+7 2
+3 20
+5 2
+4 1
+1 1
-1 2
+1 1
+61 2
+7 1
+2 2
-16 1
+22 1
-6 2
+1 1
+5 1
-30 5

fl=(49) ./string/../string/strcspn.c
fn=(156) strcspn
32 6
+1 3
+1 2
+5 6
+1 4
+1 4
+1 4
+2 1
+3 3
+1 2
-1 6
+1 4
+3 4
+1 4
+1 4
+1 4
+2 3
+6 1
-1 1
+1 1
+2 2
-1 2
+2 1
+2 6
-5 12
-1 12
+1 12
+2 24
-1 24
+2 12
+2 72
+2 1
+1 4
+1 3

fl=(52)
fn=(216)
36 2
+3 1
-3 7
+3 1
-3 2
+3 1
cfi=(53)
cfn=(172)
calls=1 -11 
* 20
+1 2
+23 8
-21 4
cfi=(55)
cfn=(178)
calls=1 -12 
* 6
* 2
+2 2
+3 2
+13 2
cfi=(62)
cfn=(194)
calls=1 -35 
* 6
* 1
-11 6
cfi=(57)
cfn=(182)
calls=1 -2 
* 26
* 2

fn=(168)
68 273
+1 78
cfi=(32)
cfn=(94)
calls=39 +29 
* 1283
* 78
+3 39
+2 78
+6 39
-6 78
+1 141
cfi=(32)
cfn=(94)
calls=47 +23 
* 1794
* 94
+8 8
-13 8
+13 55
-1 31
+1 93

fl=(7)
fn=(12) __rtld_malloc_init_stubs
42 1
+1 2
+1 2
+1 2
+1 2
+1 1

fn=(538) lookup_malloc_symbol
61 8
+3 4
-3 12
+3 4
-3 12
+3 4
-3 4
+2 4
+1 16
cfi=(78)
cfn=(270)
calls=4 772 
* 2368
+4 28
+1 28
+2 4
fi=(167) ./elf/./dl-sym-post.h
-30 8
+12 12
fe=(7)
+19 24

fn=(134)
239 2
+3 4
+2 2
+1 4
+4 3
-2 2
+4 28
+5 84
-2 56
+13 1
+4 4
-22 14
+15 14
-15 30

fn=(534) __rtld_malloc_init_real
76 2
+10 1
fi=(166) ./elf/../sysdeps/generic/dl-hash.h
-41 1
-1 1
fe=(7)
+32 8
+11 1
-1 1
fi=(166)
-43 1
+5 3
+14 4
-17 3
+3 15
+14 20
-17 15
fe=(7)
+46 2
fi=(166)
-24 1
fe=(7)
+22 1
+2 2
fi=(166)
-19 1
fe=(7)
+19 1
cfn=(538)
calls=1 -30 
* 617
+1 3
-1 1
+1 1
cfn=(538)
calls=1 -31 
* 606
+1 3
-1 1
+1 1
cfn=(538)
calls=1 -32 
* 691
+1 3
-1 1
+1 1
cfn=(538)
calls=1 -33 
* 626
+5 1
+1 1
+1 1
+1 1
+1 8

fl=(37)
fn=(108)
172 6
+3 1
-3 3
+3 1
-3 5
+2 1
cfi=(38) ./elf/../sysdeps/x86_64/dl-hwcaps-subdirs.c
cfn=(110) _dl_hwcaps_subdirs_active
calls=1 29 
* 49
+1 1
fi=(40) ./elf/./dl-hwcaps.h
43 1
fe=(37)
174 1
fi=(40)
45 2
+32 1
+1 1
+1 1
fe=(37)
-27 2
cfi=(39) ./elf/./elf/dl-hwcaps_split.c
cfn=(114) _dl_hwcaps_split_masked
calls=1 -1 
* 23
* 2
fi=(40)
-9 1
+2 1
-2 1
+34 2
+1 2
+1 1
fe=(37)
-24 2
-1 2
+1 2
+1 2
+1 2
-5 4
cfi=(39)
cfn=(114)
calls=2 -1 
* 130
* 2
cfi=(39)
cfn=(114)
calls=1 -1 
* 125
* 6
+48 4
fi=(28)
-44 2
cfi=(27)
cfn=(78)
calls=1 -20 
* 30
fe=(37)
+46 2
-2 1
+2 1
+3 1
+3 1
fi=(40)
-65 1
+2 1
fe=(37)
+67 1
fi=(40)
-66 1
fe=(37)
+66 2
cfi=(39)
cfn=(120) _dl_hwcaps_split
calls=1 -87 
* 13
* 2
fi=(40)
-69 1
+2 1
-2 1
+34 2
+1 2
+1 1
fe=(37)
+48 10
+1 4
+1 2
+1 2
-1 2
-4 4
cfi=(39)
cfn=(114)
calls=2 -74 
* 130
* 2
cfi=(39)
cfn=(114)
calls=1 -74 
* 125
* 6
+8 3
+9 5
+3 8
-2 6
+14 1
+4 1
+1 1
+1 1
-20 3
+19 1
+1 1
-20 2
+8 2
+4 2
-4 3
+4 2
cfi=(42)
cfn=(122)
calls=1 -96 
* 19
+1 3
-14 8
+47 1
-4 2
+4 2
-3 1
+7 1
-7 2
+7 1
fi=(28)
56 1
cfi=(27)
cfn=(78)
calls=1 -20 
* 30
* 1
fe=(37)
194 2
+8 1
fi=(40)
43 1
fe=(37)
201 1
80 1
fi=(40)
-35 1
fe=(37)
+35 1
202 1
fi=(40)
77 1
+1 1
fe=(37)
202 3
fi=(40)
79 1
fe=(37)
-2 2
cfi=(39)
cfn=(114)
calls=1 -26 
* 23
* 2
fi=(40)
-34 1
+2 1
fe=(37)
+35 2
fi=(40)
-37 1
+34 2
+1 2
+1 3
fe=(37)
+1 4
+7 2
-7 8
cfi=(29)
cfn=(126)
calls=2 197 
* 26
+4 2
+2 2
+2 2
-2 4
-9 4
cfi=(39)
cfn=(114)
calls=2 -26 
* 130
* 2
cfi=(39)
cfn=(114)
calls=1 -26 
* 125
* 6
213 2
-5 1
+1 1
-1 1
+5 1
+3 9

fl=(64)
fn=(206)
61 30
+7 5
-4 15
+1 5
-1 35
cfi=(30)
cfn=(166)
calls=5 1967 
* 11181
* 5
+5 15

fn=(202) _dl_map_object_deps
143 4
+1 2
-1 1
+1 1
-1 2
+1 1
-1 1
+1 1
-1 4
+1 3
-1 1
+1 7
-8 1
+8 2
-8 1
-6 1
-2 1
+16 1
-8 1
-7 1
+1 1
+6 1
+24 4
-28 3
-2 1
+31 1
-33 2
+2 2
+30 2
-30 1
-1 4
+7 4
+24 3
+28 3
-6 1
+46 1
fi=(72) ./elf/../include/scratch_buffer.h
77 1
fe=(64)
+87 1
fi=(72)
-87 1
+1 1
fe=(64)
184 1
+44 4
-31 1
-4 1
+4 6
-4 4
+4 8
+11 14
-18 2
+18 4
417 10
+2 3
+3 3
-3 9
+3 3
-3 3
fi=(28)
56 3
cfi=(27)
cfn=(78)
calls=3 -20 
* 90
fe=(64)
423 9
fi=(28)
56 3
fe=(64)
423 3
+6 3
+1 15
cfi=(29)
cfn=(82)
calls=3 210 
* 33
+1 15
cfi=(29)
cfn=(82)
calls=3 210 
* 33
+3 3
+1 6
+4 15
188 8
442 12
-1 5
+1 10
183 6
+27 12
+7 3
+4 3
-6 3
+1 3
+1 3
+1 6
+3 9
-2 3
-29 15
+32 184
+6 20
cfi=(30)
cfn=(204)
calls=5 +10 
* 283
* 15
+4 10
-2 5
+2 10
cfi=(50)
cfn=(160)
calls=5 -28 
* 11621
+1 10
+9 5
+2 10
+5 15
+6 3
+2 3
-8 6
+3 3
+1 3
+1 3
+1 3
+4 3
-3 3
+3 9
+4 15
+1 9
-43 377
+7 10
+38 261
fi=(72)
85 3
fe=(64)
448 5
+1 1
+3 4
+11 5
fi=(28)
56 1
cfi=(27)
cfn=(78)
calls=1 -20 
* 30
fe=(64)
465 3
fi=(28)
56 1
fe=(64)
465 1
+5 2
+1 1
-1 3
+4 3
-2 2
+13 4
+5 4
-16 12
+11 4
-7 4
+7 4
-2 8
-5 1
+7 1
-2 2
+2 1
-11 1
+11 1
+5 1
-16 3
+21 3
+37 2
+15 2
-14 2
+20 1
-1 4
+1 4
-1 5
cfi=(13)
cfn=(232) _dl_sort_maps
calls=1 298 
* 349
+5 1
+2 1
+1 1
+1 2
-2 1
+2 1
+7 3
+3 2
+3 8
198 32
+3 3
fi=(72)
-70 12
cfi=(71)
cfn=(228)
calls=3 30 
* 75
fe=(64)
+70 9
+4 6
547 4
cfi=(29)
cfn=(82)
calls=1 210 
* 19
* 3
-53 2
144 2

fl=(2)
fn=(66)
1346 2
197 1
1346 11
199 1
302 1
+1 1
197 1
+99 3
1357 1
cfi=(24)
cfn=(68)
calls=1 53 
* 17
2749 1
2538 1
2749 2
2598 1
+2 2
+15 1
-13 2
cfi=(25) ./elf/./elf/dl-environ.c
cfn=(70) _dl_next_ld_env_entry
calls=1 28 
* 53
* 4
cfi=(25)
cfn=(70)
calls=2 28 
* 291
* 9
+4 6
-2 2
+2 6
+1 2
-1 6
+1 17
-1 89
+9 12
2727 3
1373 1
+1 2
-1 2
+1 2
2687 3
-47 2
+10 2
1637 9
cfi=(26)
cfn=(72)
calls=1 59 
* 210
* 1
+2 2
+1 3
+6 1
-5 2
+1 3
+4 1
cfi=(26)
cfn=(84)
calls=1 31 
* 42
+1 2
1116 1
-1 1
1351 1
1143 1
-21 2
+21 2
-19 1
+1 1
-3 1
+21 2
+57 1
-82 1
+25 1
-3 1
+4 1
+19 1
+37 4
-56 102
+56 4
-1 4
+1 8
-1 4
+2 8
+1 1
+2 12
+1 14
+4 8
+1 8
+1 4
+4 12
-72 27
1253 2
+1 22
+6 4
cfi=(30)
cfn=(88)
calls=1 868 
* 90
-7 26
+1 13
+6 13
-6 26
fi=(31)
235 4
+1 2
-87 4
fe=(2)
1148 1
-5 1
+5 2
-5 2
+30 1
-9 2
+2 1
-3 1
+10 2
+18 2
-38 2
-10 1
+10 1
+1 9
-11 2
+1 14
1247 1
1143 1
1247 2
1143 3
1266 4
+3 3
+2 3
1672 3
+2 2
-1 1
+1 1
+1 3
-2 2
cfi=(32)
cfn=(94)
calls=1 98 
* 25
* 2
+7 1
+3 1
-5 1
+3 1
+2 1
+1 2
+4 2
+2 2
fi=(3) ./elf/./get-dynamic-info.h
39 4
+4 1
+2 1
+9 1
+1 1
-10 2
+23 27
-23 108
+4 54
+3 6
-1 12
+3 24
+1 20
fe=(2)
1243 1
1143 1
1243 1
1143 2
fi=(3)
72 4
+43 2
+7 3
+1 4
+6 3
+18 4
+5 2
+2 2
+2 2
+2 2
+1 2
+3 4
+2 3
+1 2
+9 2
+6 2
+1 3
+3 3
fe=(2)
1698 4
+7 2
cfi=(8)
cfn=(14)
calls=1 25 
* 27
+3 2
fi=(33) ./elf/./setup-vdso.h
24 2
fi=(36) ./elf/./dl-main.h
+85 2
fi=(35) ./elf/../sysdeps/unix/sysv/linux/dl-vdso-setup.h
-64 1
fi=(36)
+64 3
cfi=(30)
cfn=(106)
calls=1 706 
* 2322
fe=(2)
1733 3
cfi=(45)
cfn=(144) _dl_debug_initialize
calls=1 56 
* 34
+7 1
-5 1
-2 1
+7 1
+4 1
+1 1
+2 1
-3 3
+1 2
+3 1
+11 1
-13 1
+13 1
+1 2
+5 1
-3 2
+2 1
+1 2
+5 3
+1 5
-1 2
224 1
+1 1
-1 1
+1 3
+1 2
1788 2
+5 1
-1 1
1352 1
1793 1
+24 1
cfi=(46)
cfn=(146) _dl_count_modids
calls=1 192 
* 6
* 1
fi=(47) ./elf/../sysdeps/generic/dl-debug.h
29 4
+1 1
fe=(2)
1823 1
+1 1
cfi=(45)
cfn=(150) _dl_debug_state
calls=1 116 
* 2
+1 1
+4 3
cfi=(48)
cfn=(152) _dl_audit_activity_map
calls=1 29 
* 17
+5 3
+2 1
+2 2
+9 2
+16 4
cfi=(63) ./io/../sysdeps/unix/sysv/linux/access.c
cfn=(200) access
calls=1 25 
* 9
* 2
+76 4
+16 3
85 1
1965 1
85 2
1965 1
85 1
1965 5
85 1
1965 2
cfi=(64)
cfn=(202)
calls=1 143 
* 14057
92 1
+9 1
1971 1
92 2
+9 2
1971 2
+1 6
-1 4
+1 8
-1 16
+4 3
+1 2
+1 1
+2 18
+1 8
+46 1
-42 2
+8 3
+1 2
+2 1
+2 3
+2 1
-4 1
+5 1
-1 2
+14 2
+1 2
+1 3
-25 1
+36 2
+2 1
-2 1
+2 2
-2 1
+1 2
+1 1
-1 2
+1 1
cfi=(50)
cfn=(236)
calls=1 186 
* 9257
+10 1
+1 1
-1 1
+1 1
+3 2
837 1
fi=(331) ./elf/../sysdeps/unix/sysv/linux/dl-osinfo.h
39 2
fe=(2)
839 1
fi=(331)
52 1
fe=(2)
848 1
+7 1
-5 1
2047 3
2246 2
+4 1
-4 1
+10 1
-6 1
+6 1
-6 1
+9 2
+8 2
fi=(31)
36 2
+1 3
+3 3
+13 7
-13 4
+9 8
-9 1
+9 20
+4 16
-16 15
+34 1
fe=(2)
2279 1
fi=(31)
71 1
cfi=(76)
cfn=(260) _dl_cet_check
calls=1 361 
* 55
fe=(2)
2282 1
-3 2
+5 1
-2 2
+2 2
+1 6
cfi=(77)
cfn=(262)
calls=1 207 
* 71333
85 2
2292 1
85 2
2292 1
+1 20
+2 10
+5 10
+2 10
+6 5
+2 10
+1 32
cfi=(77)
cfn=(262)
calls=4 207 
* 46906
+4 12
+1 2
-23 1
+23 1
cfi=(46)
cfn=(438) _dl_add_to_slotinfo
calls=1 1017 
* 28
-23 3
92 3
+1 1
2325 1
93 1
2325 1
+4 4
+2 1
+7 4
cfi=(46)
cfn=(524) _dl_allocate_tls_init
calls=1 523 
* 149
+3 2
+4 3
+2 2
+33 3
cfi=(170) ./elf/./elf/dl-call-libc-early-init.c
cfn=(548) _dl_call_libc_early_init
calls=1 27 
* 603
+7 1
cfi=(9)
cfn=(564)
calls=1 147 
* 2
+3 3
cfi=(48)
cfn=(566) _dl_audit_activity_nsid
calls=1 41 
* 11
+4 2
cfi=(45)
cfn=(196)
calls=1 38 
* 7
+1 1
-1 1
+2 1
cfi=(45)
cfn=(150)
calls=1 116 
* 2
+1 1
+4 1
cfi=(67)
cfn=(568)
calls=1 525 
* 19
+5 8
2304 1
+1 1
-3 2
226 2
-2 1
+1 1
1773 1
+6 1
-6 2
+6 1
fi=(3)
56 5
+3 4
fi=(34) ./elf/../sysdeps/unix/sysv/linux/dl-vdso.h
-19 2
+1 5
fi=(35)
-11 1
+3 1
+3 1
+3 1
fi=(34)
+16 2
fi=(3)
+17 3
+12 3
+1 5
+1 5
+1 5
+1 4
+1 5
+1 5
+1 5
+12 2
+7 1
-7 7
+7 2
fe=(2)
1743 4
2357 1
cfi=(164)
cfn=(526)
calls=1 561 
* 723
+5 3
cfi=(7)
cfn=(534)
calls=1 76 
* 2651
+3 1
cfi=(168) ./elf/../sysdeps/nptl/dl-mutex.c
cfn=(542) __rtld_mutex_init
calls=1 30 
* 503
85 1
2371 1
+1 3
85 3
2372 2
cfi=(77)
cfn=(262)
calls=1 207 
* 1699
92 3
+9 3
2687 2
+2 1
+1 1
-1 1
+1 1
+1 1
2040 2
cfn=(246) init_tls
calls=1 734 
* 836
* 2
2650 2
+2 2
+1 1
fi=(3)
62 4
+2 4
fe=(2)
1943 10
85 1
1842 2
85 3
1842 2
cfn=(154) handle_preload_list
calls=1 869 
* 3098
* 1
92 3
+9 3
1943 6
+1 1
-1 1
+4 3
+1 1
+1 2
+1 2
-7 2

fn=(154)
869 11
+5 1
-5 2
+5 2
-4 3
+7 3
cfi=(49)
cfn=(156)
calls=1 32 
* 254
* 1
+1 3
+9 1
183 1
889 2
183 2
891 2
-80 1
+5 1
-6 1
-4 1
+10 2
-6 1
+4 1
+2 2
-5 1
+1 1
+4 1
cfi=(50)
cfn=(158)
calls=1 254 
* 2754
+1 3
+8 3
+67 1
-18 2
+21 9
-15 4
cfi=(29)
cfn=(82)
calls=1 210 
* 19
+1 2

fn=(2)
517 16
85 1
547 4
85 1
543 1
fi=(6)
55 1
fe=(2)
+30 1
546 1
85 1
fi=(3)
-40 1
fe=(2)
546 1
fi=(3)
45 2
+23 18
-23 72
+4 36
+3 5
-1 10
+3 20
+1 16
+1 5
fi=(4)
+23 1
fi=(3)
+31 1
-38 3
+12 4
+1 3
+1 4
+1 4
+1 5
+1 3
+1 4
+1 4
+12 7
+7 2
-51 4
+64 3
+6 3
+1 3
+3 2
+1 3
+5 5
+3 5
fe=(2)
563 154
fi=(4)
79 1
fe=(2)
563 1
fi=(4)
79 2
fe=(2)
563 27
fi=(6)
287 3
fi=(5)
49 1
fe=(2)
563 1
fi=(5)
50 1
-1 2
+4 1
-3 1
+3 4
+3 2
-7 1
fe=(2)
563 1
fi=(5)
50 1
-1 2
+4 1
-3 1
+3 4
+3 2
+7 3
+2 3
-2 6
fi=(6)
278 3
fi=(5)
64 6
fi=(6)
278 6
+9 24
+3 6
+1 6
+26 8
+6 2
fi=(5)
61 13
fe=(2)
563 6
fi=(5)
51 1
fi=(4)
+28 2
fi=(3)
-17 4
+2 4
fe=(2)
565 1
+13 1
cfi=(7)
cfn=(12)
calls=1 42 
* 10
458 2
85 1
476 2
85 3
476 1
cfi=(8)
cfn=(14)
calls=1 25 
* 27
+2 1
+16 2
-17 1
+11 1
-10 1
+16 1
cfi=(9)
cfn=(16)
calls=1 102 
* 195235
* 1
+2 2
+89 9
fi=(3)
103 3
fe=(2)

fn=(164)
641 2
+2 1
-2 4
+2 1
+1 2
-1 2
+1 3
cfi=(30)
cfn=(166)
calls=1 1967 
* 2643
* 1
+2 3

fn=(246)
734 1
+6 1
-6 3
+2 2
+4 2
+11 1
fi=(28)
44 1
fe=(2)
746 1
+4 1
fi=(28)
44 1
cfi=(27)
cfn=(74)
calls=1 +36 
* 41
fe=(2)
761 1
-12 1
+6 1
-9 1
+11 1
+4 1
+2 3
-1 2
+3 10
+4 1
+2 1
-2 2
-5 1
-1 2
+10 3
+3 2
cfi=(46)
cfn=(248) _dl_tls_static_surplus_init
calls=1 97 
* 86
+3 1
cfi=(46)
cfn=(250) _dl_determine_tlsoffset
calls=1 216 
* 79
+7 1
cfi=(46)
cfn=(252) _dl_allocate_tls_storage
calls=1 417 
* 469
* 1
+1 2
+6 1
fi=(74) ./elf/../sysdeps/generic/dl-call_tls_init_tp.h
31 2
fe=(2)
793 1
fi=(74)
31 6
+2 1
cfi=(24)
cfn=(256)
calls=1 +35 
* 79
fe=(2)
800 1
-3 1
+3 4
-36 4
-1 9

fn=(238)
674 2
+2 1
-2 4
+2 3
cfi=(73) ./elf/./elf/dl-version.c
cfn=(240) _dl_check_all_versions
calls=1 392 
* 9220
* 2
+4 3

fl=(16) ./elf/../sysdeps/x86/cpu-features.c
fn=(36) init_cpu_features.constprop.0
682 1
+17 1
-17 7
+3 1
+1 1
+1 1
+3 1
+9 2
+3 6
1001 3
+1 2
+3 2
+1 2
+6 1
+1 1
+1 1
+1 1
fi=(20)
792 1
+1 1
+2 1
+14 2
+85 1
+1 1
+15 1
-5 1
+5 1
-10 1
-6 1
+2 1
+14 1
-15 1
+2 1
-1 1
+2 1
-1 1
+2 1
-1 1
+1 1
+2 1
+1 1
+1 1
+1 1
+35 2
-15 3
+8 2
+27 6
+9 2
+19 2
+8 6
cfi=(11)
cfn=(28)
calls=1 387 
* 23
* 1
+2 2
+3 4
cfi=(11)
cfn=(28)
calls=1 387 
* 23
* 1
+2 2
+3 4
cfi=(11)
cfn=(28)
calls=1 387 
* 23
* 1
+1 5
+16 2
-12 5
cfi=(11)
cfn=(28)
calls=1 387 
* 23
* 1
+1 3
+6 3
+3 1
-3 2
cfi=(11)
cfn=(28)
calls=1 387 
* 23
* 1
+3 5
-3 1
+3 5
cfi=(11)
cfn=(58) __GI___tunable_set_val
calls=1 153 
* 62
+1 10
cfi=(11)
cfn=(58)
calls=1 153 
* 62
+1 11
cfi=(11)
cfn=(58)
calls=1 153 
* 62
+3 10
cfi=(11)
cfn=(58)
calls=1 153 
* 62
+2 10
cfi=(11)
cfn=(58)
calls=1 153 
* 62
+13 1
+2 1
fe=(16)
-23 1
fi=(20)
+21 1
+3 1
fe=(16)
-24 1
fi=(20)
+26 1
-5 1
+2 1
-2 1
+3 1
fe=(16)
-24 1
fi=(20)
+25 1
+3 1
-1 1
fe=(16)
-27 1
cfi=(11)
cfn=(28)
calls=1 387 
* 22
+3 4
cfi=(11)
cfn=(28)
calls=1 387 
* 24
+6 3
+54 1
-1 1
+1 1
+45 4
cfi=(11)
cfn=(28)
calls=1 387 
* 22
+2 4
cfi=(11)
cfn=(28)
calls=1 387 
* 22
+6 4
cfi=(11)
cfn=(28)
calls=1 387 
* 24
+7 8
fi=(20)
974 12
fe=(16)
+68 1
-1 2
+1 3
+44 3
+27 2
-10 2
+1 2
+2 3
+1 2
+2 3
+1 2
fi=(20)
811 2
cfn=(50)
calls=1 255 
* 455
+1 1
-1 1
+1 1
cfn=(50)
calls=1 255 
* 503
+1 1
-1 1
+1 1
cfn=(50)
calls=1 255 
* 530
+4 1
-4 1
+1 2
+3 1
cfn=(50)
calls=1 255 
* 476
+2 1
-2 1
+2 1
cfn=(50)
calls=1 255 
* 468
+3 1
-3 1
+1 2
+2 1
cfn=(50)
calls=1 255 
* 446
+2 1
-2 1
+2 1
cfn=(50)
calls=1 255 
* 447
+3 1
-2 1
-1 1
+3 1
cfn=(50)
calls=1 255 
* 494
+2 1
-2 1
+2 1
cfn=(50)
calls=1 255 
* 495
+1 1
+2 1
-3 1
+1 1
+2 1
cfn=(50)
calls=1 255 
* 521
+2 1
-2 1
+2 1
cfn=(50)
calls=1 255 
* 522
+2 1
-2 1
+2 1
cfn=(50)
calls=1 255 
* 523
+2 4
-2 1
+2 1
cfn=(56)
calls=1 571 
* 223
+93 1
-6 3
+6 1
-6 2
+6 2
-6 2
+6 2
-1 2
fe=(16)
708 6
cfn=(38) get_common_indices.constprop.0
calls=1 398 
* 74
376 3
+1 2
+1 6
+5 2
713 1
cfn=(42) update_active.constprop.0
calls=1 72 
* 222
+2 1
+2 1
1015 1
715 2
878 2
+7 2
+2 2
+4 2
+6 2
+2 1
706 2
-3 1
384 6
+5 2
+1 7
717 1
fi=(20)
987 1
-48 1
fe=(16)
717 1
fi=(20)
987 2
fe=(16)
717 6
+4 7
+78 1
-25 3
+92 2
+3 2
fi=(20)
+38 1
fe=(16)
-37 1
-89 2
+51 2

fn=(38)
398 3
+4 4
+3 3
+5 2
-5 1
+5 1
-5 1
+4 1
+1 1
+1 4
+1 4
+1 3
+1 2
+7 2
+2 5
+5 1
-5 1
+5 1
-5 1
+5 1
-5 2
+5 1
+7 1
-7 4
+7 1
+1 3
+6 1
-6 4
+6 1
fi=(17) ./elf/../sysdeps/unix/sysv/linux/x86/dl-minsigstacksize.h
24 2
+3 2
+1 2
+37 3
+7 1
+2 1
fe=(16)
457 3

fn=(42)
72 8
+4 1
+10 1
+9 1
+9 1
-19 1
-1 1
+29 1
-4 1
-24 1
+9 1
+9 1
+9 1
-28 2
+25 1
-15 1
-9 1
+9 1
+9 1
+9 1
-3 1
+7 1
-13 1
+9 1
+4 2
-22 1
+22 2
-13 1
+6 1
+3 1
+5 1
+12 1
-8 1
-4 1
+7 1
-3 4
+1 1
+2 1
-2 2
+1 3
+5 1
+2 1
-2 4
+1 1
+1 1
-1 2
+1 1
-1 1
+3 2
+1 4
+14 2
356 2
+4 3
fi=(18) ./elf/../sysdeps/unix/sysv/linux/x86/dl-hwcap2.h
25 2
fi=(19) ./elf/../sysdeps/x86/get-isa-level.h
+5 1
-2 1
+2 3
fe=(16)
369 1
+1 8
151 2
+1 2
-1 5
+1 2
+2 3
+90 1
+1 1
-1 2
+17 4
+16 2
+5 1
-1 2
+4 4
+4 2
+4 3
+1 2
+3 1
-1 1
+9 1
-5 1
+2 1
-2 1
+5 1
+51 1
fi=(19)
31 1
fe=(16)
356 2
fi=(19)
32 3
+4 3
fe=(16)
158 4
+3 1
+3 2
+14 1
+2 1
+10 3
-12 1
+12 1
-12 1
+2 2
-2 1
+2 1
+8 1
-8 1
+6 3
+2 1
-2 1
+2 3
+7 5
fi=(19)
39 2
+1 4
-2 1
+7 4
+2 1
+1 2
+3 5
+2 4
+1 2
+1 2
+3 1
-1 1
+1 3
fe=(16)
171 1
-5 2
+4 1

fl=(170)
fn=(548)
27 1
+2 2
-2 1
+6 3
-6 3
+6 1
-6 2
+6 1
cfi=(169)
cfn=(544)
calls=1 +41 
* 225
+4 2
+2 3
+2 1
-1 1
-1 1
+2 2
-1 1
cob=(2)
cfi=(171)
cfn=(550)
calls=1 -7 
* 353

fl=(14)
fn=(30)
36 1
fi=(332) ./elf/../sysdeps/unix/sysv/linux/brk_call.h
-12 2
fe=(14)
+13 1
+1 2
+6 1
+1 1

fl=(178)
fn=(582) call_init.part.0
26 60
+17 5
+3 5
-3 10
+3 10
+5 8
+8 12
+1 12
cob=(4)
cfi=(176)
cfn=(604) 0x000000000485f000
calls=1 -60 
* 7
cob=(4)
cfi=(176)
cfn=(584) 0x000000000483d000
calls=1 -60 
* 7
+3 4
+1 8
+6 6
+2 6
-2 3
+3 19
+1 4
cob=(2)
cfi=(183)
cfn=(602)
calls=1 545 
* 12
* 12
cob=(3)
cfi=(184)
cfn=(608)
calls=1 -74 
* 12
cob=(2)
cfi=(180)
cfn=(594)
calls=1 -28 
* 79
cob=(5) /usr/libexec/valgrind/vgpreload_core-amd64-linux.so
cfi=(179) ???
cfn=(588) 0x0000000000001110
calls=1 -74 
* 12
-1 12
+3 40
-29 2

fn=(580)
81 13
+1 1
+1 1
+3 3
+8 2
+25 1
+1 8
+1 10
-92 10
+6 15
+2 22
+83 8
cfn=(582)
calls=4 -94 
* 290
* 8
+7 8
-98 2
+60 2
-54 3
+2 7
cfn=(582)
calls=1 -11 
* 77
* 2

fl=(73)
fn=(242) _dl_check_map_versions
155 50
+15 15
+2 25
+2 5
+1 5
+2 10
+3 6
-16 6
+20 3
-4 3
-24 3
+28 21
+16 6
36 3
200 3
36 21
200 4
36 2
200 2
36 14
+1 16
-1 32
+2 63
cfi=(52)
cfn=(168)
calls=21 +30 
* 2151
* 47
208 15
+5 5
fi=(333) ./elf/../sysdeps/generic/_itoa.h
76 15
fe=(73)
213 10
+4 10
+1 10
-1 10
+4 5
-3 5
+3 5
-3 15
-1 28
+1 28
-1 28
+4 14
-3 14
+3 14
-3 92
56 76
+8 57
+6 57
+16 19
+1 38
+2 19
+5 133
+14 534
+12 744
+4 248
-30 496
231 76
+3 57
+5 14
-24 14
110 19
+3 95
cfi=(32)
cfn=(94)
calls=19 -15 
* 687
* 57
224 57
+1 3
cfi=(32)
cfn=(94)
calls=1 98 
* 71
* 2
+3 12
+15 15
+5 2
-50 2
+59 15
+3 6
+3 21
+3 12
+4 3
-7 12
+3 9
+4 59
-7 236
+3 180
+8 9
+6 8
fi=(28)
44 4
fe=(73)
280 8
fi=(28)
44 4
cfi=(27)
cfn=(74)
calls=4 +36 
* 164
fe=(73)
281 8
-2 4
fi=(28)
44 4
fe=(73)
281 4
+13 4
-3 4
+3 16
+2 8
+3 12
+4 15
+7 19
+1 19
-1 57
+1 19
+1 19
-2 19
+2 38
+1 57
+3 57
+5 14
-15 14
+2 14
-2 14
+2 14
-2 14
+2 28
-2 5
+2 5
-2 5
+2 5
-2 5
+2 10
+16 15
+5 2
-28 2
+33 6
+3 6
+4 62
+6 62
+1 62
+1 62
-1 186
+1 62
-1 62
+1 62
+1 62
+3 186
+4 62
-14 130
+10 9
+12 6
+1 6
+1 6
+1 4
+19 45
164 2
-8 2
257 5
+17 3
+60 2
-40 2
+76 4
+2 4
+4 2
-4 120
+1 60
+2 1
+1 2
-1 1
+1 1
cfi=(32)
cfn=(244)
calls=1 98 
* 32
* 2

fn=(240)
392 7
+4 5
-2 1
+4 30
cfn=(242)
calls=5 155 
* 9135
-2 5
+2 15
-1 5
-1 10
+5 7

fl=(45)
fn=(196)
38 4
+3 4
-1 8
+4 8
+4 4

fn=(144)
56 3
+3 2
+4 1
+22 1
+10 1
-32 2
+1 1
+21 2
+5 2
+1 1
+4 1
-4 1
-1 1
+2 1
+3 1
+4 2
+8 2
-50 1
+4 2
+35 6

fn=(150)
116 2
+1 2

fl=(26)
fn=(72)
59 60
+3 8
+18 6
+3 3
cfi=(22)
cfn=(62)
calls=3 -26 
* 69
+4 3
-4 3
+4 3
+5 3
-9 9
fi=(28)
-39 6
cfi=(27)
cfn=(74)
calls=3 +36 
* 224
fe=(26)
+39 1
fi=(28)
-39 2
cfi=(27)
cfn=(74)
calls=1 +36 
* 47
* 4
fe=(26)
+51 8
+5 4
+4 4
-6 4
+2 4
+4 4
-5 4
+4 4
+1 4
-1 4
+1 8
cfi=(29)
cfn=(82)
calls=4 210 
* 55
* 4
+15 4
-15 4
+2 4
+13 8
+6 1
+2 7
+3 2
-3 21
+3 6
+2 4
+4 4
+3 12
+2 12
-2 8
+2 8
-2 16
+16 8
-5 4
+5 4
-6 4
+6 4
-6 4
+6 8
+2 6
+3 6
-3 6
+7 12
+4 9
+8 1
+13 1
-10 2
+10 6
-10 6
+10 9
+2 3
cfi=(22)
cfn=(62)
calls=3 57 
* 105
+21 3
-21 9
+17 3
-13 9
+50 9
cfi=(29)
cfn=(126)
calls=3 -48 
* 47
* 3
+5 6
+1 6
-1 100
+1 100
+4 6
+1 3
+3 3
+4 36
131 8
-8 3
-4 6
+34 1
+7 4
+8 12
fi=(28)
56 6
cfi=(27)
cfn=(78)
calls=3 -20 
* 90
* 3
fe=(26)
200 6
-1 6
64 2
+2 3
+1 2
+4 6
+6 2

fn=(84)
31 16
+2 4
-2 8
+2 4
-2 12
+2 4
cfi=(24)
cfn=(86)
calls=4 +9 
* 12
+2 35
+3 36
+2 3
+2 3
+4 3
+4 3
-4 6
+1 6
+1 6
+3 15
-1 3
cfi=(24)
cfn=(86)
calls=3 -8 
* 9
-4 1
+4 1
-4 2
+1 2
+1 2
+3 5
-1 1
cfi=(24)
cfn=(86)
calls=1 -8 
* 3
-5 2

fl=(168)
fn=(542)
30 2
+10 3
-10 3
+10 1
-10 1
+10 1
-10 1
+7 1
+3 2
cfi=(169)
cfn=(544)
calls=1 +34 
* 233
+4 2
+1 8
+2 3
-2 1
+2 3
cfi=(169)
cfn=(544)
calls=1 +27 
* 223
+4 2
+1 7
+1 6

fl=(13)
fn=(232)
298 24
+8 2
-8 2
+8 4
+4 16
-99 2
-28 2
-2 2
+1 4
+29 2
-28 8
+1 2
-1 2
+1 2
-1 4
+1 8
-1 8
+1 8
-1 16
+28 30
+8 6
-3 2
+2 2
+1 4
-3 2
+5 32
+2 10
-83 50
cfn=(234) dfs_traversal.part.0
calls=10 -5 
* 395
+86 30
+18 8
+32 8
+7 2
+27 2
-47 6
cfi=(29)
cfn=(82)
calls=2 -53 
* 38
* 2

fn=(26)
289 2
+1 2
-1 2
+1 2
cfi=(11)
cfn=(28)
calls=1 +97 
* 24
+2 3
-1 1
+2 2

fn=(234)
135 90
+10 10
-2 10
+2 20
+2 28
-7 34
+7 68
+9 20
+15 30
+1 10
+1 60
-17 15

fl=(25)
fn=(70)
28 3
+1 3
+3 58
+13 48
-13 96
+2 100
+1 28
+5 2
-3 2
+3 2
+2 2

fl=(66)
fn=(212)
146 6
-55 6
+70 7
+1 1
-2 4
+1 4

fl=(22)
fn=(62)
57 20
+44 20
+1 20
+1 20
+1 20
+1 20
+1 20
+1 20
+2 20
+2 20
+31 20
+1 20
+1 20
+1 20
+1 20
+1 11
+2 11
+4 9
+1 9
+1 9
+1 9
+1 9
+1 9
+1 9
+1 9
+1 9
+1 9
+1 9
+1 9
+5 72

fl=(11)
fn=(58)
153 15
-81 40
+81 15
-81 10
+10 5
fi=(334) ./elf/./dl-tunable-types.h
+2 5
fe=(11)
+9 40
+1 25
fi=(12) ./elf/./elf/dl-tunables.h
+47 10
fe=(11)
-26 25
+1 5
+1 5
+1 5
+39 15
fi=(12)
-15 10
fe=(11)
-45 10
+3 5
fi=(12)
+51 5
fe=(11)
-51 5
+4 10
+7 10
+1 10
-12 25

fn=(28)
387 37
+3 74
-3 37
+3 296
+9 34
-9 68
+19 23
+7 222
+2 37
-19 14
+1 14
+9 6

fn=(22)
261 8
+22 1
-22 1
128 1
283 1
-22 1
+6 4
42 255
+6 50
-3 50
+3 4521
+4 100
+4 100
fi=(12)
160 50
fe=(11)
56 100
fi=(12)
161 22
-1 116
+1 172
-1 100
fe=(11)
281 8200
+6 14850
fi=(12)
160 500
+1 1000
-1 35
+1 140
-1 175
fe=(11)
304 8

fl=(23)
fn=(64)
37 4
+3 1
-3 2
+21 2
+4 2
+16 5

fl=(314)
fn=(1184)
26 5
+17 1
-17 6
+20 13
+3 2
cob=(2)
cfi=(315)
cfn=(1186)
calls=1 +28 
* 44
+2 1
+3 2
+2 5
+7 3
-2 1
+2 1
cfi=(48)
cfn=(566)
calls=1 -22 
* 11
+5 15
+5 1
-5 1
+5 3
+2 10
+2 10
+2 10
+1 5
+1 5
+4 5
-12 15
+14 6
+1 4
+6 6
cfi=(13)
cfn=(232)
calls=1 298 
* 398
+9 2
cob=(2)
cfi=(316)
cfn=(1188)
calls=1 367 
* 34
+5 6
+2 1
+2 2
-2 4
+2 8
+2 20
cfi=(317) ./elf/./elf/dl-call_fini.c
cfn=(1190) _dl_call_fini
calls=5 -90 
* 469
+3 10
cfi=(48)
cfn=(1216) _dl_audit_objclose
calls=5 -20 
* 25
-9 10
+14 5
-14 15
+18 3
cfi=(48)
cfn=(566)
calls=1 -85 
* 11
* 2
+6 4
+2 1
-2 2
+6 2
+7 8
-77 2

fl=(140)
fn=(570)
117 5
+5 1

fn=(436)
117 25
+5 5

fl=(38)
fn=(110)
29 1
fi=(19)
+2 1
fe=(38)
+7 1
fi=(19)
-8 4
fe=(38)
+22 1
fi=(19)
-20 3
+4 1
fe=(38)
+2 1
fi=(19)
-2 2
+3 4
+1 4
+5 1
fe=(38)
-7 1
fi=(19)
+7 3
fe=(38)
-2 1
fi=(19)
+5 2
+3 5
+2 4
+1 2
+1 2
+3 1
fe=(38)
-10 1
fi=(19)
+10 3
fe=(38)

fl=(46)
fn=(438)
1017 8
+9 1
-9 1
+6 1
+4 1
+4 3
+34 2
+3 2
+1 3
+3 6

fn=(146)
192 1
+2 2
+1 1
+15 2

fn=(250)
216 9
+6 4
+3 2
+36 3
+2 1
-2 1
-2 1
-40 1
-1 1
-1 1
+46 2
+23 3
+3 1
-3 5
+2 2
+6 1
-33 2
+20 1
-20 5
+2 2
+3 1
-1 1
+5 2
-5 1
+1 1
-1 1
+3 2
+2 3
+32 2
-1 1
+53 1
-52 5
+2 2
+51 8

fn=(252)
417 7
+2 1
+11 1
+1 1
fi=(28)
56 1
cfi=(27)
cfn=(78)
calls=1 -20 
* 85
fe=(46)
432 2
+8 3
fi=(28)
44 1
fe=(46)
440 2
+5 1
-5 1
+1 1
+4 304
+19 1
-99 1
+4 1
+1 1
fi=(28)
44 1
cfi=(27)
cfn=(74)
calls=1 +36 
* 41
fe=(46)
371 2
+3 1
+6 2
+90 7

fn=(524)
523 11
+1 2
+4 1
+6 1
-6 1
+6 1
cfi=(24)
cfn=(86)
calls=1 42 
* 3
+3 3
+12 1
-18 1
+42 3
-19 12
+9 3
+1 2
+6 3
+3 1
-2 1
+2 1
-2 1
+2 4
+4 1
-4 1
+4 1
-1 2
+4 2
+1 4
+2 2
+1 2
+17 1
-8 1
+8 1
+2 4
cfi=(29)
cfn=(126)
calls=1 197 
* 13
* 6
cfi=(43)
cfn=(130)
calls=1 132 
* 25
-49 1
+55 1
-55 4
+6 5
+55 2
cfi=(24)
cfn=(86)
calls=1 42 
* 3
+3 2
+3 9

fn=(248)
97 2
+3 1
-3 3
+3 1
-3 1
+3 1
-3 1
+3 1
-3 1
+3 1
cfi=(11)
cfn=(28)
calls=1 387 
* 23
* 1
+1 4
cfi=(11)
cfn=(28)
calls=1 387 
* 23
+1 1
+2 1
-3 1
+1 2
+2 3
+3 1
+2 1
-26 3
+28 3
+1 6

fn=(226)
125 1
+16 1
-13 1
-3 3
+3 1
+55 1
-2 1
+5 1
+1 2

fl=(63)
fn=(200)
25 1
+2 7
+4 1

fl=(39)
fn=(120)
25 5
+1 3
+21 1
-20 1
+20 3

fn=(114)
51 110
-25 44
+36 5
-7 5
+7 35
-26 24
+5 27
cfi=(41)
cfn=(118)
calls=9 -9 
* 216
* 9
+1 18
+3 6
+11 12
+1 18
+1 12
-2 6
+1 9
+1 6
-28 24
+4 48
+1 12
-1 30
+24 6
+9 12
-5 6
-2 6
+2 42
-19 6
cfi=(22)
cfn=(62)
calls=3 +14 
* 51
* 6

fl=(41)
fn=(118)
32 19
+1 19
+1 19
+1 19
+1 19
+1 19
+1 19
+1 19
+1 19
+1 19
+1 19
+1 19
+1 19
+1 19
+1 19
+1 19
+1 19
+1 19
+1 16
+4 16
+1 16
+1 16
+1 16
+2 16
+4 3
+1 3
+1 3
+1 3
+1 3
+1 3
+1 3
+1 3
+1 3
+1 3
+1 3
+1 3
+1 3
+1 3
+1 3
+1 3
+1 3
+1 3
+1 3
+1 3
+1 3
+1 3
+1 3
+1 3
+52 3
+4 3
+1 3
+1 3
+1 3
+2 3

fl=(76)
fn=(260)
361 8
-76 1
-10 2
+2 2
-1 1
+6 1
+3 1
+8 1
-11 1
+1 1
-1 1
+1 1
-1 1
+1 1
+10 4
+3 1
+4 2
+2 2
-1 1
+2 2
+2 2
-1 2
+4 1
+2 1
+3 2
145 2
+12 2
+16 1
+6 1
363 6

fn=(576)
331 1
+3 2
+16 1

fl=(48)
fn=(636) _dl_audit_preinit
118 1
+1 4

fn=(198)
77 3
+1 12

fn=(566)
41 3
+4 12
+1 3
+1 15

fn=(1216)
97 5
+1 20

fn=(152)
29 2
+2 1
-2 5
+1 1
+1 2
+6 6

fl=(57)
fn=(182)
47 16
+3 32
-3 96
+6 32
+5 96
+2 64
-7 36

fl=(55)
fn=(178)
30 4
+9 16
+33 4

fl=(15)
fn=(546)
71 1
-32 3
+32 2

fn=(34)
37 1
+2 3
+2 1
cfi=(16)
cfn=(36)
calls=1 682 
* 7344

fl=(8)
fn=(14)
25 5
+3 5
-3 5
+3 10
+3 15
+1 10
+2 5
-1 5
+3 15
+1 5
+1 10
+7 5
-5 5
-2 5
+3 10
+2 5
+2 10
+5 5

fl=(317)
fn=(1190)
24 40
+4 10
+6 5
-2 5
+3 10
+3 3
+1 3
-1 3
+1 6
+3 12
+1 3
cob=(3)
cfi=(184)
cfn=(1236)
calls=1 -43 
* 98
cob=(5)
cfi=(179)
cfn=(1218) 0x00000000000010d0
calls=1 -43 
* 98
cob=(6)
cfi=(185)
cfn=(1192) 0x0000000000001e10
calls=1 -43 
* 98
-1 12
+5 5
+1 10
+1 6
+1 15
-1 3
cob=(4)
cfi=(176)
cfn=(1252) 0x00000000048dd3a8
calls=1 -49 
* 4
cob=(4)
cfi=(176)
cfn=(1234) 0x000000000483d294
calls=1 -49 
* 4
cob=(4)
cfi=(176)
cfn=(1214) 0x0000000000112f6c
calls=1 -49 
* 4
+1 12

ob=(6)
fl=(261) /home/tobiasosborne/Projects/convexfeld/src/matrix/sparse_stub.c
fn=(934) cxf_sparse_create
22 1
+1 3
cob=(4)
cfi=(176)
cfn=(914) 0x0000000000109330
calls=1 -23 
* 237

fn=(1170) cxf_sparse_free
40 1
+1 2
-1 5
+6 2
cob=(4)
cfi=(176)
cfn=(1006) 0x0000000000109250
calls=1 -46 
* 176
+1 2
cob=(4)
cfi=(176)
cfn=(1006)
calls=1 -47 
* 200
+1 2
cob=(4)
cfi=(176)
cfn=(1006)
calls=1 -48 
* 227
+3 2
cob=(4)
cfi=(176)
cfn=(1006)
calls=1 -51 
* 87
+1 2
cob=(4)
cfi=(176)
cfn=(1006)
calls=1 -52 
* 170
+1 2
cob=(4)
cfi=(176)
cfn=(1006)
calls=1 -53 
* 170
+3 2
cob=(4)
cfi=(176)
cfn=(1006)
calls=1 -56 
* 206
+1 2
cob=(4)
cfi=(176)
cfn=(1006)
calls=1 -57 
* 87
+3 1
+1 2
-1 1
cob=(4)
cfi=(176)
cfn=(1006)
calls=1 -60 
* 87

fn=(998) cxf_sparse_init_csc
76 1
+1 2
+3 3
-4 8
+4 2
+4 2
+5 1
-4 1
+4 1
-3 1
+3 2
cob=(4)
cfi=(176)
cfn=(914)
calls=1 -89 
* 273
* 2
+1 2
+5 2
+15 1
+1 7
-15 3
cob=(4)
cfi=(176)
cfn=(914)
calls=1 -96 
* 283
+1 2
-1 2
+1 1
cob=(4)
cfi=(176)
cfn=(914)
calls=1 -97 
* 2470
* 1
+2 4

fl=(283) /home/tobiasosborne/Projects/convexfeld/src/basis/basis_state.c
fn=(1068) cxf_basis_create
32 2
+1 1
-1 7
+1 4
+4 3
cob=(4)
cfi=(176)
cfn=(914)
calls=1 -37 
* 230
* 1
+1 2
+4 1
+1 1
+1 1
+2 1
+1 1
+2 1
+1 1
+3 2
+19 2
+15 9
-33 4
cob=(4)
cfi=(176)
cfn=(914)
calls=1 -54 
* 251
+1 2
-1 2
+1 1
cob=(4)
cfi=(176)
cfn=(914)
calls=1 -55 
* 272
+1 1
-1 2
+1 1
cob=(4)
cfi=(176)
cfn=(932) 0x00000000001093a0
calls=1 -56 
* 182
+1 1
-1 1
+1 11
+9 2
+1 1
-1 4
+1 104
-1 157
+7 3
cob=(4)
cfi=(176)
cfn=(932)
calls=1 -73 
* 182
* 2
+1 2
+8 7
cob=(4)
cfi=(176)
cfn=(1002) 0x0000000000109300
calls=1 -82 
* 66
* 1

fn=(1126) cxf_basis_free
97 1
+1 2
-1 7
+6 1
+1 3
+1 2
+1 2
cob=(4)
cfi=(176)
cfn=(1006)
calls=1 0 
* 200
-1 4
+1 4
cob=(4)
cfi=(176)
cfn=(1006)
calls=2 0 
* 400
+1 6
cob=(4)
cfi=(176)
cfn=(1006)
calls=3 0 
* 439
+1 6
cob=(4)
cfi=(176)
cfn=(1006)
calls=3 0 
* 322
-4 6
+9 2
cfi=(296) /home/tobiasosborne/Projects/convexfeld/src/basis/lu_factors.c
cfn=(1128) cxf_lu_free
calls=1 -35 
* 1180
+3 2
cob=(4)
cfi=(176)
cfn=(1006)
calls=1 0 
* 176
+1 2
cob=(4)
cfi=(176)
cfn=(1006)
calls=1 0 
* 176
+1 2
cob=(4)
cfi=(176)
cfn=(1006)
calls=1 0 
* 209
+1 2
cob=(4)
cfi=(176)
cfn=(1006)
calls=1 0 
* 236
+2 1
-1 1
+1 4
-1 1
cob=(4)
cfi=(176)
cfn=(1006)
calls=1 0 
* 87

fl=(277) /home/tobiasosborne/Projects/convexfeld/src/callbacks/invoke.c
fn=(1042) cxf_pre_optimize_hook
42 1
+2 2
-2 8
+7 1
+1 2
+5 1
+1 2
+44 1
-55 1
+55 6

fn=(1132) cxf_post_optimize_hook
124 1
+2 2
-2 8
+7 1
+1 2
+5 1
+1 2
+41 1
-52 1
+52 6

fl=(279) /home/tobiasosborne/Projects/convexfeld/src/simplex/presolve.c
fn=(1060) get_row_coeffs
20 735
+1 105
-1 210
fi=(253) /usr/include/x86_64-linux-gnu/bits/string_fortified.h
+39 105
fe=(279)
-39 105
fi=(253)
+39 315
cob=(4)
cfi=(176)
cfn=(1002)
calls=105 -59 
* 6930
fe=(279)
-37 105
fi=(253)
+37 105
fe=(279)
-37 840
+1 105
+1 105
+1 314
+1 104
+1 208
-1 176
+1 1472
-2 840
+13 630

fn=(1046) cxf_check_obvious_infeasibility
57 9
+1 1
+1 2
+1 1
+3 2
-2 1
-1 1
+3 1
+5 5
cob=(4)
cfi=(176)
cfn=(932)
calls=1 -68 
* 443
+1 1
-1 1
+1 1
cob=(4)
cfi=(176)
cfn=(932)
calls=1 -69 
* 180
* 1
+1 4
+3 12
+2 5
cfn=(1060)
calls=1 -55 
* 132
* 520
cfn=(1060)
calls=104 -55 
* 13377
+1 525
-2 210
+10 105
-8 210
+6 154
-1 154
+1 308
+3 280
-9 32445
+1 10815
+1 32445
+1 280
+1 280
-1 560
+2 560
-1 280
+4 630
+4 525
+1 420
+1 315
+3 180
+3 90
+1 360
-24 420
+31 6
+33 8
-47 180
-20 2
cob=(4)
cfi=(176)
cfn=(1006)
calls=1 -70 
* 87
* 2
cob=(4)
cfi=(176)
cfn=(1006)
calls=1 -70 
* 87
-11 2
+55 1
-50 2
cfi=(280) /home/tobiasosborne/Projects/convexfeld/src/matrix/row_major.c
cfn=(1048) cxf_prepare_row_data
calls=1 -30 
* 39342
* 3
+1 2
cfi=(280)
cfn=(1054) cxf_build_row_major
calls=1 +29 
* 6925
* 2

fn=(1062) cxf_check_obvious_unboundedness
139 1
+1 1
+1 2
+2 1
-1 1
+3 2
-6 1
+37 4
+2 1
-20 1
-19 5
+7 1
+1 4
+2 3
-4 306
+1 206
+3 206
+18 204
+15 2
-37 3
+41 1
-45 1
+45 5
-35 2
+2 1
+8 1
-8 1
+1 2
+1 8
+1 4
-1 26
+1 16
+2 4
+1 4
+1 3
+1 4
+1 4
-11 18

fl=(288) /home/tobiasosborne/Projects/convexfeld/src/simplex/phase_loop.c
fn=(1096) compute_true_infeasibility.isra.0
28 66
+3 33
+2 11
+10 33
+6 11
+2 11
-21 11
+14 11
-11 11
+11 33
-11 2310
+1 2310
-2 2310
+2 1155
+1 1155
+1 2310
-2 117810
+1 117810
+1 235620
+1 237930
-1 952512
+1 641168
+1 15400
-5 356895
+10 4620
+1 3465
+2 3465
+2 1980
+3 1485
+1 2090
-21 1100
+23 1100
-23 2255
+23 55
-23 110
+26 77
-10 2673

fn=(1080) cxf_run_phase_one
150 10
+1 1
+1 1
+2 8
+26 108
+2 108
-28 216
+2 216
-1 51
+1 153
+3 165
cfi=(289) /home/tobiasosborne/Projects/convexfeld/src/simplex/iterate.c
cfn=(1082) cxf_log_iteration_progress
calls=55 -35 
* 2412010
+2 110
-93 1
+1 1
-1 1
+1 2
cfn=(1096)
calls=1 -41 
* 246491
+3 1
-3 1
+3 1
+2 1
+48 1
-52 1
+52 2
-37 1
-11 2
+48 1
-48 1
-1 1
+1 11
-1 9
+1 18
+1 10
+3 30
-3 10
+3 10
-3 20
+3 20
-3 10
+1 20
-1 10
+1 10
-1 10
+1 20
-1 1040
+1 1040
-1 1040
+1 3130
+46 2100
-44 2100
+44 1020
-12 1020
+1 1020
-2 1020
+2 1020
+1 1020
-1 104040
+1 104040
+1 105060
-1 419550
+1 282500
+1 5600
-4 157590
+11 510
-2 1020
+1 1020
+1 510
+1 1300
-48 700
+48 370
-48 4560
+51 30
cfn=(1096)
calls=10 -97 
* 2464910
* 10
-53 41
+92 2
-1 2
+1 1
cob=(4)
cfi=(176)
cfn=(1098) 0x0000000000109280
calls=1 0 
* 8
+5 3
-88 1620
+1 1080
+1 1620
-1 1440
+1 3210
+2 1800
+37 1350
-34 900
-1 450
+1 450
-1 900
+2 92700
+1 91800
+1 463380
+1 249100
+1 3450
-5 139500
+12 450
-1 450
+1 2250
+5 2250
-4 450
+1 1350
+1 1800
+84 3
+2 1
-1 1
+1 7

fn=(1104) cxf_run_phase_two
191 12
+2 1
-1 1
+3 2
+2 200
-1 50
+1 150
+3 150
cfi=(289)
cfn=(1082)
calls=50 -76 
* 19406422
+2 100
+1 98
+1 98
+1 98
-10 149
+7 1
+6 3
+1 1
+1 8

fl=(291) /home/tobiasosborne/Projects/convexfeld/src/simplex/ratio_test.c
fn=(1088) cxf_ratio_test
39 1050
+12 735
+1 630
+5 105
+2 105
+10 105
-11 105
+1 105
+10 210
+34 105
-4 210
-30 105
+34 210
-41 105
+1 105
+40 105
-4 210
-10 1254
+10 1254
-10 1254
+10 2508
+9 1254
+6 1254
-6 1254
+6 3762
+1 5016
-46 21393
+1 11025
+3 44100
+5 5148
+4 5148
-4 5148
+4 5148
-4 5148
+5 20592
+14 5148
-9 10296
+9 5148
+6 11682
-13 7788
+15 7788
-36 11758
+52 210
+12 105
-2 105
+33 210
-33 105
-1 105
+3 105
+31 105
-4 105
-29 105
+29 105
-27 315
+3 210
+3 420
-3 21840
+3 43680
+8 5148
-3 5148
+3 5148
+1 20592
+10 5148
-5 15444
+5 5148
-4 2508
+6 2508
+9 2508
+6 2508
+1 1167
+2 22
-43 20259
+57 105
+1 105
+2 105
-2 210
+3 735
-32 7788
-9 7788
+11 7788
-31 11758
+48 378
+1 756
-49 378
+49 378
-49 757

fl=(281) /home/tobiasosborne/Projects/convexfeld/src/matrix/sparse_matrix.c
fn=(1050) cxf_sparse_validate
28 1
+1 2
+5 2
+5 9
+10 1
-5 2
+5 3
+5 4
+5 313
+1 412
-16 2
-9 1
+31 9
+6 560
-1 840
+1 840
-37 2

fl=(280)
fn=(1054)
94 1
+1 2
-1 9
+5 3
+5 2
+5 1
+1 1
-1 2
+1 1
-1 1
+1 1
-1 2
+1 279
-1 279
+1 279
-1 558
+5 2
+5 1
-5 6
+1 1
-1 1
+1 1
-1 2
+1 104
-1 104
+1 104
-1 208
+5 2
cob=(4)
cfi=(176)
cfn=(932)
calls=1 0 
* 315
+1 2
fi=(253)
-91 5
cob=(4)
cfi=(176)
cfn=(1058) 0x0000000000109350
calls=1 -29 
* 122
* 1
fe=(280)
129 3
+1 518
+1 103
+2 103
+1 309
-2 103
+2 103
-4 103
+2 309
+1 103
-1 103
+2 103
-4 206
+2 177
+2 177
-4 177
+2 531
+1 177
-1 177
+2 177
-4 354
-1 309
+9 2
cob=(4)
cfi=(176)
cfn=(1006)
calls=1 0 
* 87
-33 1
+35 8

fn=(1048)
34 9
+1 3
+5 1
cfi=(281)
cfn=(1050)
calls=1 -12 
* 3003
* 1
+1 2
+35 9
-30 2
cob=(4)
cfi=(176)
cfn=(1006)
calls=1 -46 
* 6
+1 2
cob=(4)
cfi=(176)
cfn=(1006)
calls=1 -47 
* 6
+1 2
cob=(4)
cfi=(176)
cfn=(1006)
calls=1 -48 
* 6
+6 1
-4 1
+4 1
-4 1
+4 3
cob=(4)
cfi=(176)
cfn=(914)
calls=1 -54 
* 652
* 2
+1 4
+5 3
+1 3
cob=(4)
cfi=(176)
cfn=(914)
calls=1 -61 
* 32998
+1 2
-1 2
+1 1
cob=(4)
cfi=(176)
cfn=(914)
calls=1 -62 
* 2611
* 1
+2 4

fl=(262) /home/tobiasosborne/Projects/convexfeld/src/api/mps_parser.c
fn=(936) cxf_readmps
15 9
+6 1
cfi=(259) /home/tobiasosborne/Projects/convexfeld/src/api/model.c
cfn=(938) cxf_checkmodel
calls=1 177 
* 8
* 1
+1 2
+2 4
+5 3
cob=(4)
cfi=(176)
cfn=(728) 0x0000000000109400
calls=1 -29 
* 465
* 1
+1 2
+5 1
cfi=(263) /home/tobiasosborne/Projects/convexfeld/src/api/mps_state.c
cfn=(940) mps_state_create
calls=1 +40 
* 33442
* 1
+1 2
+6 3
cfi=(264) /home/tobiasosborne/Projects/convexfeld/src/api/mps_parse.c
cfn=(942) mps_parse_file
calls=1 146 
* 596288
+1 1
-1 1
+1 1
cob=(4)
cfi=(176)
cfn=(848) 0x00000000001092b0
calls=1 -43 
* 588
+2 2
+6 3
cfi=(267) /home/tobiasosborne/Projects/convexfeld/src/api/mps_build.c
cfn=(992) mps_build_model
calls=1 +61 
* 30399
* 1
+1 2
cfi=(263)
cfn=(1008) mps_state_free
calls=1 +43 
* 72882
+3 7

fl=(270) /home/tobiasosborne/Projects/convexfeld/src/api/api_stub.c
fn=(1014) cxf_optimize
26 1
+1 2
+5 1
cfi=(271) /home/tobiasosborne/Projects/convexfeld/src/api/optimize_api.c
cfn=(1016) cxf_optimize_internal
calls=1 +16 
* 27309944

fl=(263)
fn=(1008)
95 1
+1 2
-1 7
+2 4
+1 2
-1 2
+1 2
cfi=(257) /home/tobiasosborne/Projects/convexfeld/src/memory/alloc.c
cfn=(1004) cxf_free
calls=1 +8 
* 89
* 204
-1 204
+1 204
cfi=(257)
cfn=(1004)
calls=102 +8 
* 11113
+1 309
cfi=(257)
cfn=(1004)
calls=103 +7 
* 11202
-2 206
+4 4
cfi=(257)
cfn=(1004)
calls=1 +5 
* 172
+1 2
cfi=(257)
cfn=(1004)
calls=1 +4 
* 172
-70 1
+1 1
+1 2
-1 2047
+1 4200
+1 212
+1 106
cfi=(257)
cfn=(1004)
calls=106 +70 
* 11660
-2 212
-2 6146
+1 1
+1 2
-1 2047
+1 4197
+1 206
+1 103
cfi=(257)
cfn=(1004)
calls=103 +70 
* 11309
-2 206
-2 6144
+75 1
-1 1
+1 4
-1 1
cfi=(257)
cfn=(1004)
calls=1 * 
* 172

fn=(976) mps_find_col
113 175
+1 350
cfn=(978) hash_table_find
calls=175 -68 
* 16975

fn=(978)
46 1904
-24 476
+24 476
-24 1428
-2 952
+3 476
-1 1428
+1 476
-1 1428
+1 3329
-1 9987
+1 3329
-1 9987
+26 1428
+1 1055
+1 1119
cob=(4)
cfi=(176)
cfn=(648) 0x0000000000109340
calls=373 -50 
* 8884
* 746
+1 373
+5 1595
-1 103
+1 309

fn=(990) mps_add_coeff
166 2520
+1 560
-1 280
+1 280
+1 560
+2 280
-2 560
+13 177
-1 177
+1 531
+2 177
-1 354
+2 1416
-4 103
+1 309
+2 103
-1 206
+2 824
-15 515
+1 309
cfi=(257)
cfn=(964) cxf_realloc
calls=103 -93 
* 20487
+1 206
-1 103
+1 103
cfi=(257)
cfn=(964)
calls=103 -94 
* 20324
+1 515
+4 103
+4 103
-3 103
+1 206

fn=(940)
75 2
+1 2
-1 3
+1 1
cfi=(257)
cfn=(912) cxf_calloc
calls=1 -23 
* 33055
+1 2
+2 3
cfi=(257)
cfn=(930) cxf_malloc
calls=1 -46 
* 180
+1 1
-1 1
+1 1
cfi=(257)
cfn=(930)
calls=1 -47 
* 178
+1 1
-1 1
+1 4
+8 1
-1 1
+1 1
+4 4

fn=(960) hash_table_add
62 1672
-40 209
+40 209
-40 627
-2 418
+3 209
-1 627
+1 209
-1 627
+1 1460
-1 4380
+1 1460
-1 4380
+3 418
+39 418
cfi=(257)
cfn=(930)
calls=209 -31 
* 40919
+1 418
fi=(253)
+30 836
cob=(4)
cfi=(176)
cfn=(926) 0x0000000000109260
calls=209 -95 
* 8149
fe=(263)
-25 209
fi=(253)
+25 209
fe=(263)
-27 209
+1 209
+1 627
+1 209
+1 209
+1 1254

fn=(988) mps_find_row
109 301
+1 602
cfn=(978)
calls=301 -64 
* 34313

fn=(958) mps_add_row
117 954
+1 106
-1 106
+1 106
+2 106
-2 212
+1 1
+1 3
cfi=(257)
cfn=(964)
calls=1 -43 
* 650
* 1
+1 2
+1 1
+1 1
+2 1
+1 1
fi=(253)
-31 2
fe=(263)
+31 2
fi=(253)
-31 1
cob=(4)
cfi=(176)
cfn=(926)
calls=1 -95 
* 39
fe=(263)
+31 105
fi=(253)
-31 210
fe=(263)
+31 210
fi=(253)
-31 105
cob=(4)
cfi=(176)
cfn=(926)
calls=105 -95 
* 4093
fe=(263)
+38 318
-5 106
+1 106
+1 106
+3 106
cfn=(960)
calls=106 -71 
* 35794
* 212
+4 106
+2 742

fn=(980) mps_add_col
141 927
+1 206
+2 103
-2 206
+1 1
+1 3
cfi=(257)
cfn=(964)
calls=1 -67 
* 842
* 1
+1 2
+1 1
+1 1
+2 1
+1 1
fi=(253)
-91 1
+36 2
fe=(263)
+55 2
fi=(253)
-91 4
+36 1
cob=(4)
cfi=(176)
cfn=(926)
calls=1 -95 
* 39
fe=(263)
+55 102
fi=(253)
-91 102
+36 204
fe=(263)
+55 204
fi=(253)
-91 408
+36 102
cob=(4)
cfi=(176)
cfn=(926)
calls=102 -95 
* 3978
fe=(263)
+63 206
fi=(253)
-63 103
fe=(263)
+60 206
+3 206
cfn=(960)
calls=103 -96 
* 34986
* 206
+4 103
+2 721

fl=(285) /home/tobiasosborne/Projects/convexfeld/src/simplex/perturbation.c
fn=(1072) cxf_simplex_perturbation
71 1
+2 4
+5 3
+4 1
+1 2
+10 1
+1 3
+9 1
+1 1
+1 1
+3 2
-37 2
+39 5
+6 1
+1 1
-70 1
+24 2
+78 1
-31 1
-47 1
+53 1
-14 412
+10 103
-4 206
+1 206
-77 103
+7 206
-7 206
+1 103
+1 309
-3 103
+1 103
+3 103
-3 206
+1 103
+3 206
+3 103
-5 103
+5 103
-5 206
+1 103
+4 103
-3 206
+3 103
+93 103
-93 103
+85 103
-85 103
+86 103
+7 206
+1 309
+2 309
+5 309
-40 412
-24 1
+75 1
-80 1
+80 3

fn=(1114) cxf_simplex_unperturb
171 1
+2 4
+5 1
+1 1
-1 2
-7 7
+12 1
+1 5
+4 6
+1 2
fi=(253)
29 1
cob=(4)
cfi=(176)
cfn=(1078) 0x0000000000109360
calls=1 -29 
* 115
fe=(285)
191 6
+1 2
fi=(253)
29 1
cob=(4)
cfi=(176)
cfn=(1078)
calls=1 -29 
* 115
fe=(285)
197 1
+3 1
-1 1
+1 5

fl=(289)
fn=(1082)
124 1365
+2 105
+1 105
+4 420
+5 105
-1 210
+3 210
+5 105
-1 105
+1 105
+3 210
+6 420
+5 210
+3 210
+1 210
+5 210
+1 210
+8 315
+4 8
+1 4
+6 4
-6 4
-2 4
+5 4
+3 8
-7 4968
+1 3328
+1 412
+2 412
-1 412
+1 1236
+2 824
+1 2472
+3 12
-10 16
+68 210
+12 206
+23 206
-12 309
-11 206
+11 103
+12 103
-22 103
+3 309
-3 103
+3 103
-3 103
+3 309
cfn=(1084) extract_column_ext
calls=103 90 
* 12483
-3 1
+3 3
-3 1
+3 1
-3 1
+3 3
cfn=(1084)
calls=1 90 
* 123
+1 416
cfi=(290) /home/tobiasosborne/Projects/convexfeld/src/basis/ftran.c
cfn=(1086) cxf_ftran
calls=104 92 
* 3506662
+1 208
+5 936
cfi=(291)
cfn=(1088)
calls=104 39 
* 401794
+2 416
+5 208
+5 312
-8 104
+8 416
-23 3
-73 101
+6 101
-6 101
+6 202
-44 2
457 1155
287 208
+5 208
-4 104
+1 104
-2 104
+1 104
+2 104
-2 104
+4 104
+1 208
+5 312
+3 312
+3 416
+11 238
+11 8
-39 2
+93 2
-93 2
+92 2
-21 4
-71 100
+93 100
-93 100
+92 100
-21 202
+13 43
+9 43
-1 86
+4 43
-3 43
-1 43
+1 43
+4 86
-4 60
-1 120
+4 60
-3 60
-1 60
+1 60
+4 120
+1 515
cfi=(287) /home/tobiasosborne/Projects/convexfeld/src/basis/btran.c
cfn=(1090) cxf_btran
calls=103 118 
* 3008599
+5 515
-5 103
+5 103
cfi=(292) /home/tobiasosborne/Projects/convexfeld/src/simplex/step.c
cfn=(1092) cxf_simplex_step
calls=103 57 
* 488205
+1 206
+7 206
+8 103
-8 309
+8 206
+1 103
+3 206
+6 103
-3 206
+3 103
-9 103
+6 103
-3 103
+3 206
+3 721
+1 85490
+1 84872
+3 21012
-1 5057
+10 10114
+1 5057
+1 20228
+2 5057
+4 20228
-22 20228
+22 21796
-22 65571
+34 206
+5 103
+1 206
216 303
+1 202
+1 101
+7 202
-7 202
-1 63024
+1 63024
+5 10403
+2 10403
-1 10403
+1 31209
+4 16306
+2 16306
+7 16306
+2 179
-1 179
+2 358
421 5449
-1 5449
+1 10898
+1 10898
+1 5449
+1 10898
+2 5449
-1 5449
+1 10898
-1 5449
+1 10898
-2 5449
+1 5449
-1 10898
+1 9000
+1 18000
-2 9000
+1 9000
-1 28898
305 208
+1 208
+20 503
+35 1
+5 12
+1 16
+1 12
-41 1
+1 7
-1 1
+1 1
cfn=(1084)
calls=1 90 
* 123
+1 4
cfi=(290)
cfn=(1086)
calls=1 92 
* 26629
+1 9
cfi=(291)
cfn=(1088)
calls=1 39 
* 3894
+2 2
+4 2
-3 1
-1 2
+2 1
+1 1
+1 1
-3 1
+3 1
-3 1
+1 1
+1 1
+1 3
+1 2
+4 3
+1 1
+2 1
+1 1
-3 2
+1 1
+2 3
+15 60
-1 180
+1 234
+6 124
+85 3
cfi=(295) /home/tobiasosborne/Projects/convexfeld/src/basis/refactor.c
cfn=(1106) cxf_solver_refactor
calls=1 96 
* 13533156
+1 2
cfi=(286) /home/tobiasosborne/Projects/convexfeld/src/simplex/reduced_costs.c
cfn=(1074) cxf_compute_reduced_costs
calls=1 36 
* 13456
* 1
-73 4
-33 1
+1 4

fn=(1084)
90 735
fi=(253)
-31 105
fe=(289)
+31 525
+2 105
-2 315
fi=(253)
-31 210
cob=(4)
cfi=(176)
cfn=(1002)
calls=105 -59 
* 6930
fe=(289)
+35 210
+2 204
+1 204
+1 102
+2 204
+1 102
+1 408
-2 102
+2 102
-2 204
+2 362
-2 181
+2 181
-2 362
+14 816
-8 3
+1 6
+2 12
-1 9
+1 3
+2 3
+3 24

fl=(272) /home/tobiasosborne/Projects/convexfeld/src/logging/output.c
fn=(1018) cxf_log_printf
29 59
+5 2
-5 9
+5 14
+5 8
+5 12
+5 4
fi=(194) /usr/include/x86_64-linux-gnu/bits/stdio2.h
+19 16
fe=(272)
-19 4
fi=(194)
+19 8
fe=(272)
-19 4
fi=(194)
+19 4
fe=(272)
-19 12
fi=(194)
+19 4
cob=(4)
cfi=(176)
cfn=(1020) 0x00000000001093d0
calls=4 -68 
* 3830
+18 16
fe=(272)
-32 4
fi=(194)
+32 4
cob=(4)
cfi=(176)
cfn=(654) 0x00000000001093f0
calls=4 -86 
* 1951
fe=(272)
-25 8
cob=(4)
cfi=(176)
cfn=(1026) 0x00000000001093b0
calls=4 -61 
* 728
+3 12
+3 32

fl=(295)
fn=(1106)
96 1
+1 2
-1 9
+1 3
-60 1
+65 1
-64 3
+1 2
+1 2
cob=(4)
cfi=(176)
cfn=(1006)
calls=1 -40 
* 87
-1 198
+1 198
cob=(4)
cfi=(176)
cfn=(1006)
calls=99 -40 
* 10362
+1 200
cob=(4)
cfi=(176)
cfn=(1006)
calls=100 -41 
* 11852
+1 200
cob=(4)
cfi=(176)
cfn=(1006)
calls=100 -42 
* 10777
-4 200
+74 1
-66 1
+1 1
+1 1
+60 1
+1 1
+1 1
+1 1
+1 1
+3 2
+7 3
+15 10
+3 4
+25 2
cfi=(297) /home/tobiasosborne/Projects/convexfeld/src/basis/lu_factorize.c
cfn=(1110) cxf_lu_factorize
calls=1 34 
* 13481120
+1 2
+7 8
-49 1
+1 1
-1 1
+1 2
cfi=(296)
cfn=(1108) cxf_lu_create
calls=1 22 
* 17889
* 2
+1 2

fl=(259)
fn=(1168) cxf_freemodel.part.0
146 5
+6 2
cfi=(261)
cfn=(1170)
calls=1 40 
* 1438
+3 2
cfi=(257)
cfn=(1004)
calls=1 -49 
* 89
+1 2
cfi=(257)
cfn=(1004)
calls=1 -50 
* 89
+1 2
cfi=(257)
cfn=(1004)
calls=1 -51 
* 89
+1 2
cfi=(257)
cfn=(1004)
calls=1 -52 
* 178
+1 2
cfi=(257)
cfn=(1004)
calls=1 -53 
* 89
+1 2
cfi=(257)
cfn=(1004)
calls=1 -54 
* 205
+3 2
cfi=(257)
cfn=(1004)
calls=1 -57 
* 8
+1 2
cfi=(257)
cfn=(1004)
calls=1 -58 
* 8
+1 2
cfi=(257)
cfn=(1004)
calls=1 -59 
* 8
+1 2
cfi=(257)
cfn=(1004)
calls=1 -60 
* 8
+5 1
-2 1
+5 1
-4 1
+1 1
+4 2
-1 1
cfi=(257)
cfn=(1004)
calls=1 -68 
* 89

fn=(922) cxf_newmodel
76 11
+4 6
+4 2
+4 2
+2 4
cfi=(257)
cfn=(912)
calls=1 -37 
* 264
* 1
+1 2
-57 1
+1 1
+3 2
fi=(253)
+57 4
cob=(4)
cfi=(176)
cfn=(926)
calls=1 -95 
* 42
fe=(259)
-55 1
+58 1
-39 1
-13 1
+52 1
-47 1
+47 1
-46 1
+1 1
+50 1
-4 1
-34 1
+37 1
-45 1
+45 1
-44 1
+8 1
+3 1
+2 1
-12 2
+43 1
cfi=(257)
cfn=(930)
calls=1 -69 
* 193
+2 1
-2 1
+2 1
cfi=(257)
cfn=(930)
calls=1 -71 
* 193
+2 1
-2 1
+2 1
cfi=(257)
cfn=(930)
calls=1 -73 
* 193
+2 1
-2 1
+2 1
cfi=(257)
cfn=(930)
calls=1 -75 
* 196
+2 1
-2 1
+2 1
cfi=(257)
cfn=(930)
calls=1 -77 
* 193
+3 1
-3 1
+3 5
+1 4
+6 1
cfi=(261)
cfn=(934)
calls=1 -98 
* 241
* 1
+1 2
+6 2
+15 1
+1 1
+1 8

fn=(938)
177 2
+1 4
+6 10

fn=(1166) cxf_freemodel
146 1
+1 3
cfn=(1168)
calls=1 -1 
* 2333

fl=(278) /home/tobiasosborne/Projects/convexfeld/src/simplex/solve_lp.c
fn=(1044) cxf_solve_lp
37 9
+1 1
+4 2
+1 4
+5 3
+2 1
+1 2
+1 5
+6 1
cfi=(279)
cfn=(1046)
calls=1 -1 
* 143902
* 2
+4 2
cfi=(279)
cfn=(1062)
calls=1 +77 
* 1060
* 2
+6 3
cfi=(282) /home/tobiasosborne/Projects/convexfeld/src/simplex/context.c
cfn=(1064) cxf_simplex_init
calls=1 -34 
* 5826
+1 2
+23 8
-20 2
cfi=(284) /home/tobiasosborne/Projects/convexfeld/src/simplex/phase_one.c
cfn=(1070) cxf_setup_phase_one
calls=1 -42 
* 292255
+1 2
+1 3
cfi=(285)
cfn=(1072)
calls=1 -3 
* 5810
+1 2
cfi=(286)
cfn=(1074)
calls=1 -39 
* 8478
+1 4
cfi=(288)
cfn=(1080)
calls=1 +74 
* 7393594
+1 2
+3 3
cfi=(284)
cfn=(1102) cxf_transition_to_phase_two
calls=1 +58 
* 3084
+1 2
+1 2
cfi=(286)
cfn=(1074)
calls=1 -46 
* 31167
+1 4
cfi=(288)
cfn=(1104)
calls=1 191 
* 19407544
+3 3
cfi=(285)
cfn=(1114)
calls=1 +85 
* 278
+1 3
cfi=(298) /home/tobiasosborne/Projects/convexfeld/src/simplex/refine.c
cfn=(1116) cxf_simplex_refine
calls=1 -60 
* 4783
+1 2
+2 2
cfi=(282)
cfn=(1122) cxf_simplex_final
calls=1 +57 
* 4863
+1 2
-3 3
cfi=(299) /home/tobiasosborne/Projects/convexfeld/src/solver_state/extract.c
cfn=(1118) cxf_extract_solution
calls=1 -52 
* 338
* 1

fl=(293) /home/tobiasosborne/Projects/convexfeld/src/basis/pivot_eta.c
fn=(1094) cxf_pivot_with_eta
42 1030
+2 412
+4 309
+3 412
+5 103
+1 206
-1 103
+1 412
+9 206
+1 103
-1 103
-1 206
+2 32342
+1 10712
-1 10712
+1 32136
-2 32445
+7 618
cob=(4)
cfi=(176)
cfn=(914)
calls=103 -73 
* 22764
* 103
+1 206
+6 103
+1 103
-2 103
-1 103
+2 103
+2 103
+1 103
+1 103
+1 103
-4 103
+7 206
+25 103
+2 103
-1 103
-1 103
+5 206
+1 103
+1 103
-1 103
+1 103
+3 103
-2 103
+3 824
-35 618
cob=(4)
cfi=(176)
cfn=(914)
calls=103 -89 
* 24212
* 103
+1 206
-1 206
+1 103
cob=(4)
cfi=(176)
cfn=(914)
calls=103 -90 
* 25694
* 103
+2 103
-2 206
+2 721
+11 206
-2 206
+2 75190
+1 4978
+2 4978
-2 4978
+1 4978
-3 32548

fl=(284)
fn=(1070)
30 10
+3 1
+2 1
-4 1
+2 1
+1 2
+4 2
+1 1
+2 2
+1 3
-3 1
+1 2
-1 102
+1 204
+1 103
+1 103
-4 309
+9 1
-2 1
+2 2
+2 2
+54 1
-50 1
+50 2
-50 1
+13 1
-17 1
+58 3
-4 2
-35 2
+35 1
-24 1
+24 1
-25 1
+25 1
-35 3
-20 2
+5 1
-5 1
+2 2
+3 2
-5 208
+5 104
-5 104
+2 208
+3 313
+2 210
-1 105
+3 210
-3 210
+3 105
+1 105
+1 210
-2 10710
+1 10710
+1 21420
+1 21630
-1 86592
+1 58848
+2 280
-7 280
+7 280
-7 560
+7 10535
-7 10535
+7 10535
-7 21070
+10 315
+3 210
-2 315
+1 210
+1 105
+3 315
+11 180
+13 90
+1 90
-1 45
+8 45
-6 45
+6 45
-1 45
+1 45
+4 210
+1 105
-61 420
+64 5
+1 6
cob=(4)
cfi=(176)
cfn=(1002)
calls=1 0 
* 66
+4 1
-1 1
+1 10
+2 315
+1 180
-3 315
+6 1
+8 9
-74 21070
+16 60
+3 60
-3 60
+2 60
+1 120
+14 120

fn=(1102)
138 8
+1 1
-1 1
+2 1
+10 1
-9 1
+3 3
+1 7
-1 3
+1 204
-1 306
+8 3
-7 1
+14 1
-8 2
+3 1
+1 2
-1 104
+1 628
+1 315
+1 90
-5 420
+15 2
+4 1
+1 3
+1 7
-1 1
+1 2
-1 2
+1 204
-1 102
+1 204
-1 204
+3 1
+5 1
-4 1
+4 6
-22 240

fl=(290)
fn=(1086)
92 1365
+2 945
+4 105
+3 210
+1 105
+89 1155
-85 105
fi=(253)
-77 105
fe=(290)
+77 105
fi=(253)
-77 315
cob=(4)
cfi=(176)
cfn=(1078)
calls=105 -29 
* 12075
fe=(290)
+80 429
+2 306
+2 408
+1 306
-1 306
+1 31824
-1 31824
+6 105
+1 210
+8 206
+9 68
+2 204
-13 68
+13 68
-13 68
+13 136
-13 103
+12 206
+1 9904
+1 5055
+1 10110
-2 5055
+1 5055
-1 10110
+22 618
-13 103
+1 103
+1 103
+3 206
-5 4952
+1 4952
+1 4952
+3 20014
+8 35385
+12 5055
+4 5055
-4 15165
+1 5055
+3 10110
+1 20220
+1 35385
-1 156822
+1 1421508
+1 1133139
-3 485631
-30 15165
+39 206
+1 35
cob=(4)
cfi=(176)
cfn=(1006)
calls=35 0 
* 3045
* 35
34 6
cob=(4)
cfi=(176)
cfn=(932)
calls=3 -34 
* 141
* 3
+1 6
+2 6
+1 24
-1 9
+1 1248
-1 948
+7 945
+1 1575
+1 90
+1 13
+1 39
-2 13
+2 52
-2 34
+2 16
-2 8
+2 40
-2 24
+8 3
+2 3
+5 18
-5 1260
+1 279
+1 1674
-2 279
+2 558
-2 558
+2 360
-2 120
+2 240
-2 240
+5 1575
+1 945
-8 1266
+16 18
-1 12
+1 936
-1 1248
+4 3
cob=(4)
cfi=(176)
cfn=(1006)
calls=3 -73 
* 261
* 3
+56 105
cob=(4)
cfi=(176)
cfn=(932)
calls=35 0 
* 4099
* 35
+1 70
+7 35
+2 105

fl=(271)
fn=(1016)
48 8
+5 1
cfi=(259)
cfn=(938)
calls=1 177 
* 8
* 1
+1 2
+5 1
+1 2
+5 6
cfi=(272)
cfn=(1018)
calls=1 -36 
* 1165
+1 7
cfi=(272)
cfn=(1018)
calls=1 -37 
* 1622
+4 1
+3 2
cfi=(276) /home/tobiasosborne/Projects/convexfeld/src/error/terminate.c
cfn=(1040) cxf_reset_terminate
calls=1 -3 
* 6
+6 1
-3 1
+3 1
cfi=(277)
cfn=(1042)
calls=1 -37 
* 25
+1 2
+10 2
cfi=(278)
cfn=(1044)
calls=1 -53 
* 27303071
+3 1
-3 1
+3 1
cfi=(277)
cfn=(1132)
calls=1 +31 
* 25
+3 2
+9 1
+3 7
-11 5
cfi=(272)
cfn=(1018)
calls=1 -68 
* 931
+1 5
+1 1
-1 1
cfi=(272)
cfn=(1018)
calls=1 -69 
* 3027
+1 1

fl=(276)
fn=(1040)
70 1
+1 2
+3 1
+1 2

fl=(292)
fn=(1092)
57 824
+4 618
+4 309
+5 103
+5 103
-5 206
+5 103
+17 103
-16 103
-6 103
+5 103
+1 309
+1 103
+3 206
-3 10712
+3 43054
+4 64890
-8 32445
+14 206
+2 103
-2 206
+2 103
+14 618
cfi=(293)
cfn=(1094)
calls=103 -64 
* 329276
+9 824
+1 103
+5 103
-5 103
+2 206
-1 103
+4 103
+1 103
-1 103
+1 103
-1 103
+3 206
+7 103
+1 618
-40 412

fl=(257)
fn=(912)
53 4
+1 16
+3 4
cob=(4)
cfi=(176)
cfn=(914)
calls=4 -57 
* 33846

fn=(1004)
106 432
+1 432
cob=(4)
cfi=(176)
cfn=(1006)
calls=432 0 
* 46152

fn=(964)
77 223
+2 446
+5 34
+5 17
cob=(4)
cfi=(176)
cfn=(966) 0x00000000001093e0
calls=17 -89 
* 7583
-55 412
+3 412
cob=(4)
cfi=(176)
cfn=(932)
calls=206 -37 
* 39369

fn=(930)
33 220
+1 440
+3 220
cob=(4)
cfi=(176)
cfn=(932)
calls=220 -37 
* 42053

fl=(298)
fn=(1116)
27 1
+2 4
+7 1
+1 1
-10 3
+7 1
+6 3
+1 5
-6 2
+7 18
+1 18
-3 309
+1 721
+3 510
-4 4
+12 412
+1 18
+1 18
-3 309
+8 2
+1 423
+1 15
+1 15
-3 315
+8 8
+1 412
+1 97
+1 97
-3 309
+8 1
+2 6
-1 1
+1 2
-1 2
+1 204
-1 102
+1 204
-1 204
+5 2
+1 2
-1 1
+1 1

fl=(297)
fn=(1110)
34 10
+1 7
+5 1
+2 2
+5 1
+1 5
+8 1
-3 1
+3 6
cob=(4)
cfi=(176)
cfn=(914)
calls=1 -56 
* 88497
+1 3
+5 3
cob=(4)
cfi=(176)
cfn=(914)
calls=1 -62 
* 196
+1 2
-1 2
+1 1
cob=(4)
cfi=(176)
cfn=(914)
calls=1 -63 
* 280
+1 2
-1 1
+1 1
cob=(4)
cfi=(176)
cfn=(914)
calls=1 -64 
* 352
+1 2
-1 1
+1 1
cob=(4)
cfi=(176)
cfn=(914)
calls=1 -65 
* 368
+2 3
-2 1
+2 3
+1 4
+10 3
+1 6
+12 15
+1 30
+3 120
-17 149
+1 208
+2 208
-2 2
+2 2
+2 540
+1 450
+1 180
-1 159
+1 318
+1 1494
-3 837
-5 371
+24 11130
+1 44100
+1 264
+1 264
-3 33075
-1 420
+10 2
+1 1
-1 1
+1 1
-1 1
+1 1
-1 2
+1 1
cob=(4)
cfi=(176)
cfn=(932)
calls=1 0 
* 464
+1 1
-1 2
+1 1
cob=(4)
cfi=(176)
cfn=(932)
calls=1 0 
* 182
+1 1
-1 2
+1 1
cob=(4)
cfi=(176)
cfn=(932)
calls=1 0 
* 322
+3 3
-3 2
+3 11
+11 1
-13 1
+13 15
-1 2
+4 2
-4 1
+1 2
+1 5
-2 208
+4 208
-4 104
+1 208
+1 520
+2 27300
+1 44100
+3 11130
-3 11130
+3 11130
+2 1752975
+1 1174215
+1 782810
-3 2337300
+6 16695
+2 27825
+11 14978
+1 2113
+4 2113
-4 2113
+4 25356
-13 2335708
+1 1752975
+1 1565620
+2 782810
+1 30752
+1 15376
-1 15376
+1 30752
-1 15376
+3 30752
+3 398
-11 398
+13 398
-3 398
+2 398
-12 1194
-16 22260
+35 945
+9 105
+1 210
+3 210
-4 105
+1 105
-1 105
+1 105
+7 105
-7 105
+3 210
+3 105
+34 105
-34 105
+34 210
-40 210
+40 525
-30 33075
+1 27300
+1 21840
+2 142
+3 284
+13 284
+1 142
+5 142
+1 142
-4 142
-3 142
+1 284
+1 284
+5 284
+9 464
+1 116
+1 116
+5 116
-15 348
+15 59
-15 59150
+1 44730
+1 17445
+1 23260
+2 175
+1 175
-1 525
+1 175
+2 350
-2 175
+2 175
+3 354
+16 1
+2 5
+1 1
-3 1
+2 2
+1 2
+3 4
+2 38532
+1 133
-3 16380
-3 104
-1 208
+1 104
+3 312
+7 1
+3 2
+1 8
cob=(4)
cfi=(176)
cfn=(966)
calls=1 0 
* 205
+2 2
-2 1
+2 3
cob=(4)
cfi=(176)
cfn=(966)
calls=1 0 
* 205
+2 10
+8 2
+1 1
+4 1
+17 1
-17 2
+3 3
+1 2
+1 3
-4 1
+5 8
+1 4
-1 824
+1 412
-1 21424
+1 21424
+1 266
+1 266
+1 133
-6 16380
-1 208
+1 312
+13 1
+3 1
-3 1
+3 2
+1 9
cob=(4)
cfi=(176)
cfn=(966)
calls=1 0 
* 205
+2 2
-2 1
+2 1
cob=(4)
cfi=(176)
cfn=(966)
calls=1 0 
* 205
+2 8
+8 1
+4 3
-4 1
fi=(253)
59 2
fe=(297)
309 1
fi=(253)
59 4
cob=(4)
cfi=(176)
cfn=(1002)
calls=1 -59 
* 66
fe=(297)
315 1
+1 8
-1 1
+1 1
-1 2
+1 141
-1 141
+1 141
-1 282
+5 2
+1 7
-1 1
+1 1
-1 2
+1 104
-1 104
+1 104
-1 208
+5 7
cob=(4)
cfi=(176)
cfn=(914)
calls=1 0 
* 435
+1 5
-1 1
+1 1
+7 3
+2 2
+1 1
+1 4
-2 6
+3 1
-3 1
+1 1
+2 1
-2 2
+1 2
-4 1
+4 1
-4 2
+2 846
+3 141
-3 141
+1 141
+2 141
-2 282
+1 282
-4 141
+4 141
-4 286
+8 1
cob=(4)
cfi=(176)
cfn=(1006)
calls=1 0 
* 87
+6 3
cob=(4)
cfi=(176)
cfn=(932)
calls=1 0 
* 47
+1 5
-1 1
+1 1
+6 2
+1 5
-1 3
+1 208
-1 312
+3 7
+1 1
-1 1
+1 2
-1 2
+1 141
-1 141
+1 282
-1 285
+3 1
cob=(4)
cfi=(176)
cfn=(1006)
calls=1 0 
* 87
+2 2
cob=(4)
cfi=(176)
cfn=(1006)
calls=1 0 
* 166
+1 2
cob=(4)
cfi=(176)
cfn=(1006)
calls=1 0 
* 87
* 2
cob=(4)
cfi=(176)
cfn=(1006)
calls=1 0 
* 87
+1 2
cob=(4)
cfi=(176)
cfn=(1006)
calls=1 0 
* 87
* 2
cob=(4)
cfi=(176)
cfn=(1006)
calls=1 0 
* 87
+1 2
cob=(4)
cfi=(176)
cfn=(1006)
calls=1 0 
* 87
* 2
cob=(4)
cfi=(176)
cfn=(1006)
calls=1 0 
* 87
* 2
cob=(4)
cfi=(176)
cfn=(1006)
calls=1 0 
* 170
+2 2
44 1
369 8
185 87990
+48 840
125 523

fl=(267)
fn=(992)
112 10
+6 1
-6 1
+6 4
-3 5
+4 317
-1 318
+5 2
cfi=(257)
cfn=(930)
calls=1 -90 
* 353
* 1
+1 2
+3 3
+1 2
-2 2
+2 530
+3 210
-2 105
-2 315
+2 1
-2 3
+9 417
+1 103
+1 309
-1 206
+1 618
cfi=(268) /home/tobiasosborne/Projects/convexfeld/src/api/model_stub.c
cfn=(994) cxf_addvar
calls=103 -42 
* 9793
+2 206
+8 3
cfi=(257)
cfn=(1004)
calls=1 -42 
* 89
+1 1
+1 8
40 1
-5 1
+5 4
-5 1
+5 1
cfi=(257)
cfn=(912)
calls=1 +13 
* 279
* 1
+2 2
+2 4
-7 1
+8 1
-8 6
+9 618
+2 103
+1 309
-1 177
+1 531
+1 280
+1 280
-5 840
-2 412
+13 8
cfi=(261)
cfn=(998)
calls=1 +19 
* 3077
+1 5
+6 4
+1 1
+1 2
-1 3
+1 204
-1 306
fi=(253)
-6 2
fe=(267)
+12 2
fi=(253)
-12 1
cob=(4)
cfi=(176)
cfn=(1002)
calls=1 -59 
* 66
fe=(267)
+15 2
fi=(253)
-15 1
fe=(267)
+14 3
+2 309
+1 309
+1 206
+1 206
-1 354
+1 354
+1 1120
+3 280
-3 280
+1 560
+1 1120
+1 280
-7 943
-2 515
+14 1
+3 1
-3 1
cfi=(257)
cfn=(1004)
calls=1 +19 
* 89
+3 2
cfi=(257)
cfn=(930)
calls=1 -57 
* 51
+1 1
-1 1
+1 1
cfi=(257)
cfn=(930)
calls=1 -58 
* 233
+1 1
-1 1
+1 4
+9 2
-1 1
+1 3
+1 636
+1 315
+2 105
-2 105
+1 210
-3 318
+7 2
+1 2

fl=(268)
fn=(996) cxf_model_grow_vars
26 21
+6 3
+1 9
+1 3
-1 6
+6 3
-1 12
cfi=(257)
cfn=(964)
calls=3 +39 
* 1316
+2 6
+3 3
+2 9
cfi=(257)
cfn=(964)
calls=3 +32 
* 1210
+2 6
+3 3
+2 9
cfi=(257)
cfn=(964)
calls=3 +25 
* 1206
+2 6
+3 3
+2 9
cfi=(257)
cfn=(964)
calls=3 +18 
* 1186
+2 6
+3 3
+2 9
cfi=(257)
cfn=(964)
calls=3 +11 
* 1275
+2 6
+6 3
-3 3
+5 3
+1 18

fn=(994)
96 103
+5 206
-5 515
+10 412
+4 103
+5 309
+8 206
+1 206
+1 206
+1 206
+1 206
+12 103
-11 103
+12 515
-24 18
cfn=(996)
calls=3 -90 
* 6355
+1 6
+5 15

fl=(185)
fn=(1208) 0x0000000000001da0
0 5

fn=(628)
0 12

fn=(1192)
0 9
cob=(4)
cfi=(176)
cfn=(1198) 0x0000000000109230
calls=1 0 
0 80
0 1
cfn=(1208)
calls=1 0 
0 5
0 3

fn=(616)
0 12
cob=(2)
cfi=(186)
cfn=(618)
calls=1 242 
0 28658512

fl=(192)
fn=(646)
168 12
+5 2
-3 3
+3 1
-3 1
-1 1
+2 1
-2 2
+5 3
+1 3
-2 9
+1 18
cob=(4)
cfi=(176)
cfn=(648)
calls=3 0 
* 66
* 6
+2 6
cob=(4)
cfi=(176)
cfn=(648)
calls=2 0 
* 44
* 7
+1 4
+1 3
cob=(4)
cfi=(176)
cfn=(648)
calls=1 0 
* 22
* 5
+1 3
+59 11
fi=(194)
86 4
cob=(4)
cfi=(176)
cfn=(654)
calls=1 -86 
* 2419
* 4
cob=(4)
cfi=(176)
cfn=(654)
calls=1 -86 
* 293
fe=(192)
-51 3
cob=(4)
cfi=(176)
cfn=(728)
calls=1 -35 
* 607
* 1
+1 2
fi=(194)
200 5
cob=(4)
cfi=(176)
cfn=(756) 0x0000000000109320
calls=1 0 
* 646
fe=(192)
43 2
+10 4
fi=(194)
200 4
cob=(4)
cfi=(176)
cfn=(756)
calls=1 0 
* 183
* 456
cob=(4)
cfi=(176)
cfn=(756)
calls=114 0 
* 21266
fe=(192)
48 572
+5 1026
cob=(4)
cfi=(176)
cfn=(784) 0x00000000001093c0
calls=114 -53 
* 501672
* 228
+1 342
+1 228
fi=(194)
-1 228
fe=(192)
+1 114
fi=(194)
-1 228
fe=(192)
+1 114
fi=(194)
-1 114
cob=(4)
cfi=(176)
cfn=(838) 0x00000000001092f0
calls=114 -54 
* 42376
fe=(192)
+2 570
+2 114
-2 114
+2 114
-1 114
-1 114
+2 114
+5 2
cob=(4)
cfi=(176)
cfn=(848)
calls=1 -63 
* 584
+1 1
193 2
fi=(194)
86 4
cob=(4)
cfi=(176)
cfn=(654)
calls=1 -86 
* 639
fe=(192)
199 2
cob=(4)
cfi=(176)
cfn=(886) 0x00000000001092c0
calls=1 0 
* 265
* 1
+1 2
+5 1
fi=(253)
29 1
fe=(192)
205 3
+2 3
+2 2
cob=(4)
cfi=(176)
cfn=(892) 0x0000000000109390
calls=1 0 
* 59
* 232
cob=(4)
cfi=(176)
cfn=(892)
calls=116 0 
* 4771
* 234
+1 116
+1 232
cob=(4)
cfi=(176)
cfn=(898) 0x00000000001092d0
calls=116 0 
* 1858
+2 688
cob=(4)
cfi=(176)
cfn=(648)
calls=114 0 
* 2640
* 228
+4 114
fi=(253)
29 228
fe=(192)
217 228
fi=(253)
29 1566
fe=(192)
219 48
+2 144
-2 66
+2 540
cob=(4)
cfi=(176)
cfn=(902) 0x0000000000109420
calls=114 0 
* 5799
* 228
fi=(194)
54 10
cob=(4)
cfi=(176)
cfn=(906) 0x0000000000109240
calls=1 -54 
* 594
fe=(192)
+14 232
+1 225
cob=(4)
cfi=(176)
cfn=(648)
calls=75 -69 
* 1756
* 150
+38 2
-4 1
+1 1
+3 1
cfi=(256) /home/tobiasosborne/Projects/convexfeld/src/api/env.c
cfn=(910) cxf_loadenv
calls=1 -32 
* 314
+1 2
+6 11
cfi=(259)
cfn=(922)
calls=1 -38 
* 1612
+1 3
+7 3
cfi=(262)
cfn=(936)
calls=1 15 
* 734120
+1 2
-39 4
cob=(4)
cfi=(176)
cfn=(1010) 0x00000000001092a0
calls=1 -84 
* 13
+1 2
+47 1
-47 5
+47 1
cfi=(270)
cfn=(1014)
calls=1 26 
* 27309948
-48 3
cob=(4)
cfi=(176)
cfn=(1010)
calls=1 -84 
* 13
+1 2
+50 1
-50 3
+50 1
-50 1
+48 1
+2 2
fi=(253)
29 247
fe=(192)
230 2
cob=(4)
cfi=(176)
cfn=(1174) 0x0000000000109310
calls=1 0 
* 191
fi=(194)
86 4
cob=(4)
cfi=(176)
cfn=(654)
calls=1 -86 
* 293
* 10
cob=(4)
cfi=(176)
cfn=(654)
calls=1 -86 
* 1527
* 5
cob=(4)
cfi=(176)
cfn=(654)
calls=1 -86 
* 611
fe=(192)
237 6
-10 2
-91 2
-59 1
+1 1
-1 3
+1 5
+1 3
fi=(194)
+7 6
cob=(4)
cfi=(176)
cfn=(654)
calls=1 -86 
* 5758
fe=(192)
+54 1
+24 2
cfi=(259)
cfn=(1166)
calls=1 -18 
* 2337
+1 2
cfi=(256)
cfn=(1172) cxf_freeenv
calls=1 -35 
* 107
* 1

fl=(264)
fn=(942)
146 9
+2 1
-2 5
+5 2
-44 3
fi=(194)
+93 5
cob=(4)
cfi=(176)
cfn=(756)
calls=1 0 
* 646
* 1480
cob=(4)
cfi=(176)
cfn=(756)
calls=296 0 
* 54035
fe=(264)
-49 594
19 1184
cob=(4)
cfi=(176)
cfn=(944) 0x0000000000109430
calls=296 -19 
* 1776
* 7698
153 592
+2 592
+12 1775
-90 700
-3 175
+3 525
cfn=(952) next_token
calls=175 -53 
* 29925
* 350
+79 352
39 20
cob=(4)
cfi=(176)
cfn=(948) 0x0000000000109270
calls=5 -39 
* 132
* 10
+1 16
cob=(4)
cfi=(176)
cfn=(948)
calls=4 -40 
* 105
* 8
+1 12
cob=(4)
cfi=(176)
cfn=(948)
calls=3 -41 
* 78
* 6
+1 6
+1 4
cob=(4)
cfi=(176)
cfn=(948)
calls=1 -43 
* 27
* 2
+1 4
cob=(4)
cfi=(176)
cfn=(948)
calls=1 -44 
* 27
156 4
-49 60
-3 10
+6 10
-3 10
cfn=(952)
calls=10 -83 
* 1290
* 20
+3 100
cfn=(952)
calls=20 -86 
* 3700
* 40
fi=(266) /usr/include/x86_64-linux-gnu/bits/stdlib-float.h
-83 60
cob=(4)
cfi=(176)
cfn=(984) 0x0000000000109290
calls=20 -27 
* 9080
fe=(264)
+86 40
fi=(266)
-86 20
fe=(264)
+86 20
cfi=(263)
cfn=(988)
calls=20 -4 
* 2300
+1 40
-5 150
cfn=(952)
calls=30 -85 
* 4470
* 60
+47 20
53 424
-3 106
+3 318
cfn=(952)
calls=106 -29 
* 7738
* 212
156 214
+4 4
-2 1
+2 2
cfn=(952)
calls=1 24 
* 199
fi=(253)
-65 4
cob=(4)
cfi=(176)
cfn=(926)
calls=1 -95 
* 37
fe=(264)
+61 1
+6 2
+14 1
+1 11
54 636
cfn=(952)
calls=106 -30 
* 19568
* 212
+3 454
+8 315
cfi=(263)
cfn=(958)
calls=105 +52 
* 44226
+1 210
+13 525
cfi=(263)
cfn=(976)
calls=175 +34 
* 17500
* 175
+1 350
+13 350
-7 175
+7 525
-8 875
cfn=(952)
calls=175 -61 
* 32333
* 1405
cfn=(952)
calls=281 -61 
* 28927
* 912
+1 1405
cfn=(952)
calls=281 -62 
* 49178
* 562
fi=(266)
-59 843
cob=(4)
cfi=(176)
cfn=(984)
calls=281 -27 
* 124967
fe=(264)
+62 562
fi=(266)
-62 281
fe=(264)
+62 281
cfi=(263)
cfn=(988)
calls=281 +20 
* 32916
* 281
+1 562
+2 1405
+1 5
+2 1120
cfi=(263)
cfn=(990)
calls=280 +71 
* 52494
* 560
-53 2
156 2
-42 120
-33 309
cfi=(263)
cfn=(980)
calls=103 +60 
* 44181
* 103
+1 206
-17 210
-8 2
+8 4
cfi=(263)
cfn=(958)
calls=1 +52 
* 388
+1 2
+2 4
174 1

fn=(952)
24 10665
+1 1185
-1 1185
+3 9480
cob=(4)
cfi=(176)
cfn=(944)
calls=1185 -27 
* 7110
* 39929
+2 7000
-3 3000
+3 11222
+1 5611
-1 5611
+1 11222
-1 47888
+5 3000
-2 1000
+1 1000
+2 10665
-7 555

fl=(299)
fn=(1118)
36 1
+2 2
-2 7
+2 2
+4 1
+1 2
+3 2
+2 1
+1 1
-1 2
+8 3
fi=(253)
-27 1
cob=(4)
cfi=(176)
cfn=(1078)
calls=1 -29 
* 115
fe=(299)
+36 2
+2 1
+1 2
-1 2
fi=(253)
-38 1
cob=(4)
cfi=(176)
cfn=(1078)
calls=1 -29 
* 115
fe=(299)
+55 1
+4 1
-4 1
+4 1
+5 1
+1 6
-5 2
-21 3
cfi=(257)
cfn=(930)
calls=1 -35 
* 51
+1 2
-1 2
+1 1
+6 3

fl=(256)
fn=(1172)
130 1
+1 2
-1 5
+6 3
+11 1
+2 2
cfi=(257)
cfn=(1004)
calls=1 -43 
* 89
+2 1
-1 1
+1 2

fn=(910)
75 1
+3 2
-3 1
+9 1
-9 4
+7 1
+2 2
cfi=(257)
cfn=(912)
calls=1 -31 
* 272
+1 2
-49 1
-3 1
-2 1
+7 1
-7 1
+5 1
+5 1
+4 1
-9 1
+15 1
-13 1
+13 1
+17 1
-27 1
+5 1
+3 1
+1 1
+9 1
+3 1
+2 1
+3 1
+5 1
-4 1
+23 1
+1 1
+1 3

fl=(287)
fn=(1076) cxf_btran_vec
227 39
+2 27
+4 3
+3 6
+1 3
+77 33
-73 3
fi=(253)
29 3
fe=(287)
241 3
fi=(253)
29 6
cob=(4)
cfi=(176)
cfn=(1078)
calls=3 -29 
* 345
fe=(287)
244 3
+1 6
+5 2
+8 1
-10 2
+12 3
-12 1
+11 2
+1 106
+1 54
+1 108
-2 54
+1 54
-1 108
+20 8
-13 1
+1 1
+1 1
+3 2
-5 53
+1 53
+1 53
+3 214
+8 378
+9 54
-1 54
+1 108
+1 108
-2 108
+2 54
+1 378
-1 1224
+1 11124
+1 5112
-3 3834
+8 54
-31 54
+31 216
-31 111
+35 2
+6 12
+1 3
cfn=(1112) apply_lu_btran
calls=1 35 
* 7277
* 1
+1 6
94 8
+1 6
-1 6
+1 624
-1 626

fn=(1112)
35 32
+1 4
-1 8
+1 4
-1 4
+1 8
cob=(4)
cfi=(176)
cfn=(932)
calls=4 -36 
* 188
+1 16
+4 8
+1 28
-1 12
+1 1664
-1 1252
+8 16
+6 20
-6 2100
+1 1260
+5 1680
+1 372
+1 1488
-2 372
+2 1860
-2 744
+2 320
-2 160
+2 800
-2 320
-7 1684
+16 8
+3 1696
+1 356
+1 2136
-2 356
+2 712
-2 712
+2 636
-2 212
+2 424
-2 424
-3 1680
+14 24
-1 16
+1 1248
-1 1664
+5 28
-1 4
cob=(4)
cfi=(176)
cfn=(1006)
calls=4 -81 
* 348

fn=(1090)
118 1236
+2 618
+3 618
+12 103
fi=(253)
-76 206
fe=(287)
+76 103
fi=(253)
-76 103
cob=(4)
cfi=(176)
cfn=(1002)
calls=103 -59 
* 6798
fe=(287)
+77 206
+3 103
+1 206
+5 202
+8 66
-10 132
+12 233
-12 101
+11 202
+1 9704
+1 4953
+1 9906
-2 4953
+1 4953
-1 9906
+20 707
-13 101
+1 101
+1 101
+3 202
-5 4852
+1 4852
+1 4852
+3 19610
+8 34671
+9 4953
-1 4953
+1 9906
+1 9906
-2 9906
+2 4953
+1 34671
-1 154532
+1 1400694
+1 637940
-3 478455
+8 4953
-31 4953
+31 19812
-31 10108
+35 202
+1 70
cob=(4)
cfi=(176)
cfn=(1006)
calls=35 0 
* 3045
* 35
+5 318
+2 500
95 300
-1 300
+1 31200
-1 31200
208 103
+1 1133
-63 105
cob=(4)
cfi=(176)
cfn=(932)
calls=35 0 
* 1645
* 35
+1 70
+6 35
+2 105
+48 9
cfn=(1112)
calls=3 35 
* 21831
* 3

fl=(282)
fn=(1122)
147 1
+1 3
cfn=(1124) cxf_simplex_final.part.0
calls=1 -1 
* 4859

fn=(1124)
147 5
+6 2
cob=(4)
cfi=(176)
cfn=(1006)
calls=1 0 
* 170
+1 2
cob=(4)
cfi=(176)
cfn=(1006)
calls=1 0 
* 203
+1 2
cob=(4)
cfi=(176)
cfn=(1006)
calls=1 0 
* 203
+1 2
cob=(4)
cfi=(176)
cfn=(1006)
calls=1 0 
* 203
+1 2
cob=(4)
cfi=(176)
cfn=(1006)
calls=1 0 
* 87
+1 2
cob=(4)
cfi=(176)
cfn=(1006)
calls=1 0 
* 203
+1 2
cob=(4)
cfi=(176)
cfn=(1006)
calls=1 0 
* 6
+1 2
cob=(4)
cfi=(176)
cfn=(1006)
calls=1 0 
* 87
+1 2
cob=(4)
cfi=(176)
cfn=(1006)
calls=1 0 
* 87
+3 2
cfi=(283)
cfn=(1126)
calls=1 -67 
* 3486
+6 2
cob=(4)
cfi=(176)
cfn=(1006)
calls=1 0 
* 6
+3 1
+1 2
-1 1
cob=(4)
cfi=(176)
cfn=(1006)
calls=1 0 
* 87

fn=(1064)
34 1
+4 2
-4 9
+4 2
+4 2
+5 1
-3 1
+3 6
cob=(4)
cfi=(176)
cfn=(914)
calls=1 -47 
* 232
* 1
+1 2
+6 1
-1 1
+3 1
-2 1
+8 1
-3 1
+2 1
+3 1
-2 1
+10 2
+1 1
+2 2
+31 4
cob=(4)
cfi=(176)
cfn=(914)
calls=1 0 
* 507
* 1
+1 2
+6 3
cob=(4)
cfi=(176)
cfn=(932)
calls=1 0 
* 47
+1 1
-1 2
+1 1
cob=(4)
cfi=(176)
cfn=(932)
calls=1 0 
* 182
* 1
+1 4
+7 3
cfi=(283)
cfn=(1068)
calls=1 -90 
* 1532
* 1
+1 2
+6 1
+10 1
-7 1
+1 1
+1 1
+1 1
+1 1
+2 1
+2 8
-64 6
cob=(4)
cfi=(176)
cfn=(932)
calls=1 -76 
* 465
+1 1
-1 2
+1 1
cob=(4)
cfi=(176)
cfn=(932)
calls=1 -77 
* 412
+1 1
-1 2
+1 1
cob=(4)
cfi=(176)
cfn=(932)
calls=1 -78 
* 412
+1 2
-1 2
+1 1
cob=(4)
cfi=(176)
cfn=(914)
calls=1 -79 
* 549
+1 2
-1 2
+1 1
cob=(4)
cfi=(176)
cfn=(914)
calls=1 -80 
* 549
+2 2
-2 2
+2 1
+1 1
-1 2
+1 1
-1 2
+1 7
+7 3
+8 8
cob=(4)
cfi=(176)
cfn=(1002)
calls=1 -98 
* 66
* 11
+1 1
-2 4
+2 1
-2 1
+2 1
-2 2
+2 51
-2 51
+2 51
-2 102
+3 5
cob=(4)
cfi=(176)
cfn=(1002)
calls=1 0 
* 66
+5 2
-14 1
fi=(253)
-62 2
fe=(282)
+62 1
fi=(253)
-62 5
cob=(4)
cfi=(176)
cfn=(1058)
calls=1 -29 
* 122
* 5
cob=(4)
cfi=(176)
cfn=(1058)
calls=1 -29 
* 122
* 5
cob=(4)
cfi=(176)
cfn=(1058)
calls=1 -29 
* 122
fe=(282)
+68 4

fl=(296)
fn=(1128)
78 1
+1 3
cfn=(1130) cxf_lu_free.part.0
calls=1 -1 
* 1176

fn=(1108)
22 9
+1 2
+5 2
+3 1
-3 2
+1 2
-1 1
+3 1
-2 1
+2 1
cob=(4)
cfi=(176)
cfn=(914)
calls=1 -31 
* 2088
* 1
+1 2
+4 1
+6 2
-5 1
+5 1
-4 1
+4 1
-3 1
+3 1
cob=(4)
cfi=(176)
cfn=(914)
calls=1 -42 
* 391
+1 1
-1 2
+1 1
cob=(4)
cfi=(176)
cfn=(932)
calls=1 -43 
* 47
+1 1
-1 2
+1 1
cob=(4)
cfi=(176)
cfn=(932)
calls=1 -44 
* 13711
+3 2
-3 2
+3 1
cob=(4)
cfi=(176)
cfn=(914)
calls=1 -47 
* 423
+1 1
-1 2
+1 1
cob=(4)
cfi=(176)
cfn=(932)
calls=1 -48 
* 47
+1 1
-1 2
+1 1
cob=(4)
cfi=(176)
cfn=(932)
calls=1 -49 
* 324
+1 1
-1 2
+1 1
cob=(4)
cfi=(176)
cfn=(932)
calls=1 -50 
* 127
+3 1
-3 2
+3 2
cob=(4)
cfi=(176)
cfn=(932)
calls=1 -53 
* 47
+1 1
-1 2
+1 1
cob=(4)
cfi=(176)
cfn=(932)
calls=1 -54 
* 47
+3 3
-3 1
+3 1
-3 1
+3 1
+1 1
-1 3
+2 1
-2 2
+2 1
-2 2
+2 1
-1 2
+1 1
-1 2
+1 1
-1 2
+1 9
+7 1
+1 1
-2 3
+1 104
+1 104
-2 312
+6 9

fn=(1130)
78 5
+5 2
cob=(4)
cfi=(176)
cfn=(1006)
calls=1 -83 
* 87
+1 2
cob=(4)
cfi=(176)
cfn=(1006)
calls=1 -84 
* 87
+1 2
cob=(4)
cfi=(176)
cfn=(1006)
calls=1 -85 
* 170
+1 2
cob=(4)
cfi=(176)
cfn=(1006)
calls=1 -86 
* 87
+1 2
cob=(4)
cfi=(176)
cfn=(1006)
calls=1 -87 
* 87
+1 2
cob=(4)
cfi=(176)
cfn=(1006)
calls=1 -88 
* 170
+1 2
cob=(4)
cfi=(176)
cfn=(1006)
calls=1 -89 
* 87
+1 2
cob=(4)
cfi=(176)
cfn=(1006)
calls=1 -90 
* 87
+1 2
cob=(4)
cfi=(176)
cfn=(1006)
calls=1 -91 
* 200
+1 1
+1 2
-1 1
cob=(4)
cfi=(176)
cfn=(1006)
calls=1 -92 
* 87

fl=(286)
fn=(1074)
36 6
+9 3
-9 24
+2 3
+3 3
-3 3
+3 3
-3 3
+1 6
+1 3
+5 3
-5 3
+2 3
+3 3
cob=(4)
cfi=(176)
cfn=(914)
calls=3 -45 
* 1071
+1 6
+11 6
-4 6
+1 12
+1 945
-2 945
+1 315
+1 1260
+2 12
cfi=(287)
cfn=(1076)
calls=3 227 
* 32903
+1 6
+4 6
cob=(4)
cfi=(176)
cfn=(1006)
calls=3 -62 
* 261
+4 6
+1 9
+1 9
-1 6
+1 6
-2 624
+2 624
-2 2496
+1 624
+1 1248
-1 1248
+3 618
+1 948
+7 288
+1 288
+1 576
+2 432
+3 144
+3 24
-16 330
+1 165
+1 330
+1 1320
-1 165
+1 165
-1 330
+1 825
-1 275
+1 275
-1 880

ob=(5)
fl=(179)
fn=(1218)
0 9
cob=(4)
cfi=(176)
cfn=(1224) 0x000000000483d030
calls=1 0 
0 80
0 1
cfn=(1228) 0x0000000000001060
calls=1 0 
0 5
0 3

fn=(588)
0 12

fn=(1228)
0 5

ob=(4)
fl=(176)
fn=(918)
0 390
cob=(2)
cfi=(258)
cfn=(920)
calls=195 158 
0 133196

fn=(944)
0 2962
cob=(2)
cfi=(265)
cfn=(946)
calls=1481 40 
0 5924

fn=(966)
0 42
cob=(2)
cfi=(205)
cfn=(968)
calls=21 3407 
0 8361

fn=(1198)
0 2
cob=(2)
cfi=(318)
cfn=(1200)
calls=1 30 
0 78

fn=(666)
0 528
cob=(2)
cfi=(198)
cfn=(668)
calls=264 53 
0 5061

fn=(756)
0 826
cob=(2)
cfi=(217)
cfn=(758)
calls=413 32 
0 75950

fn=(784)
0 228
cob=(2)
cfi=(222)
cfn=(786)
calls=114 24 
0 501444

fn=(902)
0 228
cob=(2)
cfi=(254)
cfn=(904)
calls=114 22 
0 5571

fn=(906)
0 2
cob=(2)
cfi=(255)
cfn=(908)
calls=1 27 
0 592

fn=(1010)
0 4
cob=(2)
cfi=(269)
cfn=(1012)
calls=2 30 
0 22

fn=(752)
0 4
cob=(2)
cfi=(198)
cfn=(754)
calls=2 53 
0 42

fn=(778)
0 826
cob=(2)
cfi=(221)
cfn=(780)
calls=413 61 
0 11698

fn=(810)
0 1082
cob=(2)
cfi=(200)
cfn=(812)
calls=541 249 
0 10820

fn=(892)
0 234
cob=(2)
cfi=(251)
cfn=(894)
calls=117 32 
0 4596

fn=(690)
0 12
cob=(2)
cfi=(205)
cfn=(692)
calls=6 3294 
0 2554

fn=(792)
0 1538
cob=(2)
cfi=(225)
cfn=(794)
calls=769 52 
0 11694

fn=(848)
0 4
cob=(2)
cfi=(245)
cfn=(850)
calls=2 34 
0 1168

fn=(864)
0 10
cob=(2)
cfi=(205)
cfn=(866)
calls=5 3359 
0 670

fn=(1020)
0 8
cob=(2)
cfi=(273)
cfn=(1022)
calls=4 26 
0 3822

fn=(1234)
0 4

fn=(584)
0 7

fn=(624)
0 7

fn=(838)
0 228
cob=(2)
cfi=(241)
cfn=(840)
calls=114 26 
0 42148

fn=(926)
0 840
cob=(2)
cfi=(260)
cfn=(928)
calls=420 54 
0 15537

fn=(948)
0 28
cob=(2)
cfi=(193)
cfn=(950)
calls=14 206 
0 341

fn=(654)
0 22
cob=(2)
cfi=(195)
cfn=(656)
calls=11 25 
0 13469

fn=(722)
0 2
cob=(2)
cfi=(200)
cfn=(724)
calls=1 242 
0 14

fn=(886)
0 2
cob=(2)
cfi=(249)
cfn=(888)
calls=1 82 
0 263

fn=(898)
0 232
cob=(2)
cfi=(225)
cfn=(794)
calls=116 52 
0 1626

fn=(984)
0 602
cob=(2)
cfi=(230)
cfn=(986)
calls=301 81 
0 133445

fn=(1006)
0 1744
cob=(2)
cfi=(205)
cfn=(866)
calls=872 3359 
0 91903

fn=(1078)
0 224
cob=(2)
cfi=(200)
cfn=(674)
calls=112 255 
0 12656

fn=(1252)
0 4

fn=(560)
0 40
cob=(1)
cfi=(11)
cfn=(28)
calls=20 387 
0 469

fn=(598)
0 2
cob=(2)
cfi=(182)
cfn=(600)
calls=1 53 
0 29

fn=(634)
0 2
cob=(1)
cfi=(48)
cfn=(636)
calls=1 118 
0 5

fn=(1098)
0 2
cob=(3)
cfi=(294)
cfn=(1100)
calls=1 23 
0 6

fn=(1224)
0 2
cob=(2)
cfi=(318)
cfn=(1200)
calls=1 30 
0 78

fn=(728)
0 4
cob=(2)
cfi=(213)
cfn=(730)
calls=2 85 
0 1068

fn=(914)
0 678
cob=(2)
cfi=(205)
cfn=(916)
calls=339 3699 
0 242053

fn=(1026)
0 8
cob=(2)
cfi=(274)
cfn=(1028)
calls=4 32 
0 720

fn=(1058)
0 8
cob=(2)
cfi=(200)
cfn=(812)
calls=4 249 
0 480

fn=(604)
0 7

fn=(648)
0 1136
cob=(2)
cfi=(193)
cfn=(650)
calls=568 206 
0 12276

fn=(672)
0 1198
cob=(2)
cfi=(200)
cfn=(674)
calls=599 255 
0 8825

fn=(932)
0 1048
cob=(2)
cfi=(205)
cfn=(692)
calls=524 3294 
0 104632

fn=(1002)
0 638
cob=(2)
cfi=(258)
cfn=(920)
calls=319 158 
0 20416

fn=(1174)
0 2
cob=(2)
cfi=(311)
cfn=(1176)
calls=1 31 
0 189

fn=(1214)
0 4

fn=(1242)
0 2
cob=(2)
cfi=(318)
cfn=(1200)
calls=1 30 
0 78

totals: 28854952
