# callgrind format
version: 1
creator: callgrind-3.22.0
pid: 14628
cmd:  ./build-prof/benchmarks/bench_netlib --dir benchmarks/netlib/feasible --csv benchmarks/netlib/feasible_reference_1e-8.csv --filter share2b
part: 1


desc: I1 cache: 
desc: D1 cache: 
desc: LL cache: 

desc: Timerange: Basic block 0 - 4896388
desc: Trigger: Program termination

positions: line
events: Ir
summary: 22306887


ob=(2) /usr/lib/x86_64-linux-gnu/libc.so.6
fl=(273) ./debug/./debug/vsnprintf_chk.c
fn=(1022) __vsnprintf_chk
26 4
+1 16
+5 16
+2 8
cfi=(242) ./libio/./libio/vsnprintf.c
cfn=(842) __vsnprintf_internal
calls=4 +59 
* 4004

fl=(128) ./string/../sysdeps/x86_64/multiarch/strncpy.c
fn=(398) strncpy
29 2
fi=(109) ./string/../sysdeps/x86_64/multiarch/ifunc-strncpy.h
+6 10
+1 6
+3 4
+4 6
+3 8
fe=(128)
-17 2

fl=(115) ./string/../sysdeps/x86_64/multiarch/strcspn.c
fn=(358) strcspn
29 1
fi=(322) ./string/../sysdeps/x86_64/multiarch/ifunc-sse4_2.h
+7 5
fe=(115)
-7 1

fl=(134) ./string/../sysdeps/x86_64/multiarch/memchr.c
fn=(418) memchr
29 1
fi=(135) ./string/../sysdeps/x86_64/multiarch/ifunc-evex.h
+9 3
-1 4
+2 3
+6 2
-3 2
+9 3
+3 4
fe=(134)
-25 1

fl=(226) ./stdio-common/./stdio-common/vfscanf-internal.c
fn=(796) __vfscanf_internal
278 1482
+10 570
+1 114
fi=(240) ./stdio-common/../include/scratch_buffer.h
78 114
fe=(226)
289 114
fi=(240)
77 228
fe=(226)
339 114
fi=(240)
77 114
fe=(226)
339 456
+6 342
+3 456
+4 114
+20 228
-20 114
+13 114
-6 114
+8 228
-8 114
+8 114
+5 228
-5 114
+5 342
cfi=(214) ./nptl/./nptl/libc-cleanup.c
cfn=(740) __libc_cleanup_push_defer
calls=114 24 
* 1482
* 342
+9 114
fi=(229) ./stdio-common/../string/bits/string_fortified.h
59 114
fe=(226)
381 342
-49 114
-48 114
-1 114
+10 114
-11 114
+46 114
-1 114
-1 114
-1 114
-12 114
-30 228
419 1596
+24 1596
+1 1596
+3 1710
+7 2736
+8 342
-8 342
+8 684
+8 684
-27 684
-62 3192
3095 684
+3 456
223 456
-17 456
+17 456
-1 456
489 456
222 912
489 912
222 456
489 912
fi=(227) ./stdio-common/./stdio-common/printf-parse.h
55 228
-2 228
+12 228
-10 1140
+7 228
+2 228
+1 228
-1 228
+1 684
+3 228
-13 1368
fe=(226)
483 228
fi=(227)
55 1368
fe=(226)
506 1140
345 228
3105 456
cfi=(214)
cfn=(742) __libc_cleanup_pop_restore
calls=114 54 
* 1026
fi=(240)
85 456
fe=(226)
3109 228
+17 228
+6 1368
530 228
+3 912
660 912
+4 912
+1 2736
+4 228
+1 684
-1 228
+1 1596
+6 1368
+3 456
-3 228
+3 912
-3 456
+4 1824
+1 1140
+4 684
-4 684
cfi=(202) ./libio/./libio/genops.c
cfn=(804) _IO_sputbackc
calls=228 -46 
* 5016
+4 2736
530 228
+3 3192
665 1368
+20 1824
546 684
+8 228
-21 456
-4 684
1992 1368
+1 456
260 228
1993 456
+8 684
260 144
+3 144
2005 432
+3 96
-3 48
+3 144
-5 48
+5 48
+5 1140
+21 456
263 684
2501 456
+10 228
206 228
2511 228
+2 228
-2 228
+2 228
-5 456
+37 684
701 456
2549 228
701 228
2549 228
701 228
2549 456
+5 228
+6 228
-6 228
+2 228
+1 228
-1 228
fi=(240)
131 1368
cfi=(228) ./malloc/./malloc/scratch_buffer_set_array_size.c
cfn=(800) __libc_scratch_buffer_set_array_size
calls=228 30 
* 5700
fe=(226)
2582 912
fi=(229)
59 9576
fe=(226)
2590 456
+1 912
+9 912
+10 456
-10 1824
+1 456
685 456
492 456
+6 912
2552 1140
1992 180
+21 180
-15 180
+15 360
2616 912
-90 456
+2 228
-2 228
+2 228
cfi=(230) ./stdlib/./stdlib/strtod.c
cfn=(806) __strtod_internal
calls=228 68 
* 204283
+2 1368
+1 2736
206 228
2847 1824
2967 684
2847 228
2967 456
+10 2052
+39 14800
-49 4440
+49 1480
-49 4212
+7 4440
+2 2960
+1 2960
-1 2960
+43 456
+4 912
+40 684
+2 456
+8 684
-10 228
+8 456
2098 912
260 222
+3 333
2101 777
+1 222
-5 222
+22 111
+5 456
+11 2052
260 4222
+3 6333
2133 2111
2239 18190
+4 2328
-4 2328
231 2328
2243 6984
2124 4656
+6 7668
+5 2225
2239 868
231 228
2246 456
206 228
2254 456
2492 228
214 456
2492 1140
260 684
2172 890
-4 890
+52 684
-77 890
+1 2670
+26 890
-2 217
+15 434
+7 434
2552 3192
2168 228
-1 228
+5 1324
+1 651
+10 456
+21 217
fi=(240)
113 217
fe=(226)
2204 217
-18 1736
260 651
+3 651
2186 1736
+2 434
+13 22
+19 868
3011 1140
-42 912
cfi=(202)
cfn=(804)
calls=228 635 
* 5016
+1 456
249 111
2104 555
2733 117
2097 117
-99 234
2232 2052
cfi=(202)
cfn=(804)
calls=228 635 
* 5016
* 456

fl=(275) ./io/../sysdeps/unix/sysv/linux/write.c
fn=(1036) write
25 5
+1 30
+1 5

fl=(313) ./stdlib/./stdlib/cxa_thread_atexit_impl.c
fn=(1182) __call_tls_dtors
148 4
+1 1
-1 1
+1 3
+16 4

fl=(215) ./io/../sysdeps/unix/sysv/linux/open64.c
fn=(748) open
30 4
+3 2
-3 20
+3 12
+8 18
+2 16

fl=(220) ./io/../sysdeps/unix/sysv/linux/read.c
fn=(776) read
25 11
+1 66
+1 11

fl=(310) ./stdio-common/./stdio-common/Xprintf_buffer_pad_1.c
fn=(1164) __printf_buffer_pad_1
24 1
+1 3
-1 7
+15 1
-15 1
+9 2
+3 1
fi=(229)
+23 1
fe=(310)
-22 2
fi=(229)
+22 2
cob=(4) ???
cfi=(176) ???
cfn=(918) 0x0000000004960740
calls=1 -59 
* 15
fe=(310)
-19 3
+3 2
-10 3
+11 6

fl=(87) ./wcsmbs/../sysdeps/x86_64/multiarch/wcsnlen.c
fn=(292) wcsnlen
30 1
fi=(88) ./wcsmbs/../sysdeps/x86_64/multiarch/ifunc-wcslen.h
+11 2
-1 4
+2 3
+3 2
+4 3
+3 3
fe=(87)
-22 1

fl=(98) ./string/../sysdeps/x86_64/multiarch/memcmpeq.c
fn=(320) memcpy@@GLIBC_2.14
29 2
fi=(99) ./string/../sysdeps/x86_64/multiarch/ifunc-memmove.h
+28 6
-1 4
+4 6
+14 4
+3 4
+8 4
+8 4
+3 10
fe=(98)

fl=(126) ./string/../sysdeps/x86_64/multiarch/strcasecmp_l.c
fn=(386) strcasecmp_l
31 1
fi=(114) ./string/../sysdeps/x86_64/multiarch/ifunc-strcasecmp.h
+6 2
-1 4
fe=(126)
-5 2
fi=(114)
+7 3
+3 2
+4 3
+3 4
fe=(126)

fl=(96) ./wcsmbs/../sysdeps/x86_64/multiarch/wcsncpy.c
fn=(316) wcsncpy
31 1
fi=(97) ./wcsmbs/../sysdeps/x86_64/multiarch/ifunc-wcs.h
+9 3
-1 4
+2 3
+3 2
+4 4
fe=(96)
-17 1

fl=(138) ./string/../sysdeps/x86_64/multiarch/mempcpy.c
fn=(428) mempcpy
33 1
fi=(99)
+24 3
-1 2
+4 3
+14 2
+3 2
+8 2
+8 2
+3 5
fe=(138)

fl=(189) ./setjmp/../sysdeps/x86_64/bsd-_setjmp.S
fn=(640) _setjmp
28 1
+2 1
+2 1
cfi=(190) ./setjmp/../sysdeps/x86_64/setjmp.S
cfn=(642) __sigsetjmp
calls=1 -1 
* 35

fl=(198) ./string/../sysdeps/x86_64/multiarch/strchr-avx2.S
fn=(668) __strchrnul_avx2
53 264
+2 264
+1 264
+1 264
+1 264
+1 264
+3 264
+1 264
+4 264
+1 264
+1 264
+1 264
+1 264
+1 264
+1 264
+1 259
+13 259
+2 518
+12 5
+1 5
+6 5
+1 10
+48 5
+4 5
+1 5
+1 5
+1 5
+1 5
+1 5
+1 5

fn=(754) __strchr_avx2
53 2
+2 2
+1 2
+1 2
+1 2
+1 2
+3 2
+1 2
+4 2
+1 2
+1 2
+1 2
+1 2
+1 2
+1 2
+1 2
+3 2
+8 2
+8 2
+1 4

fl=(319) ./posix/./posix/register-atfork.c
fn=(1202) __unregister_atfork
82 6
+1 6
-1 12
+1 6
fi=(320) ./posix/../malloc/dynarray-skeleton.c
243 3
fe=(319)
71 6
+38 12
+1 9

fl=(199) ./stdio-common/./stdio-common/Xprintf_buffer_write.c
fn=(670) __printf_buffer_write
27 398
+1 1194
-1 2786
+4 1122
+2 326
+3 163
fi=(229)
-7 163
fe=(199)
+8 326
fi=(229)
-8 163
fe=(199)
+12 163
fi=(229)
-12 163
cob=(4)
cfi=(176)
cfn=(672) 0x00000000049606b0
calls=163 -29 
* 2702
fe=(199)
+11 489
-9 326
+2 489
+11 2388

fl=(208) ./malloc/./malloc/morecore.c
fn=(706) __glibc_morecore
25 3
+1 6
-1 6
+4 3
cfi=(209) ./misc/./misc/sbrk.c
cfn=(708) sbrk
calls=3 +8 
* 116
+1 6
+4 6

fl=(216) ./string/../string/strstr.c
fn=(750) __GI_strstr
77 18
+5 2
-5 6
+5 4
+2 8
cob=(4)
cfi=(176)
cfn=(752) 0x0000000004960680
calls=2 -84 
* 46
* 2
+1 4
+1 4
+75 24

fl=(113) ./string/../sysdeps/x86_64/multiarch/strcasecmp.c
fn=(354) strcasecmp
31 1
fi=(114)
+6 2
-1 4
fe=(113)
-5 2
fi=(114)
+7 3
+3 2
+4 3
+3 4
fe=(113)

fl=(129) ./wcsmbs/../sysdeps/x86_64/multiarch/wmemcmp.c
fn=(402) wmemcmp
29 1
fi=(130) ./wcsmbs/../sysdeps/x86_64/multiarch/ifunc-memcmp.h
+5 5
+1 2
+1 2
+1 3
+3 2
+4 3
+3 4
fe=(129)
-18 2

fl=(137) ./wcsmbs/../sysdeps/x86_64/multiarch/wcpcpy.c
fn=(424) wcpncpy
31 1
fi=(97)
+9 3
-1 4
+2 3
+3 2
+4 4
fi=(323) ./wcsmbs/../sysdeps/x86_64/multiarch/wcpncpy.c
-17 1
fe=(137)

fl=(210) ./misc/../sysdeps/unix/sysv/linux/brk.c
fn=(710) brk
36 3
fi=(324) ./misc/../sysdeps/unix/sysv/linux/brk_call.h
-12 6
fe=(210)
+13 6
+1 6
+6 3
+1 3

fl=(187) ./stdlib/./stdlib/cxa_atexit.c
fn=(620) __cxa_atexit
67 7
-26 2
+2 8
+1 2
cfn=(622) __new_exitfn
calls=1 +36 
* 33
+2 2
+8 1
-2 1
+3 1
+1 1
-4 2
+1 1
+4 4
+1 1
+11 6

fn=(622)
80 1
+6 2
-6 4
+11 2
-10 1
+10 4
+2 4
-2 1
+10 1
-10 3
+45 1
+5 3
-4 1
+4 2
-18 1
-1 1
+12 1

fl=(231) ./stdlib/./stdlib/strtod_l.c
fn=(808) ____strtod_l_internal
508 1964
+45 982
-45 9820
+53 2946
+26 982
-24 1964
+32 1964
+1 1964
cob=(4)
cfi=(176)
cfn=(792) 0x0000000004960500
calls=982 0 
* 15712
+1 1964
-1 982
+1 982
+14 982
-4 982
-6 982
+10 1964
-1 3928
+1 1964
+3 1964
-12 510
+17 1020
+13 6524
+1 1964
+8 2472
+91 1648
-43 1648
+19 713
514 713
708 3390
+67 7512
+1 1964
+12 1964
+16 3612
+42 1964
+9 7812
+1 1975
+18 22
+6 11
+1 11
-1 22
+1 22
-1 11
+1 44
+99 1964
+33 1964
+2 1346
+8 1854
+19 2946
+1 228
+5 1964
+9 90
+2 270
-2 180
+2 180
1770 10802
779 3044
+22 3044
-26 1522
635 632
+97 316
-43 316
+19 316
+25 474
-1 158
+7 158
-5 158
514 158
732 158
+7 2199
+1 538
-7 807
616 472
+1 1416
862 2913
+1 971
+1 971
1068 360
+1 360
+3 450
+4 90
+1 90
+98 900
+2 90
-1 90
+1 180
+3 360
-5 8920
+2 892
-1 892
+1 1784
+3 3568
+12 1964
+3 1964
1357 1345
+18 807
+3 269
+13 269
-13 1883
+8 538
+10 1614
603 538
1399 538
+3 807
-3 269
+3 1614
-3 808
+3 1212
-3 404
+3 2424
+8 673
-55 673
+75 673
-17 673
-3 673
+20 673
-16 673
-4 1346
-56 673
+76 673
-20 673
-56 673
-1 673
+77 673
-77 673
+77 1346
-6 673
+1 673
fi=(234) ./stdlib/../string/bits/string_fortified.h
29 1346
fe=(231)
1425 673
fi=(234)
29 673
cob=(4)
cfi=(176)
cfn=(810) 0x00000000049606f0
calls=673 -29 
* 14806
fe=(231)
1440 1129
+1 1129
+2 2258
-26 2618
+7 853
+1 853
-5 853
+2 1706
+8 1080
cfi=(232) ./stdlib/./stdlib/mul.c
cfn=(816) __mpn_mul
calls=180 48 
* 11700
+4 360
+1 360
+1 360
+4 180
+1 180
-4 540
+6 360
+2 3365
+4 6057
cfn=(822) str_to_mpn.isra.0
calls=673 365 
* 55743
+17 1346
+2 673
-2 673
+2 673
-2 1346
+2 1346
+17 1346
+2 1346
689 333
514 111
708 333
514 222
710 222
-1 333
+24 333
-1 111
+2 111
-2 111
+2 555
-53 11
882 4910
1081 1784
-9 1784
739 444
+8 538
1198 9269
cfn=(822)
calls=713 365 
* 49019
+6 713
+20 713
-26 713
+6 3565
+44 713
+1 713
-1 713
+1 713
-1 713
+1 1426
+4 1426
+6 1426
+32 1426
+3 309
+4 618
-4 309
+4 618
-4 1545
+2 309
+2 309
-2 618
+10 1545
cfi=(235) ./stdlib/../sysdeps/x86_64/lshift.S
cfn=(824) __mpn_lshift
calls=309 28 
* 4944
+4 618
+15 2163
cfn=(826) round_and_return
calls=309 215 
* 25956
* 309
1494 673
+1 673
+1 4038
+42 673
-38 4038
+38 1346
-38 1212
+38 2828
+6 673
-1 673
-1 1346
+2 673
-2 673
+1 673
-1 3365
cfn=(826)
calls=673 215 
* 56173
* 1211
-4 5111
+2 807
-68 3365
cfi=(235)
cfn=(824)
calls=673 28 
* 10768
+1 4038
cfi=(235)
cfn=(824)
calls=673 28 
* 10768
+1 1346
+64 2424
cfi=(235)
cfn=(824)
calls=404 28 
* 6464
* 2020
+2 404
1391 269
+5 538
fi=(234)
29 154
fe=(231)
1446 154
fi=(234)
29 616
cob=(4)
cfi=(176)
cfn=(810)
calls=154 -29 
* 3388
* 308
fe=(231)
864 1942
+1 2240
-3 596
+12 1942
+6 2913
+1 1942
-16 1403
+3 4511
+1 359
-1 359
+1 1436
+2 359
-6 359
-1 359
+1 718
+6 1717
-6 1717
-1 1717
+1 4780
+5 1346
fi=(234)
29 808
fe=(231)
1330 404
fi=(234)
29 2020
cob=(4)
cfi=(176)
cfn=(810)
calls=404 -29 
* 8888
fe=(231)
1357 2424
+9 808
+3 1212
+1 1212
1485 404
1370 808

fn=(822)
365 13860
+13 1386
+1 8316
-4 1386
-1 2772
+52 3508
+1 7016
-14 14032
+3 1166
+7 583
+3 1749
+3 1166
-3 5850
+3 5850
-47 7016
+49 5544
+7 4158
+2 4158
+2 1386
+1 1386
+15 12474

fn=(826)
215 15712
fi=(236) ./stdlib/../sysdeps/generic/get-rounding-mode.h
94 982
+1 8838
fe=(231)
218 1964
fi=(237) ./stdlib/../include/rounding-mode.h
46 3005
fe=(231)
355 305
-3 610
+3 915
-3 592
+3 2031
+1 982
-1 1964
+1 5892
-1 982
cfi=(239) ./stdlib/../sysdeps/ieee754/dbl-64/mpn2dbl.c
cfn=(834) __mpn_construct_double
calls=982 29 
* 15712
-42 1964
-80 982
+83 982
-90 982
+90 982
+4 1964
-1 3869
fi=(237)
46 1905
fe=(231)
355 296
-5 1650
fi=(238) ./stdlib/../stdlib/gmp.h
453 296
fe=(231)
328 296
fi=(238)
454 296
fe=(231)
328 296
+22 592
-12 592
fi=(237)
52 2556
fe=(231)
355 1143

fl=(247) ./stdio-common/./stdio-common/_itoa.c
fn=(882) _itoa_word
169 8
+3 32
+2 16
+9 184
+9 16

fl=(205) ./malloc/./malloc/malloc.c
fn=(974) unlink_chunk.isra.0
1608 556
+2 1668
-2 556
+2 1112
+3 556
+1 1112
+2 2224
-3 556
+6 556
+1 556
+1 1595
+2 60
+1 90
+3 60
+14 30
+1 30
+3 1112

fn=(874) _int_free_maybe_consolidate
4770 1617
+6 294
+22 1617
-20 24
+3 18
-2 2
cfn=(1052) malloc_consolidate
calls=2 +32 
* 1548
* 2
+5 30

fn=(972) _int_realloc
4914 1128
+11 564
+1 705
+1 564
+6 282
+2 282
+1 423
+2 564
+3 282
+14 9
+53 18
-53 18
+57 9
-57 9
+57 18
-2 18
+2 2
+1 1
+16 1
+1 9
-1 8
+1 1260
-79 278
+12 206
+12 384
cfn=(704) _int_malloc
calls=96 3846 
* 15301
* 96
+1 192
+9 96
-6 96
+1 96
+5 192
+8 96
-1 96
fi=(211) ./malloc/../string/bits/string_fortified.h
29 96
fe=(205)
4993 576
fi=(211)
29 96
cob=(4)
cfi=(176)
cfn=(672)
calls=96 -29 
* 3309
fe=(205)
4997 384
cfn=(870) _int_free
calls=96 4495 
* 5433
+2 96
+22 8
-4 8
+3 8
+5 8
-4 8
-1 8
+1 8
+3 8
+1 16
cfn=(870)
calls=8 4495 
* 1019
* 8
-60 7
-1 14
+5 21
cfn=(974)
calls=7 1608 
* 165
+44 14
-48 14
-13 36
+1 36
-2 72
+4 144
+2 36
-2 36
+2 36
-2 72
+1 36
-1 72
+4 36
-3 36
+1 36
+2 36

fn=(712) alloc_perturb
1985 2085
+2 695

fn=(870)
4495 6804
+4 2916
+6 3888
+1 1944
+4 4860
+8 3888
-1 1944
+1 1944
+29 943
-20 943
-6 943
+6 1886
+20 3772
1792 627
4561 1254
+11 1920
+2 1440
1992 480
4593 480
1992 960
4595 480
+1 480
+4 960
+2 480
-2 480
+2 480
+4 960
+2 1440
+1 480
+19 1892
+30 4950
-21 294
+3 294
+18 147
-12 147
+12 588
-12 147
cfn=(872) _int_free_merge_chunk
calls=147 +19 
* 15917
3163 345
+4 345
-4 345
+2 1380
+1 345
+1 345
4550 345

fn=(968) realloc
3407 1551
+6 282
+4 282
+7 282
5241 141
3433 141
5242 423
-1 282
+2 282
3538 1269
5244 141
3441 282
+2 2
+1 4
+12 423
fi=(206) ./malloc/./malloc/arena.c
153 423
fe=(205)
3464 564
+1 282
1326 282
+19 846
3475 282
+31 282
+2 846
cfn=(972)
calls=141 4914 
* 35355
* 141
+1 705
fi=(206)
153 564
fe=(205)
3509 282

fn=(1052)
4811 4
+17 4
-17 20
+28 4
-28 12
+15 4
+2 4
+13 8
+1 8
-1 72
+1 72
+62 120
+1 32
-31 950
+4 424
+2 212
+1 424
+1 424
+2 424
-4 263
+1 526
+1 526
+2 526
+1 242
+4 121
+2 121
-2 242
+3 121
+9 242
-12 354
+2 354
-2 708
+3 354
+9 1171
-56 950
+4 1425
+1 1900
+8 475
-3 950
+3 475
-3 475
+4 475
-4 475
+5 475
-5 475
+5 950
+2 950
+1 204
+2 204
-1 204
+2 816
+2 1428
cfn=(974)
calls=204 1608 
* 4347
* 1020
+3 950
+4 263
+1 789
+16 526
-16 263
cfn=(974)
calls=263 1608 
* 5820
* 1052

fn=(916) calloc
3699 774
+10 387
-10 2709
+10 3096
+8 774
+3 1161
+2 774
+34 1935
fi=(206)
153 774
fe=(205)
3732 387
+1 387
+21 774
-21 774
+21 387
cfn=(704)
calls=387 +92 
* 83984
+2 774
+81 1400
-41 387
-12 387
+12 774
+3 1935
+8 387
+2 774
+2 774
+5 175
+2 175
-2 175
+3 350
+2 175
+2 350
+2 160
+2 320
+2 264
-73 1161
+3 1161
+78 212
fi=(211)
59 424
fe=(205)
3837 1272
fi=(211)
59 212
cob=(4)
cfi=(176)
cfn=(918)
calls=212 -59 
* 130116
fe=(205)

fn=(692) malloc
3294 3856
+7 964
1326 962
+19 2410
3311 964
+2 1928
+3 962
+10 608
+28 1824
3248 4
cfn=(702) tcache_init.part.0
calls=1 -6 
* 473
+68 2
+2 1410
3178 356
+4 356
+4 178
+4 178
-4 534
+4 178
+1 178
3354 1068
-26 1216
cfn=(704)
calls=304 3846 
* 62544
+1 1520
fi=(206)
153 608
264 1
cfn=(696) ptmalloc_init.part.0
calls=1 -2 
* 1151
fe=(205)
1326 2

fn=(872)
4665 735
+1 147
-1 441
+5 882
+3 294
+5 441
+3 294
+1 294
+1 294
1992 441
4689 294
+2 17
+2 17
-1 17
+2 68
+2 34
cfn=(974)
calls=17 1608 
* 381
+18 294
+6 290
+4 133
+9 133
-1 133
+1 399
+1 266
-1 12
-1 12
+1 36
+1 24
+2 145
+2 290
+5 145
+1 145
+2 435
+1 145
-45 145
-1 290
+1 870
-1 145
cfn=(874)
calls=145 +69 
* 5080
+1 2
-1 4
+1 12
-1 2
cfn=(874)
calls=2 +69 
* 72
+39 105
+16 2
+1 6
+1 4
-37 12
+1 12
-1 12
cfn=(974)
calls=12 1608 
* 267
+1 12
-47 441
-2 294

fn=(704)
3846 8668
1326 1576
+19 4728
3887 1576
1794 788
3914 1576
+65 1038
-63 2076
+3 519
+2 1038
+2 2
-6 1
+9 2
+1 5
+5 2
+1 2
+7 1
-1 2
+1 5
+5 2
3165 1
3945 1
+1 3
+31 538
+62 215
+1 84
+20 750
-1 750
-1 750
+1 1500
+1 1500
-2 1498
+12 3750
-1 864
+4 864
+1 432
+2 864
-3 314
+1 157
+2 314
+1 1767
+2 589
+1 2356
+2 2356
-10 589
+12 1178
+1 1178
+2 1178
+11 2042
+29 187
+1 187
+4 374
+29 374
+8 189
+1 5
+1 5
-1 5
+4 10
-4 25
+1 25
-1 25
+4 50
+5 1
-2 1
+2 3
+1 2
+7 1
-1 4
+2 3
3980 759
+2 759
-2 759
+2 1518
+2 37
+1 74
+6 37
-4 37
+1 37
+1 37
+2 74
+7 148
-1 74
+1 74
+5 188
+1 12
+2 2
-76 1554
4041 4
cfn=(1052)
calls=2 4811 
* 35881
* 2
+93 2
+1 2
-1 2
+1 4
-14 2
+19 4
+1 12
1985 3
4487 9456
1985 37
4020 37
1985 74
4163 354
+1 531
+1 177
-1 177
+57 354
+9 177
-9 354
+9 177
-9 531
+1 177
+1 177
+1 177
+1 177
+6 354
-10 60
+9 30
-9 60
+9 30
-9 90
+1 30
+1 30
+1 30
+1 30
+6 60
4070 621
4246 100
+11 1104
+2 84
+3 28
-3 28
+3 56
+1 368
+71 1104
-4 368
+1 368
+1 368
-1 368
+1 368
+1 736
+1 1104
+5 1613
+16 666
+2 1332
-4 1546
+8 107
+3 214
+2 54
+1 54
+1 54
-2 216
-27 54
-99 828
3163 2
+4 2
-4 2
+2 16
+1 4
+1 2
4070 4
+29 836
+2 402
-1 804
+27 22
+1 22
+4 44
+29 59
+8 95
4008 1
+1 1
+1 2
3159 1
4012 1
3167 1
-8 1
+4 1
4013 1
3163 1
+2 4
+1 1
+2 1
-2 1
+1 1
+1 1
4218 29
-48 29
+48 87
4343 1041
+3 1340
-3 948
+3 1232
-3 888
+3 1148
-3 572
4443 315
+1 630
+2 630
+3 945
+17 8
4070 241
-91 1446
4169 64
4343 32
+5 128
+1 64
+24 212
+3 106
+2 53
+3 106
-3 106
+3 53
cfn=(974)
calls=53 1608 
* 1449
+3 212
+15 96
-5 48
+5 96
+1 96
+3 48
+1 48
+1 48
+3 96
+1 38
+1 96
+2 38
+3 152
+2 57
+1 19
1985 19
4421 19
1985 38
4415 232
+2 87
+1 29
1985 29
4421 29
1985 63
4421 5
1985 10
4387 5
-1 5
+1 10
4070 2
3199 2
-21 2
+4 4
+8 2
-4 8
+4 2
+1 4
4248 2
4105 380
-1 380
+3 380
-1 380
+1 760
+1 1140
+1 760
+2 644
+4 322
+6 322
-6 322
+7 322
-7 1932
+2 966
+5 322
-4 322
+4 322
cfn=(712)
calls=322 1985 
* 1288
-7 58
+6 58
-6 58
+7 58
-7 348
+2 174
+5 58
-4 58
+4 58
cfn=(712)
calls=58 1985 
* 232
+1 380
2552 2
+12 2
-12 10
+12 2
4460 945
cfn=(712)
calls=315 1985 
* 1260
+1 315
-9 626
+2 626
-1 313
+1 313
-3 313
+3 313
+2 313
-2 1252
+2 313
+3 626
2553 2
+36 6
+1 2
-1 2
+1 2
+9 14
+6 3
+3 6
2921 6
+1 2
+4 2
+4 10
+5 2
-2 2
+5 2
-3 4
-3 2
+2 2
+1 2
+1 2
-1 6
+1 2
4482 2
2669 6
+8 4
+1 6
+13 2
+2 2
-2 4
+8 10
+8 4
+48 4
+40 3
+19 2
+3 2
+1 6
+2 1
+1 5
cfi=(208)
cfn=(706)
calls=1 25 
* 33
+12 4
-12 1
+12 1
2008 4
3882 1
2873 1
+3 1
-1 1
+1 4
+12 1
-11 1
+11 2
2783 1
-1 2
2017 2
2745 1
+1 1
+6 3
-6 1
+6 3
-6 1
+6 3
-6 1
+6 5
+1 6
-44 6
cfi=(208)
cfn=(706)
calls=2 25 
* 113
+1 4
-1 2
+1 2
2008 2
2711 2
2008 6
2712 2
+3 4
+29 10

fn=(702)
3242 4
+9 8
+1 3
cfn=(704)
calls=1 3846 
* 359
+1 2
+8 4
+9 1
fi=(211)
59 2
fe=(205)
3270 1
fi=(211)
59 86
fe=(205)
3274 3

fn=(866) free
3359 877
+4 1754
-4 2604
+14 868
-14 2604
+12 868
+4 868
-4 868
+4 1736
+17 2604
fi=(206)
153 2604
fe=(205)
3398 2604
cfn=(870)
calls=868 4495 
* 71450
+3 868
+1 5217

fl=(249) ./dirent/../sysdeps/unix/sysv/linux/opendir.c
fn=(888) opendir
82 9
-49 2
+53 2
cfi=(250) ./io/../sysdeps/unix/sysv/linux/open64_nocancel.c
cfn=(890) __open_nocancel
calls=1 -58 
* 27
* 1
-40 2
+7 3
cfi=(204) ./io/../sysdeps/unix/sysv/linux/fstat64.c
cfn=(688) fstat
calls=1 -23 
* 6
* 2
+2 4
+57 7
+3 2
cob=(4)
cfi=(176)
cfn=(690) 0x00000000049603f0
calls=1 0 
* 179
+1 2
+7 1
+2 1
+2 1
+1 1
+1 1
+1 1
+1 1
-44 8

fl=(91) ./wcsmbs/../sysdeps/x86_64/multiarch/wcslen.c
fn=(300) wcslen
29 1
fi=(88)
+12 2
-1 4
+2 3
+3 2
+4 3
+3 3
fe=(91)
-23 1

fl=(175) ./nptl/./nptl/pthread_mutex_conf.c
fn=(558) __pthread_tunables_init
55 2
+1 2
-1 2
+1 2
-1 4
+1 1
cob=(4)
cfi=(176)
cfn=(560) 0x0000000004960720
calls=1 -56 
* 26
+2 4
cob=(4)
cfi=(176)
cfn=(560)
calls=1 -58 
* 25
+2 4
cob=(4)
cfi=(176)
cfn=(560)
calls=1 -60 
* 26
+2 6

fl=(265) ./ctype/../include/ctype.h
fn=(946) __ctype_b_loc
40 2984
+1 5968
+1 2984

fl=(131) ./debug/../sysdeps/x86_64/multiarch/memmove_chk.c
fn=(406) __memmove_chk
29 1
fi=(93) ./debug/../sysdeps/x86_64/multiarch/ifunc-memmove.h
+28 3
-1 2
+4 3
+14 2
+3 2
+8 2
+8 2
+3 5
fe=(131)

fl=(241) ./stdio-common/./stdio-common/snprintf.c
fn=(840) snprintf
26 1368
+4 114
+1 228
-1 570
+1 114
cfi=(242)
cfn=(842)
calls=114 +62 
* 39184
+4 570

fl=(254) ./string/../sysdeps/x86_64/multiarch/strstr-sse2-unaligned.S
fn=(904) __strstr_sse2_unaligned
22 114
+1 114
+1 114
+1 114
+1 114
+1 114
+1 114
+1 114
+1 114
+1 114
+1 114
+1 114
+1 114
+1 114
+1 114
+1 114
+1 114
+1 114
+1 114
+1 114
+1 114
+1 114
+1 114
+1 114
+1 114
+1 114
+1 114
+1 114
+1 114
+1 114
+1 114
+1 114
+1 114
+1 114
+1 114
+1 114
+1 114
+1 114
+1 114
+1 114
+1 114
+2 122
+1 122
+1 122
+1 122
+1 9
+1 9
+1 9
+1 9
+1 9
+1 2
+1 2
+9 7
+1 7
+1 7
+2 8
+1 8
+1 8
+2 1
+2 113
+1 113
+4 8
+1 8
+1 8

fl=(119) ./string/../sysdeps/x86_64/multiarch/strncase_l.c
fn=(366) strncasecmp_l
31 1
fi=(114)
+6 2
-1 4
fe=(119)
-5 2
fi=(114)
+7 3
+3 2
+4 3
+3 4
fe=(119)

fl=(163) ./string/../sysdeps/x86_64/multiarch/strstr.c
fn=(522) strstr
64 1
-13 4
+7 4
+6 1

fl=(172) ./ctype/./ctype/ctype-info.c
fn=(552) __ctype_init
29 1
+2 7
+2 4
+2 4
+1 1

fl=(235)
fn=(824)
28 2063
+1 2063
+1 2063
+2 2063
+1 2063
+1 2063
+12 2063
+1 2063
+1 2063
+1 2063
+1 2063
+1 2063
+1 2063
+6 2063
+1 2063
+1 2063

fl=(112) ./string/../sysdeps/x86_64/multiarch/strncmp.c
fn=(352) strncmp
67 2
-23 4
-1 8
+24 4
-22 6
+3 4
+4 6
+3 8

fl=(121) ./string/../sysdeps/x86_64/multiarch/memcmp.c
fn=(374) bcmp
29 1
fi=(122) ./string/../sysdeps/x86_64/multiarch/ifunc-memcmp.h
+5 5
+1 2
+1 2
+1 3
+3 2
+4 3
+3 4
fe=(121)
-18 2

fl=(311) ./dirent/../sysdeps/unix/sysv/linux/closedir.c
fn=(1176) closedir
31 1
+3 2
-3 4
+13 1
+6 1
cob=(4)
cfi=(176)
cfn=(864) 0x00000000049603e0
calls=1 -50 
* 170
+2 1
+1 2
-1 1
cfi=(246) ./io/../sysdeps/unix/sysv/linux/close_nocancel.c
cfn=(862) __close_nocancel
calls=1 -27 
* 6

fl=(81) ./string/../sysdeps/x86/cacheinfo.c
fn=(280) __x86_cacheinfo
86 1
fi=(82) ./string/../sysdeps/x86/cacheinfo.h
-27 1
+3 3
+2 1
+1 1
-1 2
+7 3
+2 1
+1 1
-1 2
+5 2
+2 2
+1 2
+1 2
+2 2
+2 2
fe=(81)

fl=(182) ./string/../sysdeps/x86_64/multiarch/strrchr-avx2.S
fn=(600) __strrchr_avx2
53 1
+1 1
+1 1
+2 1
+1 1
+4 1
+1 1
+1 1
+3 1
+2 1
+1 1
+1 1
+1 1
+25 1
+1 1
+1 1
+1 1
+1 1
+26 1
+1 1
+4 2
+24 1
+3 1
+1 1
+1 1
+1 1
+1 1
+1 1

fl=(316) ./nptl/./nptl/pthread_mutex_unlock.c
fn=(1188) pthread_mutex_unlock@@GLIBC_2.2.5
367 1
51 3
+1 2
367 3
57 2
+8 1
-3 1
-23 1
+1 4
+1 1
+29 1
+2 1
369 2
74 2
+6 4
+4 3
+3 2

fl=(269) ./time/../sysdeps/unix/sysv/linux/clock_gettime.c
fn=(1012) clock_gettime@@GLIBC_2.17
30 2
+8 4
+2 4
+28 4
+1 4
-25 4

fl=(191) ./setjmp/./setjmp/sigjmp.c
fn=(644) __sigjmp_save
28 6
+2 2
-1 1
+5 4

fl=(195) ./debug/./debug/printf_chk.c
fn=(656) __printf_chk
25 121
+7 1
-4 2
+4 1
-4 1
+4 1
+1 1
-1 1
-4 1
+5 1
-1 2
+1 2
cfi=(196) ./stdio-common/./stdio-common/vfprintf-internal.c
cfn=(658) __vfprintf_internal
calls=1 1522 
* 6126
-8 30
+7 10
-4 20
+4 10
-4 10
+4 10
+1 10
-1 10
-4 10
+5 10
-1 20
+1 20
cfi=(196)
cfn=(658)
calls=10 1522 
* 7393
+4 55

fl=(203) ./libio/./libio/filedoalloc.c
fn=(684) _IO_file_doallocate
78 33
+6 12
fi=(219) ./libio/./libio/libioP.h
1025 9
+1 6
fe=(203)
84 9
cfi=(201) ./libio/./libio/fileops.c
cfn=(686) _IO_file_stat
calls=3 1147 
* 27
* 6
+2 12
+11 12
+4 6
cob=(4)
cfi=(176)
cfn=(690)
calls=3 0 
* 2151
* 3
+1 6
+2 12
cfi=(202)
cfn=(716) _IO_setb
calls=3 329 
* 87
+1 3
+1 27

fl=(85) ./string/../sysdeps/x86_64/multiarch/strpbrk.c
fn=(288) strpbrk
29 1
fi=(322)
+7 5
fe=(85)
-7 1

fl=(304) ./stdlib/../sysdeps/x86_64/rshift.S
fn=(1148) __mpn_rshift
28 7
+1 7
+1 7
+1 7
+13 7
+1 7
+16 7
+1 7
+1 7
+1 7
+1 7
+1 7
+1 7
+5 7
+1 7
+1 7
+1 7
+1 7

fl=(200) ./string/../sysdeps/x86_64/multiarch/memmove-vec-unaligned-erms.S
fn=(674) __memcpy_avx_unaligned_erms
255 1008
+1 1008
+6 1008
+1 1008
+2 733
+1 733
+1 733
+3 530
+1 530
+1 530
+3 1060
+30 275
+1 275
+2 253
+1 253
+2 123
+4 123
+1 20
+1 20
+1 20
+1 20
+1 9
+1 9
+2 9
+2 9
-2 11
+2 11
+6 103
+1 103
+1 103
+1 103
+1 103
+7 22
+1 22
+1 22
+1 22
+2 22
+17 130
+1 130
+1 130
+1 130
+1 130
+7 61
+1 61
+1 61
+1 61
+1 61
+1 61
+1 122
+5 203
+1 203
+5 203
+1 203
+2 65
+1 65
+1 65
+2 4
+1 4
+1 4
+1 4
+1 4
+1 4
+1 4
+1 4
+1 4
+1 4
+1 4
+1 4
+1 4
+1 4
+1 8
+4 138
+1 138
+4 138
+2 138
+4 138
+1 138
+11 138
+3 138
+2 138
+2 138
+4 138
+1 138
+9 136
+1 136
+2 136
+2 136
+1 136
+1 136
+3 136
+2 136
+2 136
+2 272
+6 136
+1 136
+1 136
+1 136
+1 136
+1 136
+1 136
+1 136
+1 136
+1 136
+1 136
+1 136
-11 560
+1 560
+1 560
+1 560
+1 560
+1 560
+1 560
+1 560
+1 560
+1 560
+1 560
+1 560
+2 136
+1 136
+1 136
+1 136
+2 136
+4 272
+13 2
+1 2
+2 2
+1 2
+1 2
+2 2
+2 2
+2 4
+6 2
+1 2
+1 2
+1 2
+1 2
+1 2
+1 2
+1 2
+1 2
+1 2
+1 2
+1 2
-11 7
+1 7
+1 7
+1 7
+1 7
+1 7
+1 7
+1 7
+1 7
+1 7
+1 7
+1 7
+2 2
+1 2
+1 2
+1 2
+2 2
+1 4

fn=(724) __mempcpy_avx_unaligned_erms
242 1
+1 1
+1 1
+1 1
+17 1
+1 1
+2 1
+1 1
+1 1
+3 1
+1 1
+1 1
+3 2

fn=(812) __memcpy_chk_avx_unaligned_erms
249 1235
+1 1235
+1 6175
+4 1235
+1 1235
+6 1235
+1 1235
+2 4
+1 4
+1 4
+38 1231
+1 1231
+2 1231
+1 1231
+55 1231
+1 1231
+1 1231
+1 1231
+1 1231
+18 4
+1 4
+5 4
+1 4
+24 4
+1 4
+4 4
+2 4
+4 4
+1 4
+11 4
+3 4
+2 4
+2 4
+4 4
+1 4
+9 4
+1 4
+2 4
+2 4
+1 4
+1 4
+3 4
+2 4
+2 4
+2 8
+6 4
+1 4
+1 4
+1 4
+1 4
+1 4
+1 4
+1 4
+1 4
+1 4
+1 4
+1 4
-11 13
+1 13
+1 13
+1 13
+1 13
+1 13
+1 13
+1 13
+1 13
+1 13
+1 13
+1 13
+2 4
+1 4
+1 4
+1 4
+2 4
+4 8

fl=(321) ./posix/../sysdeps/unix/sysv/linux/_exit.c
fn=(1264) _Exit
27 2
+3 2

fl=(232)
fn=(816)
48 3128
+6 368
+12 368
+76 2024
-71 184
+1 368
+69 184
-60 368
cfi=(233) ./stdlib/../sysdeps/x86_64/mul_1.S
cfn=(818) __mpn_mul_1
calls=184 -50 
* 3912
* 368
+2 184
+1 184
+4 368

fl=(258) ./string/../sysdeps/x86_64/multiarch/memset-vec-unaligned-erms.S
fn=(920) __memset_avx2_unaligned_erms
158 5209
+1 10418
+5 5209
+1 5209
+1 5208
+1 5208
+1 5208
+13 64
+1 64
+2 128
+53 5208
+1 5208
+6 5202
+1 5202
+12 5202
+3 5202
+1 5202
+12 5138
+1 5138
+13 5138
+1 5138
+2 5138
+3 5071
+3 5071
+3 5071
+1 5071
+1 5071
+1 5071
+1 5071
+1 5071
+1 5071
-6 10457
+1 10457
+1 10457
+1 10457
+1 10457
+1 10457
+1 15528
+3 5071
+1 5071
+1 5071
+1 5071
+3 10142
-6 67
+1 67
+1 67
+1 67
+3 134
+11 6
+1 6
+1 6
+1 123238
+1 6
+1 12
+7 1
+9 1
+1 1
+5 1
+1 1
+36 1
+1 1
+5 1

fl=(190)
fn=(642)
31 1
+2 1
+9 1
+1 2
+1 1
+4 1
+1 1
+1 1
+1 1
+1 1
+2 2
+2 1
+1 1
+1 1
+2 2
+2 1
+5 1
+1 1
+17 1
cfi=(191)
cfn=(644)
calls=1 -57 
* 13

fl=(103) ./string/../sysdeps/x86_64/multiarch/strchr.c
fn=(330) index
65 1
-22 2
+1 1
-2 4
+2 2
+3 2
+4 3
+3 3
+11 1

fl=(177) ./nptl/../sysdeps/unix/sysv/linux/x86/elision-conf.c
fn=(562) __lll_elision_init
92 2
+4 1
-4 2
+4 2
-4 1
+4 1
-4 3
+4 1
cob=(4)
cfi=(176)
cfn=(560)
calls=1 -96 
* 26
+2 4
cob=(4)
cfi=(176)
cfn=(560)
calls=1 -98 
* 26
+2 4
cob=(4)
cfi=(176)
cfn=(560)
calls=1 0 
* 26
+2 4
cob=(4)
cfi=(176)
cfn=(560)
calls=1 0 
* 26
+2 4
cob=(4)
cfi=(176)
cfn=(560)
calls=1 0 
* 26
+3 3
+1 1
+1 6

fl=(224) ./libio/./libio/strops.c
fn=(790) _IO_str_init_static_internal
36 1140
+4 228
+1 228
cob=(4)
cfi=(176)
cfn=(792)
calls=114 -41 
* 2728
* 114
+5 570
cfi=(202)
cfn=(716)
calls=114 329 
* 3306
+5 342
-3 114
+1 114
+1 114
+3 114
+1 114
+1 114
+9 114
+1 684
-14 456

fl=(252) ./dirent/../sysdeps/unix/sysv/linux/getdents64.c
fn=(896) __getdents
27 2
+3 6
+2 8
+1 2

fl=(318) ./stdlib/./stdlib/cxa_finalize.c
fn=(1200) __cxa_finalize
30 6
+3 6
-3 24
+3 15
+3 12
+4 21
-4 9
+57 12
+4 18
-4 9
+12 6
cfi=(319)
cfn=(1202)
calls=3 -23 
* 60
+1 12
+1 24

fl=(89) ./string/../sysdeps/x86_64/multiarch/memset.c
fn=(296) memset
29 2
fi=(90) ./string/../sysdeps/x86_64/multiarch/ifunc-memset.h
+25 10
+3 6
+7 4
+9 4
+2 4
+10 4
+8 4
+3 10
fe=(89)

fl=(104) ./debug/../sysdeps/x86_64/multiarch/memset_chk.c
fn=(332) __memset_chk
29 1
fi=(105) ./debug/../sysdeps/x86_64/multiarch/ifunc-memset.h
+25 5
+3 3
+7 2
+9 2
+2 2
+10 2
+8 2
+3 5
fe=(104)

fl=(132) ./string/../sysdeps/x86_64/multiarch/stpcpy.c
fn=(410) stpcpy
33 1
fi=(118) ./string/../sysdeps/x86_64/multiarch/ifunc-strcpy.h
+5 2
+1 1
-1 2
+1 2
+3 2
+4 3
+3 3
fe=(132)
-16 1

fl=(206)
fn=(696)
262 1
fi=(207) ./malloc/../sysdeps/unix/sysv/linux/not-cancel.h
97 3
fe=(206)
262 7
+5 1
fi=(207)
97 3
fi=(205)
3143 2
fe=(206)
292 2
+4 3
fi=(205)
1946 4
+3 1
-3 1
+3 2
-3 2
+3 126
-3 126
+3 252
-3 252
+11 1
fe=(206)
300 3
fi=(205)
1958 1
+2 1
fe=(206)
300 1
cob=(4)
cfi=(176)
cfn=(560)
calls=1 0 
* 25
+1 4
cob=(4)
cfi=(176)
cfn=(560)
calls=1 0 
* 26
+1 4
cob=(4)
cfi=(176)
cfn=(560)
calls=1 0 
* 25
+1 4
cob=(4)
cfi=(176)
cfn=(560)
calls=1 0 
* 25
+1 4
cob=(4)
cfi=(176)
cfn=(560)
calls=1 0 
* 26
+1 4
cob=(4)
cfi=(176)
cfn=(560)
calls=1 0 
* 25
+1 4
cob=(4)
cfi=(176)
cfn=(560)
calls=1 0 
* 25
+2 4
cob=(4)
cfi=(176)
cfn=(560)
calls=1 0 
* 25
+1 4
cob=(4)
cfi=(176)
cfn=(560)
calls=1 0 
* 25
+1 4
cob=(4)
cfi=(176)
cfn=(560)
calls=1 0 
* 25
+3 4
cob=(4)
cfi=(176)
cfn=(560)
calls=1 0 
* 25
+1 4
cob=(4)
cfi=(176)
cfn=(560)
calls=1 0 
* 25
+2 2
+10 8

fl=(123) ./wcsmbs/../sysdeps/x86_64/multiarch/wmemset.c
fn=(378) wmemset
31 2
fi=(124) ./wcsmbs/../sysdeps/x86_64/multiarch/ifunc-wmemset.h
+5 10
+1 6
fe=(123)
-6 2

fl=(300) ./stdio-common/./stdio-common/printf_fp.c
fn=(1154) hack_digit
88 36
+3 9
-3 9
+3 20
+2 9
+2 18
-2 18
+8 16
+21 24
cfi=(233)
cfn=(818)
calls=8 -91 
* 168
+1 16
+1 30
+4 40
-23 48
cfi=(307) ./stdlib/./stdlib/divrem.c
cfn=(1156) __mpn_divrem
calls=8 -59 
* 376
+2 8
-2 8
+2 24
+3 8
-2 8
+2 8
+1 48
+11 8
-4 16
-23 1
+1 3
-1 1
+1 1
cfi=(233)
cfn=(818)
calls=1 -65 
* 21
+31 1
-31 1
+32 5
-37 6

fn=(1140) __printf_fp_buffer_1.isra.0
138 72
+21 4
+18 4
+10 4
-28 28
+62 8
1030 44
226 12
+4 28
+36 4
+5 4
-49 4
+44 16
+1 4
+1 8
+3 52
+1 4
-1 4
+1 12
-1 4
+1 8
-1 4
+1 32
+1 4
-1 8
+1 52
+6 4
-6 8
+7 8
+17 3
+4 12
-4 6
+16 6
+11 3
-41 3
+10 3
+31 3
-30 21
+33 9
+41 3
+1 3
-1 3
+1 9
fi=(229)
29 3
cob=(4)
cfi=(176)
cfn=(672)
calls=3 -29 
* 39
fe=(300)
385 21
+18 3
-9 3
+2 6
-2 33
+2 66
-74 72
-4 36
+4 147
-4 3
+4 12
+15 6
-13 12
+53 3
-2 18
cfi=(232)
cfn=(816)
calls=3 48 
* 231
+5 6
+1 6
fi=(229)
29 6
fe=(300)
388 6
fi=(229)
29 3
cob=(4)
cfi=(176)
cfn=(672)
calls=3 -29 
* 39
fe=(300)
389 9
+1 9
+1 3
+3 3
-4 3
-1 3
+1 3
+1 9
+5 6
+1 6
+6 6
+4 3
+4 3
-4 3
+4 9
-4 30
+6 6
665 4
+9 4
-9 4
+9 4
+6 4
-15 4
+9 8
+6 4
-6 8
+2 8
+10 4
+52 2
+8 8
fi=(306) ./stdio-common/../sysdeps/pthread/allocalim.h
27 4
fe=(300)
746 4
fi=(306)
27 4
cfi=(305) ./nptl/./nptl/alloca_cutoff.c
cfn=(1150) __libc_alloca_cutoff
calls=4 * 
* 44
+2 8
fe=(300)
759 56
fi=(306)
29 4
fe=(300)
759 12
+4 4
-3 8
+3 10
+3 9
+7 18
+2 6
-4 3
+4 3
+14 6
-2 3
+1 15
+1 3
+1 6
-1 2
-2 1
+1 5
+1 1
+1 2
-1 21
+1 50
91 21
792 21
+2 21
91 48
+2 21
+2 42
-2 42
+8 36
+4 108
cfi=(307)
cfn=(1156)
calls=18 -59 
* 836
+2 18
+4 18
-6 18
+2 54
+1 18
+2 36
+1 72
+7 18
+4 54
cfi=(233)
cfn=(818)
calls=18 -91 
* 378
+1 36
+1 85
793 17
+1 34
-1 4
+1 8
+1 42
230 24
cfi=(302) ./stdlib/../sysdeps/ieee754/dbl-64/dbl2mpn.c
cfn=(1142) __mpn_extract_double
calls=4 33 
* 88
* 16
+4 4
382 9
91 15
796 3
95 3
+1 9
-1 6
+1 3
cfi=(233)
cfn=(818)
calls=3 -65 
* 63
* 3
+31 9
805 20
+1 12
cfn=(1154)
calls=4 88 
* 408
+2 8
-2 4
+2 20
fi=(308) ./stdio-common/../sysdeps/generic/get-rounding-mode.h
94 4
+1 28
fi=(309) ./stdio-common/../include/rounding-mode.h
-37 2
fe=(300)
935 3
-11 9
+7 6
+4 8
+2 6
+19 2
+1 12
+4 6
+14 6
+5 20
+3 8
+8 8
-4 4
+4 4
+5 8
-9 10
+9 4
fi=(248) ./stdio-common/../include/printf_buffer.h
163 12
fe=(300)
999 10
+2 3
+5 8
fi=(248)
163 12
fe=(300)
1009 12
+13 16
cfi=(199)
cfn=(670)
calls=4 27 
* 214
+2 12
+4 12
483 2
-98 18
cfi=(303) ./stdlib/./stdlib/cmp.c
cfn=(1144) __mpn_cmp
calls=6 31 
* 72
* 12
+3 6
988 6
+6 9
+2 18
fi=(248)
148 9
+1 9
fe=(300)
1006 9
fi=(309)
52 10
fe=(300)
835 1
-5 2
+5 4
+5 3
+2 2
+2 2
+80 3
-69 2
+80 1
-11 3
766 9
-88 2
+2 4
+1 2
-1 2
+1 4
+57 2
-7 15
966 4
+9 4
688 4
+1 4
+3 6
+2 1
+2 2
+42 2
994 4
+2 2
308 3
-2 3
+2 3
-3 3
+3 12
-3 6
cfi=(235)
cfn=(824)
calls=3 28 
* 48
+4 6
-4 3
+4 21
+1 6
+1 21
766 9
+3 6
cfn=(1154)
calls=3 88 
* 363
* 4
cfn=(1154)
calls=2 88 
* 242
* 5
-3 18
+15 1
+2 1
669 2
782 1
-1 1
+2 3
499 3
cfi=(235)
cfn=(824)
calls=1 28 
* 16
+1 5
+1 2
+3 1
-8 1
+7 1
+1 1
-18 1
+18 2
+2 1
+21 2
+4 1
-4 3
+4 1
-4 1
+5 1
-1 2
+1 1
+1 2
-2 1
+2 1
-2 1
+2 1
+2 2
+5 4
+83 12
-2 12
+2 46
509 12
+2 24
+7 1
+1 2
-1 1
+2 1
-2 1
+4 1
-4 2
+6 4
cfi=(232)
cfn=(816)
calls=1 48 
* 77
* 1
+18 2
+4 2
-2 1
+2 4
+16 3
+2 2
+1 1
+82 3
+54 2
-12 3
1003 2
625 2
+4 5
cfi=(233)
cfn=(818)
calls=1 31 
* 33
+1 1
+1 1
-1 1
+1 2
+3 1
-1 1
+1 1
-1 1
+3 1
-2 4
+9 1
+1 1
-1 1
+2 2
439 6
+3 24
+16 9
+2 3
-2 3
cfi=(304)
cfn=(1148)
calls=3 28 
* 54
+3 6
-1 3
+1 3
-1 3
+1 9
cfi=(304)
cfn=(1148)
calls=3 28 
* 54
+2 18
+14 6
694 8
-52 1
cfi=(304)
cfn=(1148)
calls=1 28 
* 18
+3 2
834 2

fn=(1136) __printf_fp_l_buffer
1099 48
+3 4
-3 28
+3 8
+13 8
+2 4
-2 4
cob=(4)
cfi=(176)
cfn=(792)
calls=4 0 
* 64
* 8
+1 20
+31 44
-30 8
fi=(301) ./stdio-common/../include/../locale/localeinfo.h
331 8
fe=(300)
1111 4
fi=(301)
331 4
fe=(300)
1112 8
+10 28
cfn=(1140)
calls=4 138 
* 6747
+4 4

fl=(173) ./resource/../sysdeps/unix/sysv/linux/getrlimit64.c
fn=(554) getrlimit
38 2
+1 7
+1 1

fl=(120) ./string/../sysdeps/x86_64/multiarch/strchrnul.c
fn=(370) strchrnul
31 1
fi=(84) ./string/../sysdeps/x86_64/multiarch/ifunc-avx2.h
+9 3
-2 4
fe=(120)
-7 2
fi=(84)
+10 2
+1 3
+3 2
+4 3
+3 5
fe=(120)

fl=(228)
fn=(800)
30 2964
+4 228
+1 456
+10 456
+1 228
+17 1368

fl=(171) ./elf/./elf/libc_early_init.c
fn=(550) __libc_early_init
33 9
+2 1
cfi=(172)
cfn=(552)
calls=1 -6 
* 17
+3 1
fi=(174) ./elf/../sysdeps/nptl/pthread_early_init.h
-5 2
fe=(171)
+8 1
-3 1
+3 1
fi=(174)
-8 1
cfi=(173)
cfn=(554)
calls=1 +5 
* 10
* 3
+1 1
+4 5
+7 1
fi=(325) ./elf/../nptl/nptl-stack.h
+16 3
fi=(174)
-16 1
fi=(325)
+16 2
fi=(174)
-7 1
fi=(325)
+7 3
fi=(174)
-9 1
-6 1
+2 2
+4 4
+1 1
+3 1
cfi=(175)
cfn=(558)
calls=1 -1 
* 104
fe=(171)
-9 3
+2 2
-2 1
cfi=(177)
cfn=(562)
calls=1 +45 
* 169

fl=(180) ./csu/./csu/init-first.c
fn=(594) _init_first
46 6
+5 2
+4 5
+8 1
-2 1
+10 1
-9 1
+1 1
+9 3
-1 1
cfi=(181) ./misc/./misc/init-misc.c
cfn=(596) __init_misc
calls=1 -41 
* 57

fl=(242)
fn=(842)
93 595
fi=(326) ./libio/../include/printf_buffer.h
+31 119
fe=(242)
-31 238
fi=(326)
+31 119
fe=(242)
-31 714
fi=(326)
+44 119
-13 119
+13 119
-10 119
+1 119
fe=(242)
-65 238
+3 119
+30 357
cfi=(196)
cfn=(664) __printf_buffer
calls=119 600 
* 36966
-21 357
+1 119
+11 238
cfi=(212) ./stdio-common/./stdio-common/Xprintf_buffer_done.c
cfn=(726) __printf_buffer_done
calls=119 -62 
* 2261
+11 714

fl=(197) ./stdio-common/./stdio-common/printf_buffer_to_file.c
fn=(660) __printf_buffer_to_file_init
108 11
+1 11
fi=(248)
+18 11
fe=(197)
-18 11
fi=(248)
+28 11
-9 11
+9 11
-13 11
fe=(197)
-13 11
fi=(248)
+13 11
fe=(197)
-12 11
cfn=(662) __printf_buffer_to_file_switch
calls=11 -83 
* 123

fn=(662)
29 12
+1 60
+10 1
+1 1
+3 4
+1 1
-1 44
+1 11

fn=(676) __printf_buffer_to_file_done
117 11
+1 33
-1 11
-64 11
+64 66
-66 44
+2 33
+15 30
+18 30
+3 10
+2 20
+12 10
+19 10
-1 10
+1 40
-1 10
cfi=(212)
cfn=(726)
calls=10 -96 
* 190
+1 1
-1 1
+1 4
-1 1
cfi=(212)
cfn=(726)
calls=1 -96 
* 19
-56 2
cfn=(662)
calls=1 -36 
* 11
+1 1
-8 1
+1 1
fi=(327) ./stdio-common/../libio/libioP.h
1025 1
fe=(197)
58 1
+1 1
-1 1
fi=(327)
1025 2
+1 2
fe=(197)
59 2
cfi=(201)
cfn=(678) _IO_file_xsputn@@GLIBC_2.2.5
calls=1 1198 
* 2107
* 2

fl=(83) ./string/../sysdeps/x86_64/multiarch/strnlen.c
fn=(284) strnlen
31 2
fi=(84)
+9 6
-2 8
fe=(83)
-7 4
fi=(84)
+10 4
+1 6
+3 4
+4 6
+3 10
fe=(83)

fl=(106) ./string/../sysdeps/x86_64/multiarch/strrchr.c
fn=(336) rindex
28 1
fi=(84)
+12 3
-2 4
fe=(106)
-10 2
fi=(84)
+13 2
+1 3
+3 2
+4 3
+3 5
fe=(106)

fl=(133) ./string/../sysdeps/x86_64/multiarch/memmove.c
fn=(414) memmove
29 1
fi=(99)
+28 3
-1 2
+4 3
+14 2
+3 2
+8 2
+8 2
+3 5
fe=(133)

fl=(183) ./libio/./libio/vtables.c
fn=(602) check_stdfiles_vtables
545 1
+1 4
+1 3
+1 3
+2 1

fl=(303)
fn=(1144)
31 6
+4 12
+2 6
+1 6
+1 12
+8 30

fl=(202)
fn=(1256) _IO_flush_all
686 5
+5 1
-5 1
+5 1
-5 6
+5 4
cfi=(214)
cfn=(740)
calls=1 24 
* 13
+1 6
-5 1
fi=(219)
1025 2
fe=(202)
705 1
fi=(219)
1025 2
+1 2
fe=(202)
705 3
cfi=(201)
cfn=(680) _IO_file_overflow@@GLIBC_2.2.5
calls=1 +27 
* 135
+1 3
+2 33
+1 3
-14 9
+2 3
+1 27
+2 20
+13 7
+1 2
cfi=(214)
cfn=(742)
calls=1 54 
* 9
+4 12
-20 9
-6 2
-5 2
+8 1
-3 1
+3 2

fn=(720) _IO_default_xsputn
371 11
+3 4
fi=(219)
1025 1
fe=(202)
373 2
+24 1
+2 2
-20 4
+2 1
+1 2
+2 2
+2 2
+1 1
-1 1
cob=(4)
cfi=(176)
cfn=(722) 0x0000000004960430
calls=1 0 
* 16
* 1
+1 1
-12 1
+29 8

fn=(766) _IO_default_uflow
361 22
fi=(219)
1025 11
fe=(202)
361 33
+1 11
-1 11
fi=(219)
1025 22
+1 22
fe=(202)
362 22
cfi=(201)
cfn=(768) _IO_file_underflow@@GLIBC_2.2.5
calls=11 462 
* 1664
+1 22
+2 36
+1 44

fn=(716)
329 1309
+1 480
+5 238
-3 119
+3 238
-2 119
+2 238
+3 714
-7 2
cob=(4)
cfi=(176)
cfn=(864)
calls=2 0 
* 366
+4 4

fn=(732) _IO_no_init
563 1276
+1 116
cfn=(734) _IO_old_init
calls=116 -33 
* 2672
+1 116
+1 232
+2 2
+4 2
+7 2
+2 2
-9 10
+15 2
+1 12
-1 114
+1 684
-2 228

fn=(772) _IO_switch_to_get_mode
164 66
+1 33
+3 33
+4 22
+1 22
+7 11
-4 11
+4 11
-2 22
+3 11
+1 44

fn=(1254) _IO_cleanup
842 6
-66 1
+66 6
+1 1
cfn=(1256)
calls=1 686 
* 328
-67 2
+67 1
-67 3
cfi=(214)
cfn=(740)
calls=1 24 
* 13
+1 6
fi=(219)
1025 1
fe=(202)
785 1
-1 1
+1 4
-1 2
+1 25
+9 6
+2 4
+4 1
-2 1
+3 1
-3 1
+2 2
+5 1
fi=(219)
1025 2
+1 2
fe=(202)
805 4
cfi=(201)
cfn=(1260) _IO_file_setbuf@@GLIBC_2.2.5
calls=1 382 
* 87
+2 3
+9 1
-2 1
+2 2
-2 1
+2 2
+1 3
-37 9
+41 7
+1 2
cfi=(214)
cfn=(742)
calls=1 54 
* 9
+33 12
-78 2
+39 24
-2 1
+2 1
-31 6
+7 7
-15 1
+3 2
-3 1
+3 2

fn=(1262) _IO_default_setbuf
452 8
fi=(219)
1025 1
fe=(202)
452 1
+1 1
-1 1
fi=(219)
1025 2
+1 2
fe=(202)
453 2
cfi=(201)
cfn=(1030) _IO_file_sync@@GLIBC_2.2.5
calls=1 793 
* 21
* 2
+4 1
330 1
462 1
-7 2
332 1
466 1
337 1
-4 1
+4 1
467 1
-1 3
+2 6
-11 1
+1 2
-1 1
330 4

fn=(880) _IO_default_finish
601 12
+2 6
+6 6
+3 6
54 4
624 6

fn=(738) _IO_link_in
87 28
+1 20
+18 36
-16 2
+2 6
-2 2
+2 8
cfi=(214)
cfn=(740)
calls=2 -68 
* 26
+1 14
+10 4
cfi=(214)
cfn=(742)
calls=2 -49 
* 18
+3 2
-11 10
+2 2
-2 2
+3 2
-3 2
+2 2
+3 8
+2 2
-2 2
+1 2
+1 10
-9 4
+1 2
+1 4

fn=(804)
635 4788
+3 2052
+1 1368
+9 684
+3 3420
-10 1368
+1 684
+5 684

fn=(852) _IO_un_link
53 4
+1 8
+28 4
cfn=(854) __GI__IO_un_link.part.0
calls=2 -30 
* 200

fn=(854)
52 8
+6 2
-6 4
+6 2
-6 8
+6 8
cfi=(214)
cfn=(740)
calls=2 -34 
* 26
+1 14
+2 2
-1 2
+1 20
+4 4
+9 4
+2 12
+3 4
cfi=(214)
cfn=(742)
calls=2 -25 
* 18
+3 18
-19 2
-2 4
+2 4
+13 6
+2 2
-2 2
+1 2
+1 10
-12 6
-7 6

fn=(682) _IO_doallocbuf
343 3
+1 6
-1 21
+3 9
+1 3
fi=(219)
1025 9
+1 6
fe=(202)
347 6
cfi=(203)
cfn=(684)
calls=3 78 
* 2421
* 6
+3 18

fn=(734)
531 116
+3 116
-2 116
+2 116
+5 116
-7 116
+2 116
+10 116
-10 116
+16 116
-11 116
-5 116
+16 116
-16 116
+21 116
-16 580
+16 232
+1 4
+2 116

fn=(764) __uflow
299 55
+1 11
-1 11
+1 22
+5 33
+3 11
173 11
308 22
+2 22
+6 22
+7 11
fi=(219)
1025 33
+1 22
fe=(202)
323 22
+1 33
-1 11
cfn=(766)
calls=11 +38 
* 1920
-23 22
+21 33

fn=(858) _IO_unsave_markers
937 12
+2 4
+5 6
+2 6

fl=(181)
fn=(596)
30 1
+1 2
-1 4
+1 4
+2 3
cob=(4)
cfi=(176)
cfn=(598) 0x0000000004960660
calls=1 -33 
* 31
+4 5
+1 3
+2 4

fl=(213) ./libio/./libio/iofopen.c
fn=(730) fopen@@GLIBC_2.2.5
85 14
-20 2
+20 4
-20 2
cob=(4)
cfi=(176)
cfn=(690)
calls=2 -65 
* 236
+2 6
+3 2
+2 4
-2 2
+2 10
cfi=(202)
cfn=(732)
calls=2 563 
* 112
+1 2
+1 2
-1 2
+1 2
cfi=(201)
cfn=(736) _IO_new_file_init_internal
calls=2 +32 
* 204
+1 10
cfi=(201)
cfn=(744) _IO_file_fopen@@GLIBC_2.2.5
calls=2 213 
* 430
* 4
-38 4
+50 14

fl=(260) ./string/../sysdeps/x86_64/multiarch/strncpy-avx2.S
fn=(928) __strncpy_avx2
54 354
+18 354
+3 354
+3 354
+1 354
+1 354
+1 354
+1 354
+3 354
+1 354
+1 354
+4 354
+7 354
+2 354
+4 1
+2 1
+1 1
382 1
+1 1
+1 1
+5 1
+1 1
+3 1
+1 1
+1 1
+1 1
+23 1
+1 1
+1 1
+1 1
+2 1
+1 1
+1 1
+3 1
+1 1
+2 1
+1 1
+1 1
+13 2
+57 353
+1 353
+1 353
+1 353
+1 353
+1 353
+1 706
+6 353
+1 353
+1 353
+1 352
+1 352
+4 352
+7 353
+2 353
+1 353
+1 353
+2 353
+1 353
+1 353
+44 1
+1 1
+1 1
+1 1
+11 1

fl=(315) ./nptl/./nptl/pthread_mutex_lock.c
fn=(1186) pthread_mutex_lock@@GLIBC_2.2.5
77 1
+3 3
+2 1
+2 2
-7 4
+11 2
+91 1
+3 1
+2 1
+3 1
-63 1
+66 3
-93 2
+11 4
+4 1
+3 2
-71 1
+1 7
+1 1
+84 3
+1 2

fl=(92) ./debug/../sysdeps/x86_64/multiarch/mempcpy_chk.c
fn=(304) __mempcpy_chk
29 1
fi=(93)
+28 3
-1 2
+4 3
+14 2
+3 2
+8 2
+8 2
+3 5
fe=(92)

fl=(204)
fn=(688)
30 4
+9 16
+33 4

fl=(217) ./libio/./libio/iofgets.c
fn=(758) fgets
32 4284
+5 2448
+2 1224
+8 5508
+4 612
+1 612
+1 1224
-1 612
+1 2448
-2 612
+2 612
cfi=(218) ./libio/./libio/iogetline.c
cfn=(760) _IO_getline
calls=612 -20 
* 72918
+3 612
+1 612
-1 1224
+7 4
fi=(219)
979 4
+1 4896
fe=(217)
66 4284
-10 1220
+4 610
+3 610
-2 610
+2 1220
fi=(219)
979 1830
fe=(217)
47 3060

fl=(245) ./libio/./libio/iofclose.c
fn=(850) fclose@@GLIBC_2.2.5
34 16
+14 6
+9 2
fi=(219)
1025 6
+1 4
fe=(245)
57 6
cfi=(201)
cfn=(878) _IO_file_finish@@GLIBC_2.2.5
calls=2 168 
* 68
+1 6
+13 4
fi=(219)
951 8
+1 8
+6 4
cob=(4)
cfi=(176)
cfn=(864)
calls=2 0 
* 174
fe=(245)
76 14
-27 2
cfi=(202)
cfn=(852)
calls=2 +4 
* 208
+2 16
+1 4
+1 4
cfi=(201)
cfn=(856) _IO_file_close_it@@GLIBC_2.2.5
calls=2 +75 
* 600
fi=(219)
979 2
fe=(245)
53 2
fi=(219)
979 6
+1 18
fe=(245)
51 10

fl=(186) ./csu/../csu/libc-start.c
fn=(618) __libc_start_main@@GLIBC_2.34
242 13
+69 3
+1 3
cfi=(187)
cfn=(620)
calls=1 67 
* 72
+25 6
+6 2
-3 2
+10 2
cob=(4)
cfi=(176)
cfn=(634) 0x00000000049607b0
calls=1 0 
* 7
+2 2
+8 4
cfi=(188) ./csu/../sysdeps/nptl/libc_start_call_main.h
cfn=(638) (below main)
calls=1 29 
* 22110291
128 2
+6 3
+1 6
cob=(4)
cfi=(176)
cfn=(624) 0x0000000000109000
calls=1 0 
* 7
* 1
+3 1
+1 2
+3 2
+1 2
-1 1
+2 7
+1 4
cob=(6) /home/tobiasosborne/Projects/convexfeld/build-prof/benchmarks/bench_netlib
cfi=(185) ???
cfn=(628) 0x0000000000001e50
calls=1 0 
* 12
-1 4

fl=(107) ./wcsmbs/../sysdeps/x86_64/multiarch/wcscmp.c
fn=(340) wcscmp
30 1
fi=(101) ./wcsmbs/../sysdeps/x86_64/multiarch/ifunc-avx2.h
+10 3
-2 4
fe=(107)
-8 2
fi=(101)
+11 2
+1 3
+3 2
+4 3
+3 5
fe=(107)

fl=(250)
fn=(890)
28 2
+3 1
-3 6
+3 6
+8 7
+2 5

fl=(125) ./string/../sysdeps/x86_64/multiarch/strcpy.c
fn=(382) strcpy
29 1
fi=(118)
+9 2
+1 1
-1 2
+1 2
+3 2
+4 3
+3 3
fe=(125)
-20 1

fl=(255) ./debug/./debug/snprintf_chk.c
fn=(908) __snprintf_chk
27 12
+1 2
+9 1
+1 1
-1 4
-4 2
+4 1
-4 1
+5 2
cfi=(242)
cfn=(842)
calls=1 +55 
* 561
+4 5

fl=(307)
fn=(1156)
46 364
+3 52
234 234
62 26
+1 26
-16 26
+18 52
+7 153
+1 25
-1 50
+1 50
-1 50
+4 52
+3 26
+2 26

fl=(246)
fn=(862)
25 3
+1 12
+1 3

fl=(86) ./string/../sysdeps/x86_64/multiarch/strcmp.c
fn=(290) strcmp
79 2
-31 4
+1 2
-2 8
+2 4
+3 4
+4 6
+3 6
+20 2

fl=(116) ./wcsmbs/../sysdeps/x86_64/multiarch/wcscpy.c
fn=(360) wcscpy
60 1
-17 2
-1 4
+2 3
+2 2
+4 3
+10 1

fl=(136) ./string/../sysdeps/x86_64/multiarch/strspn.c
fn=(422) strspn
29 1
fi=(322)
+7 5
fe=(136)
-7 1

fl=(193) ./string/../sysdeps/x86_64/multiarch/strcmp-avx2.S
fn=(950) __strncmp_avx2
206 14
+24 14
+5 14
+14 14
+25 14
+1 14
+1 14
+2 14
+1 14
+4 14
+4 14
+2 14
+2 14
+3 14
+2 14
+1 14
+11 11
+10 11
+1 11
+3 11
+4 22
+5 14
+1 14
+1 14
+4 3
+1 6

fn=(650) __strcmp_avx2
206 1270
+43 1270
+25 1270
+1 1270
+1 1270
+2 1270
+1 1270
+4 1239
+4 1239
+2 1239
+2 1239
+3 1239
+9 1239
+1 1239
+4 1239
+10 1239
+1 1239
+3 1239
+4 2478
953 143
+1 143
+3 143
+1 143
+1 143
+1 143
+2 143
+3 143
+1 143
+4 70
+1 70
+9 31
+4 31
+1 58
+8 27
+1 27
+1 27
+1 27
+1 27
+1 27
+2 27
+35 31
+1 31
+11 31
+1 31
+3 31
+1 31
+1 31
+3 62
+20 73
+1 73
+23 4
+1 4
+2 3
+1 3
+1 3
+1 3
+1 3
+1 3
+1 3
+45 1
+1 1
+75 1
+1 1
+2 1
+1 1
+1 1
+1 1
+1 1
+1 1
+1 1
+1 1
+6 1
+2 1
+4 1
+1 1
+1 1
+1 1
+1 1
+1 1
+1 1
+1 1

fl=(239)
fn=(834)
29 982
+10 982
-6 982
+7 9820
+6 982
+1 1964

fl=(251) ./dirent/../sysdeps/unix/sysv/linux/readdir64.c
fn=(894) readdir
32 234
+5 234
-5 585
+5 117
-5 351
+2 234
+3 234
+3 117
+27 117
-27 234
+7 10
cfi=(252)
cfn=(896)
calls=2 -20 
* 18
+1 4
+13 2
+7 3
+1 2
+3 4
-4 345
+1 230
+3 460
+4 1053
-22 1
+1 1
+2 4
+2 2

fl=(305)
fn=(1150)
27 4
+1 36
+7 4

fl=(230)
fn=(806)
68 228
+1 684
cfi=(231)
cfn=(808)
calls=228 508 
* 203371

fn=(986) strtod
81 754
+1 3016
cfi=(231)
cfn=(808)
calls=754 508 
* 424645

fl=(221) ./string/../sysdeps/x86_64/multiarch/memchr-avx2.S
fn=(780) __memchr_avx2
61 617
+7 617
+2 617
+3 617
+1 617
+2 617
+1 617
+1 617
+1 617
+3 612
+1 612
+3 612
+1 612
+2 605
+1 605
+1 106
+1 106
+2 212
+7 7
+5 7
+7 7
+1 7
+1 1
+1 1
+5 148
+1 148
+1 148
+1 296
+4 6
+1 6
+4 339
+1 339
+1 339
+1 678
+25 504
+1 504
+1 504
+2 504
+10 504
+1 504
+3 504
+1 504
+2 487
+1 487
+2 339
+1 339
+1 339
+1 339
+69 17
+1 17
+3 10
+1 10
+4 4
+1 4
+3 3
+1 3
+1 3
+1 3
+1 3
+1 3
+1 3
+2 8
+32 7
+2 7
+2 7
+1 7
+1 7
+1 7
+1 14
+20 6
+4 6
+2 6
+1 12
+21 6
+1 6
+1 6
+1 6
+43 5
+3 5
+1 5
+1 5
+3 5
+1 5
+7 5
+3 5
+1 5
+2 5
+1 5

fl=(127) ./string/../sysdeps/x86_64/multiarch/strlen.c
fn=(394) strlen
29 2
fi=(84)
+11 6
-2 8
fe=(127)
-9 4
fi=(84)
+12 4
+1 6
+3 4
+4 6
+3 10
fe=(127)

fl=(212)
fn=(726)
25 130
+1 390
+5 260
+2 1560
+7 130

fl=(94) ./debug/../sysdeps/x86_64/multiarch/memcpy_chk.c
fn=(308) __memcpy_chk
29 2
fi=(93)
+28 6
-1 4
+4 6
+14 4
+3 4
+8 4
+8 4
+3 10
fe=(94)

fl=(225) ./string/../sysdeps/x86_64/multiarch/strlen-avx2.S
fn=(794) __strlen_avx2
52 1338
+13 1338
+1 1338
+1 1338
+3 1338
+2 1338
+1 1338
+3 1337
+1 1337
+8 1337
+1 1337
+1 1221
+5 2442
+26 116
+13 116
+1 116
+1 116
+6 232
+82 116
+15 116
+6 116
+1 116
+1 116
511 1
+1 1
+1 1
+3 1
+15 1
+1 1
+1 1
+7 2

fl=(274) ./libio/./libio/iofflush.c
fn=(1028) fflush
32 4
+1 8
-1 20
+7 8
+1 4
fi=(219)
1025 12
+1 8
fe=(274)
40 8
cfi=(201)
cfn=(1030)
calls=4 793 
* 540
* 8
fi=(219)
979 8
+1 32
fe=(274)
44 20
-5 40

fl=(100) ./wcsmbs/../sysdeps/x86_64/multiarch/wcscat.c
fn=(390) wcscat
31 1
fi=(97)
+9 3
-1 4
+2 3
+3 2
+4 4
fe=(100)
-17 1

fn=(324) wcschr
31 2
fi=(101)
+9 6
-2 8
fi=(102) ./wcsmbs/../sysdeps/x86_64/multiarch/wcschr.c
-7 4
fi=(101)
+10 4
+1 6
+3 4
+4 6
+3 10
fe=(100)

fl=(108) ./string/../sysdeps/x86_64/multiarch/stpncpy.c
fn=(344) stpncpy
31 1
fi=(109)
+4 5
+1 3
+3 2
+4 3
+3 4
fe=(108)
-15 1

fl=(302)
fn=(1142)
33 4
+2 4
-2 8
+4 12
+1 20
+9 8
+9 4
-9 4
+9 8
+47 4
+4 4
-4 4
+4 4

fl=(209)
fn=(708)
37 24
+3 3
+3 3
-3 3
+3 3
+35 7
-20 6
+4 6
+4 8
+8 2
cfi=(210)
cfn=(710)
calls=2 -38 
* 18
* 4
+4 14
-19 2
cfi=(210)
cfn=(710)
calls=1 -23 
* 9
* 2
+4 2

fl=(233)
fn=(818)
31 215
+1 215
+3 215
+1 215
+1 215
+1 215
+1 215
+2 215
+1 215
+2 215
+1 215
+1 215
+1 215
+1 210
+2 210
+1 210
+1 210
+1 210
+26 5
+1 5
+1 5
+1 5
+1 5
+1 5
+1 5
+1 5
+1 5
+26 5
+1 5
+1 5
+2 5
+1 5
+1 5
+1 5
+1 5
+1 5
+2 5
+3 5
-5 210
+2 210
+3 210

fl=(117) ./string/../sysdeps/x86_64/multiarch/strcat.c
fn=(362) strcat
29 1
fi=(118)
+9 2
+1 1
-1 2
+1 2
+3 2
+4 3
+3 3
fe=(117)
-20 1

fl=(188)
fn=(638)
29 4
+15 1
-15 5
+15 1
cfi=(189)
cfn=(640)
calls=1 -16 
* 38
* 1
+2 2
+5 2
+1 2
+3 2
+3 6
cob=(6)
cfi=(192) /home/tobiasosborne/Projects/convexfeld/benchmarks/bench_netlib.c
cfn=(646) main
calls=1 168 
* 22108275
+16 2
cfi=(312) ./stdlib/./stdlib/exit.c
cfn=(1178) exit
calls=1 +63 
* 1950

fl=(218)
fn=(760)
33 612
+1 1224
cfn=(762) _IO_getline_info
calls=612 +15 
* 71082

fn=(762)
49 9180
+2 1224
+2 1836
+2 2448
+28 617
+2 1234
-2 1234
+2 617
cob=(4)
cfi=(176)
cfn=(778) 0x0000000004960480
calls=617 -85 
* 19964
* 617
+1 1234
fi=(244) ./libio/../string/bits/string_fortified.h
-57 21
fe=(218)
+74 7
fi=(244)
-74 7
cob=(4)
cfi=(176)
cfn=(672)
calls=7 -29 
* 99
fe=(218)
+73 7
-1 7
-46 14
+2 1884
+1 1256
+2 22
cfi=(202)
cfn=(764)
calls=11 299 
* 2327
+1 22
+6 18
+11 9
-1 18
-22 20
+20 4
+32 16
-19 1220
+1 1220
-1 610
+2 1830
+2 610
+2 1220
fi=(244)
-65 3050
cob=(4)
cfi=(176)
cfn=(672)
calls=610 -29 
* 8641
fe=(218)
+68 610
+1 610
-1 610
+10 4880
-44 4
-9 4

fl=(201)
fn=(718) _IO_do_write@@GLIBC_2.2.5
424 6
+2 18
+1 1
-3 15
fi=(219)
1025 5
fe=(201)
424 40
+20 5
-10 10
+7 20
fi=(219)
1025 10
+1 10
fe=(201)
449 20
cfn=(1034) _IO_file_write@@GLIBC_2.2.5
calls=5 1174 
* 230
* 5
+1 15
+2 5
+4 10
-3 10
-1 10
+4 15
-30 10
+28 5
-28 10
+1 40
+28 15

fn=(860) _IO_file_close
1165 2
+3 4
cfi=(246)
cfn=(862)
calls=2 25 
* 12

fn=(878)
168 10
+1 2
-1 2
+1 2
+6 4
+1 6
-1 2
cfi=(202)
cfn=(880)
calls=2 601 
* 40

fn=(774) _IO_file_read
1131 11
+3 11
-1 11
+1 22
cfi=(220)
cfn=(776)
calls=11 25 
* 88

fn=(856)
128 14
+2 6
+4 4
+3 2
-3 2
-1 4
+6 2
+3 2
-3 2
cfi=(202)
cfn=(858)
calls=2 937 
* 28
+3 6
fi=(219)
1025 6
+1 4
fe=(201)
142 4
cfn=(860)
calls=2 1165 
* 18
* 2
+3 6
+8 10
cfi=(202)
cfn=(716)
calls=2 329 
* 434
+1 2
+3 2
-3 6
+3 2
cfi=(202)
cfn=(852)
calls=2 53 
* 8
+5 2
-4 2
+1 2
+3 2
-2 2
+3 14

fn=(1034)
1174 40
+2 20
-1 10
+6 5
cfi=(275)
cfn=(1036)
calls=5 25 
* 40
+1 10
+5 5
+1 5
-12 10
+4 15
+1 10
+10 15
+3 30
-4 15

fn=(680)
732 16
+1 8
+7 8
+37 1
-2 2
-32 2
+12 2
+9 3
+5 3
+2 2
-5 1
+5 1
+1 1
-5 1
+1 1
+4 2
-7 1
+10 2
+13 2
-12 2
+1 2
+11 8
-12 2
cfn=(718)
calls=2 424 
* 112
-4 2
-27 2
cfi=(202)
cfn=(682)
calls=1 343 
* 1922
+1 1
+9 1
-9 5

fn=(1030)
793 35
+5 20
+1 12
+1 5
+1 10
+11 10
+4 25
-17 8
cfn=(718)
calls=4 424 
* 428
* 8

fn=(678)
1198 7
+7 1
-7 2
+6 4
+9 2
-2 4
+17 3
+40 9
-68 1
+44 1
fi=(219)
1025 3
+1 2
fe=(201)
1244 3
cfn=(680)
calls=1 732 
* 1983
* 2
+6 2
+1 5
+2 3
+11 2
+1 4
cfi=(202)
cfn=(720)
calls=1 371 
* 61
+2 3

fn=(736)
106 12
+5 2
-1 2
+3 2
cfi=(202)
cfn=(738)
calls=2 -26 
* 178
+1 2
+1 6

fn=(686)
1147 3
+1 6
cfi=(204)
cfn=(688)
calls=3 30 
* 18

fn=(768)
462 11
+4 33
-4 99
+7 22
+6 33
+3 22
+12 18
fi=(219)
1025 11
fe=(201)
506 22
cfi=(202)
cfn=(772)
calls=11 164 
* 286
+6 11
+5 11
-5 11
fi=(219)
1025 22
fe=(201)
512 11
fi=(219)
1025 11
fe=(201)
512 33
fi=(219)
1026 22
fe=(201)
517 44
cfn=(774)
calls=11 1131 
* 143
+2 22
+16 9
-9 9
+9 18
+2 18
+1 88
-6 2
-10 14
-55 4
+14 6
+5 4
cfi=(202)
cfn=(682)
calls=2 343 
* 586
+4 8

fn=(1260)
382 6
+1 1
cfi=(202)
cfn=(1262)
calls=1 +69 
* 69
* 2
+3 1
+4 2
-2 3
+3 3

fn=(744)
213 24
+9 4
+2 12
+23 12
357 24
-76 8
cfn=(746) _IO_file_open
calls=2 -99 
* 190
* 2
+3 4
+3 6
cfi=(216)
cfn=(750)
calls=2 77 
* 118
* 2
+1 4
-74 2
+13 2
+1 4
+19 12

fn=(746)
182 4
+3 2
-3 20
+2 4
+4 2
cfi=(215)
cfn=(748)
calls=2 30 
* 72
* 2
+1 4
+3 4
+3 2
-4 2
+1 6
+3 2
-3 2
+3 2
+10 4
cfi=(202)
cfn=(738)
calls=2 87 
* 42
+1 2
+1 12

fl=(139) ./string/../sysdeps/x86_64/multiarch/strncase.c
fn=(432) strncasecmp
31 1
fi=(114)
+6 2
-1 4
fe=(139)
-5 2
fi=(114)
+7 3
+3 2
+4 3
+3 4
fe=(139)

fl=(110) ./wcsmbs/../sysdeps/x86_64/multiarch/wmemchr.c
fn=(348) wmemchr
31 2
fi=(111) ./wcsmbs/../sysdeps/x86_64/multiarch/ifunc-evex.h
+7 6
-1 8
+2 6
+6 4
-3 4
+9 6
+3 8
fe=(110)
-23 2

fl=(196)
fn=(664)
600 1560
fi=(227)
82 130
fe=(196)
600 260
fi=(227)
82 130
fe=(196)
600 130
+27 390
+11 130
-11 130
+11 130
-11 130
+11 260
fi=(227)
82 130
cob=(4)
cfi=(176)
cfn=(666) 0x0000000004960590
calls=130 -82 
* 2775
fe=(196)
653 260
+1 130
fi=(227)
82 260
fe=(196)
654 130
-1 130
cfi=(199)
cfn=(670)
calls=130 27 
* 2848
+2 390
+4 260
+4 1008
-32 126
973 126
642 126
973 252
634 126
+71 536
1044 1430
705 268
-13 134
+7 134
+6 268
-14 134
-4 134
+18 134
-10 134
+10 134
-7 134
-4 134
+11 268
-19 134
-1 134
+20 134
-12 134
-9 134
-1 134
+22 134
-15 268
891 8
+82 8
+3 136
+20 44
+1 4
263 4
+1 4
997 4
744 4
264 8
744 4
263 8
1024 134
fi=(227)
82 134
fe=(196)
1018 134
fi=(227)
82 268
cob=(4)
cfi=(176)
cfn=(666)
calls=134 -82 
* 2814
fe=(196)
1028 268
+1 134
fi=(227)
82 134
fe=(196)
1029 134
-1 134
cfi=(199)
cfn=(670)
calls=134 27 
* 3186
+3 292
fi=(243) ./stdio-common/./stdio-common/vfprintf-process-arg.c
501 484
cfi=(199)
cfn=(670)
calls=121 27 
* 6604
+1 121
-11 122
-88 971
+19 242
-14 242
-5 1
+19 2
-14 2
+47 366
+6 3
fe=(196)
709 4
814 4
-1 4
+1 8
+26 12
+15 52
fi=(243)
422 488
+8 244
fe=(196)
726 1
fi=(227)
55 1
-2 1
+2 1
-2 1
+2 1
-2 1
+2 2
+1 2
+9 2
-9 2
+2 2
fe=(196)
807 2
+3 13
-89 15
-1 1
+1 1
-2 2
fi=(243)
136 16
+19 104
cfi=(247)
cfn=(882)
calls=8 +14 
* 256
+11 16
-11 16
+11 32
-5 64
+25 34
+1 3
+14 6
-4 9
+4 10
-4 15
+2 24
+2 16
+7 8
-2 16
+2 24
+3 16
+13 16
fi=(248)
-61 16
fi=(243)
+70 16
+3 16
136 8
+2 16
-71 8
-18 8
-1 16
201 24
58 16
-23 8
+22 16
fi=(227)
+7 1
+1 1
-1 1
+1 3
-10 1
+13 1
-13 5
fi=(243)
161 8
+9 16
+17 8
+8 8
-8 8
+12 8
-12 8
+8 32
-8 30
+53 32
cfi=(199)
cfn=(670)
calls=8 27 
* 454
* 8
fe=(196)
+26 4
cfi=(300)
cfn=(1136)
calls=4 1099 
* 7051
1001 4
fi=(243)
463 5
cfi=(199)
cfn=(670)
calls=1 27 
* 55
fi=(248)
163 3
+1 4
cfi=(310)
cfn=(1164)
calls=1 24 
* 50
* 1
-1 16
fi=(243)
403 4
50 16
+2 16
+1 64
435 244
cob=(4)
cfi=(176)
cfn=(792)
calls=122 0 
* 1976
* 244
fi=(227)
55 4
+10 8
-10 20
fi=(248)
+96 3
fe=(196)

fn=(658)
1522 143
+3 56
+4 55
+11 22
+27 121
-42 20
+18 44
cfi=(197)
cfn=(660)
calls=11 108 
* 244
+1 55
cfn=(664)
calls=11 600 
* 9996
+1 22
cfi=(197)
cfn=(676)
calls=11 117 
* 2730
* 11

fl=(214)
fn=(740)
24 120
+1 120
+2 240
+2 240
+3 240
+14 360
+2 120
+1 120

fn=(742)
54 120
+1 120
+2 240
+2 120
+1 360
+11 120

fl=(222) ./stdio-common/./stdio-common/isoc99_sscanf.c
fn=(786) __isoc99_sscanf
24 1710
fi=(223) ./stdio-common/../libio/strfile.h
+64 456
fe=(222)
-64 342
fi=(223)
+64 114
-1 114
+1 228
cfi=(202)
cfn=(732)
calls=114 563 
* 5358
+1 114
+1 456
-1 114
+1 114
cfi=(224)
cfn=(790)
calls=114 -54 
* 10594
fe=(222)
-60 114
+1 228
-1 114
+1 114
-1 114
+1 114
-1 342
+1 114
cfi=(226)
cfn=(796)
calls=114 278 
* 479450
+4 1026

fl=(312)
fn=(1178)
137 2
+1 3
-1 1
+1 1
cfn=(1180) __run_exit_handlers
calls=1 38 
* 1943

fn=(1180)
38 12
+2 2
+3 5
+11 2
+2 2
+38 2
-30 6
+2 1
+1 1
-1 1
+3 7
+44 3
+13 1
-66 1
+66 3
+2 2
+3 2
cfi=(321)
cfn=(1264)
calls=1 27 
* 4
-29 1
+1 1
-2 1
+3 1
+3 1
-3 2
+3 3
+1 3
cob=(1) /usr/lib/x86_64-linux-gnu/ld-linux-x86-64.so.2
cfi=(314) ./elf/./elf/dl-fini.c
cfn=(1184) _dl_fini
calls=1 -82 
* 1235
+1 4
+10 3
+1 2
-79 1
cfi=(313)
cfn=(1182)
calls=1 148 
* 13
* 1
+88 1
cfi=(202)
cfn=(1254)
calls=1 842 
* 612
* 1

fl=(95) ./string/../sysdeps/x86_64/multiarch/memrchr.c
fn=(312) memrchr
29 1
fi=(84)
+11 3
-2 4
fe=(95)
-9 2
fi=(84)
+12 2
+1 3
+3 2
+4 3
+3 5
fe=(95)

ob=(3) /usr/lib/x86_64-linux-gnu/libm.so.6
fl=(147) ./math/../sysdeps/x86_64/fpu/multiarch/e_logf.c
fn=(456) logf@@GLIBC_2.27
27 1
fi=(142) ./math/../sysdeps/x86_64/fpu/multiarch/ifunc-fma.h
+2 4
+1 3
fe=(147)
-3 1

fl=(151) ./math/../sysdeps/x86_64/fpu/multiarch/e_pow.c
fn=(472) __pow_finite@GLIBC_2.15
27 1
fi=(152) ./math/../sysdeps/x86_64/fpu/multiarch/ifunc-fma4.h
+4 4
+1 2
fe=(151)
-5 1

fl=(141) ./math/../sysdeps/x86_64/fpu/multiarch/s_cosf.c
fn=(440) cosf
26 1
fi=(142)
+3 4
+1 3
fe=(141)
-4 1

fl=(157) ./math/../sysdeps/x86_64/fpu/multiarch/s_sinf.c
fn=(492) sinf
26 1
fi=(142)
+3 4
+1 3
fe=(157)
-4 1

fl=(184) ???
fn=(1236) 0x00000000000104a0
0 9
cob=(4)
cfi=(176)
cfn=(1242) 0x000000000485f220
calls=1 0 
0 80
0 1
cfn=(1246) 0x0000000000010430
calls=1 0 
0 5
0 3

fn=(608) 0x00000000000104e0
0 12

fn=(1246)
0 5

fl=(150) ./math/../sysdeps/x86_64/fpu/multiarch/e_powf.c
fn=(468) powf@@GLIBC_2.27
30 1
fi=(142)
-1 4
+1 4
fe=(150)

fl=(161) ./math/../sysdeps/x86_64/fpu/multiarch/e_atan2.c
fn=(510) __atan2_finite@GLIBC_2.15
26 1
fi=(144) ./math/../sysdeps/x86_64/fpu/multiarch/ifunc-avx-fma4.h
+6 5
+1 2
fe=(161)
-7 1

fl=(156) ./math/../sysdeps/x86_64/fpu/multiarch/e_asin.c
fn=(498) __asin_finite@GLIBC_2.15
27 1
fi=(152)
+4 4
+1 2
fe=(156)
-5 1

fn=(488) __acos_finite@GLIBC_2.15
35 1
fi=(152)
-4 4
+1 2
+3 1
fe=(156)

fl=(146) ./math/../sysdeps/x86_64/fpu/multiarch/s_sin.c
fn=(452) cos
34 1
fi=(144)
-2 5
+1 2
fe=(146)
+1 1

fn=(514) sin
27 1
fi=(144)
+5 5
+1 2
fe=(146)
-6 1

fl=(159) ./math/../sysdeps/x86_64/fpu/multiarch/s_expm1.c
fn=(502) expm1
26 1
fi=(142)
+3 4
+1 3
fe=(159)
-4 1

fl=(145) ./math/../sysdeps/x86_64/fpu/multiarch/e_expf.c
fn=(448) expf@@GLIBC_2.27
27 1
fi=(142)
+2 4
+1 3
fe=(145)
-3 1

fl=(154) ./math/../sysdeps/x86_64/fpu/multiarch/s_log1p.c
fn=(480) __log1p
26 1
fi=(142)
+3 4
+1 3
fe=(154)
-4 1

fl=(160) ./math/../sysdeps/x86_64/fpu/multiarch/e_exp2f.c
fn=(506) exp2f@@GLIBC_2.27
27 1
fi=(142)
+2 4
+1 3
fe=(160)
-3 1

fl=(143) ./math/../sysdeps/x86_64/fpu/multiarch/e_exp.c
fn=(444) __exp_finite@GLIBC_2.15
27 1
fi=(144)
+5 5
+1 2
fe=(143)
-6 1

fl=(162) ./math/../sysdeps/x86_64/fpu/multiarch/s_sincos.c
fn=(518) sincos
26 1
fi=(152)
+5 4
+1 2
fe=(162)
-6 1

fl=(155) ./math/../sysdeps/x86_64/fpu/multiarch/e_log.c
fn=(484) __log_finite@GLIBC_2.15
27 1
fi=(144)
+5 5
+1 2
fe=(155)
-6 1

fl=(294) ./math/../sysdeps/x86_64/fpu/s_fmax.S
fn=(1100) fmax
23 1
+1 1
+1 1
+1 1
+1 1
+23 1

fl=(153) ./math/../sysdeps/x86_64/fpu/multiarch/e_log2f.c
fn=(476) log2f@@GLIBC_2.27
27 1
fi=(142)
+2 4
+1 3
fe=(153)
-3 1

fl=(158) ./math/../sysdeps/x86_64/fpu/multiarch/s_fma.c
fn=(496) fma
49 6

fl=(149) ./math/../sysdeps/x86_64/fpu/multiarch/s_sincosf.c
fn=(464) sincosf
26 1
fi=(142)
+3 4
+1 3
fe=(149)
-4 1

fl=(148) ./math/../sysdeps/x86_64/fpu/multiarch/e_log2.c
fn=(460) log2@@GLIBC_2.29
27 1
fi=(142)
+2 4
+1 3
fe=(148)
-3 1

ob=(1)
fl=(54) ./io/../sysdeps/unix/sysv/linux/read_nocancel.c
fn=(174) __read_nocancel
25 3
+1 12
+1 3

fl=(1) ???
fn=(0) 0x000000000001f540
0 2
cfi=(2) ./elf/./elf/rtld.c
cfn=(2) _dl_start
calls=1 517 
0 195894
0 8
cfi=(76) ./elf/../sysdeps/x86_64/dl-cet.c
cfn=(576) _dl_cet_setup_features
calls=1 331 
0 4
0 10
cfi=(178) ./elf/./elf/dl-init.c
cfn=(580) _dl_init
calls=1 81 
0 493
0 3
cob=(6)
cfi=(185)
cfn=(616) (below main)
calls=1 0 
0 22110473

fl=(58) ./misc/../sysdeps/unix/sysv/linux/setvmaname.c
fn=(184) __set_vma_name
33 2
+2 7
-2 4
+7 1
-7 2
+7 1
-7 2
+7 1
-7 1
+7 1
cfi=(11) ./elf/./elf/dl-tunables.c
cfn=(28) __tunable_get_val
calls=1 387 
* 24
* 3
+7 1
+2 6

fl=(24) ./elf/../sysdeps/nptl/dl-tls_init_tp.c
fn=(86) rtld_mutex_dummy
42 10
+2 20

fn=(68) __tls_pre_init_tp
53 3
+3 8
+5 1
-5 1
+5 1
+1 1
-6 1
+8 1

fn=(256) __tls_init_tp
68 2
fi=(328) ./elf/../include/list.h
-24 1
fe=(24)
+24 3
fi=(328)
-25 1
fe=(24)
+26 1
+3 1
fi=(328)
-29 1
+1 1
+1 1
+2 1
fe=(24)
+28 4
+1 2
+1 1
+5 2
+5 1
+6 1
-3 1
+3 1
-6 3
+6 1
+12 4
cfi=(11)
cfn=(28)
calls=1 387 
* 24
fi=(75) ./elf/../sysdeps/unix/sysv/linux/rseq-internal.h
-73 3
+8 1
fe=(24)
+81 3
+7 2
+1 3
fi=(75)
-95 7
+3 2
fe=(24)

fl=(44) ./string/./string/strdup.c
fn=(138) strdup
40 24
+1 4
cfi=(22) ./string/../sysdeps/x86_64/multiarch/../multiarch/strlen-sse2.S
cfn=(62) strlen
calls=4 +16 
* 122
* 4
fi=(329) ./string/../include/rtld-malloc.h
+15 8
cfi=(27) ./elf/./elf/dl-minimal-malloc.c
cfn=(78) __minimal_malloc
calls=4 -20 
* 120
fe=(44)
-12 8
+3 12
+1 12
-1 4
cfi=(29) ./string/../sysdeps/x86_64/multiarch/memmove-vec-unaligned-erms.S
cfn=(82) memcpy
calls=4 210 
* 52

fl=(71) ./malloc/./malloc/scratch_buffer_set_array_size.c
fn=(228) __libc_scratch_buffer_set_array_size
30 39
+4 3
+1 6
+10 6
+18 3
-17 3
+17 15

fl=(70) ./io/../sysdeps/unix/sysv/linux/pread64_nocancel.c
fn=(224) __pread64_nocancel
25 4
+1 8
+1 2

fl=(50) ./elf/./elf/dl-catch.c
fn=(236) _dl_receive_error
186 2
58 1
186 4
+2 1
-2 1
58 1
+1 1
+11 1
192 1
+2 1
cfi=(2)
cfn=(238) version_check_doit
calls=1 674 
* 9235
69 2
+1 1
198 1
-1 1
+1 3

fn=(160) _dl_catch_exception
204 36
58 6
204 12
+3 12
+22 6
-1 6
+1 6
58 12
235 18
cfi=(51) ./setjmp/../sysdeps/x86_64/setjmp.S
cfn=(162) __sigsetjmp
calls=6 31 
* 144
* 18
+2 18
cfi=(64) ./elf/./elf/dl-deps.c
cfn=(206) openaux
calls=5 61 
* 11291
cfi=(2)
cfn=(164) map_doit
calls=1 641 
* 2662
69 6
+1 6
-1 6
+1 6
239 24
-25 6
+34 18
59 12
+11 18

fn=(158) _dl_catch_error
254 6
+2 1
-2 6
+2 1
cfn=(160)
calls=1 -52 
* 2728
+1 2
+1 1
+1 1
-1 1
+1 1
+2 6

fl=(27)
fn=(74) __minimal_calloc
80 10
+4 10
-4 40
+7 10
+1 30
fi=(28) ./elf/../include/rtld-malloc.h
-32 10
cfi=(27)
cfn=(78)
calls=10 -20 
* 407
fe=(27)

fn=(78)
36 232
+1 87
+11 84
+3 28
-3 28
+3 56
-3 2
+3 1
-3 1
+3 110
+19 29
+1 29
+2 174
-17 8
+1 4
+2 2
+1 14
cfi=(57) ./misc/../sysdeps/unix/sysv/linux/mmap64.c
cfn=(182) mmap
calls=2 -13 
* 52
* 2
+2 4
+2 8
cfi=(58)
cfn=(184)
calls=2 -31 
* 56
+1 6
+2 2
+4 2
-4 4
-24 1
-1 1
+1 1
+1 2
-2 2

fn=(142) __minimal_free
97 1
+2 4

fl=(43) ./string/../sysdeps/x86_64/multiarch/../multiarch/memset-vec-unaligned-erms.S
fn=(130) memset
132 8
+1 40
+5 8
+1 8
+3 2
+1 2
244 2
+1 2
+12 2
+3 2
+1 2
+12 2
+1 2
+13 2
+1 2
+2 2
+3 1
+3 2
+3 1
+1 1
+1 1
+1 1
+1 1
+1 1
+1 1
-6 34
+1 34
+1 34
+1 34
+1 34
+1 34
+1 34
+3 2
+1 2
+1 2
+1 2
+5 2
+34 6
+2 6
+1 6
+39 6
+1 6
+2 6

fl=(30) ./elf/./elf/dl-load.c
fn=(132) fillin_rpath.isra.0
468 9
+4 1
-4 8
+6 3
cfi=(7) ./elf/./elf/dl-minimal.c
cfn=(134) strsep
calls=1 239 
* 240
* 3
cfi=(7)
cfn=(134)
calls=1 239 
* 8
* 6
+7 2
+2 3
cfn=(136) expand_dynamic_string_token
calls=1 -98 
* 125
* 1
+4 2
+5 2
cfi=(22)
cfn=(62)
calls=1 57 
* 17
* 1
+1 2
+7 5
+9 15
+1 8
fi=(28)
50 2
cfi=(27)
cfn=(142)
calls=1 +47 
* 5
+1 1
fe=(30)
528 4
+4 4
fi=(28)
56 1
cfi=(27)
cfn=(78)
calls=1 -20 
* 30
* 1
fe=(30)
534 2
+5 1
+1 2
-1 1
-1 1
+2 1
cfi=(29)
cfn=(126) mempcpy
calls=1 197 
* 13
+3 1
-3 1
+1 1
+2 1
+6 1
+1 1
-1 3
+1 5
+1 1
-1 1
+1 1
-1 3
+1 1
-1 2
+1 1
+2 2
+1 3
+1 1
+6 2
+1 1
+3 3
-60 2
-22 2
+88 1
+3 8
-24 2

fn=(176) _dl_map_object_from_fd
944 30
+15 3
-15 6
+15 3
-15 6
+15 6
+77 12
+10 6
+7 21
cfi=(26) ./elf/./elf/dl-object.c
cfn=(72) _dl_new_object
calls=3 59 
* 1184
* 3
+1 6
+11 3
+5 3
-4 3
-1 3
+2 3
+2 3
-2 3
+2 6
+1 9
+1 4
+19 4
-2 2
+2 22
-2 1
+2 37
+10 3
-10 3
+10 9
+27 3
-33 3
-3 3
+2 3
-1 3
+35 3
+9 3
-50 3
+41 3
+9 3
-36 3
+63 15
-62 124
+26 84
+8 24
+1 12
-1 12
+1 48
+1 12
-1 12
+1 12
+2 12
-2 12
+2 12
+2 12
-4 12
+1 12
+3 12
-4 12
+4 60
+2 24
+13 24
+1 45
+5 9
+1 81
-28 18
-35 27
+62 3
+1 27
-28 6
-35 72
+1 185
1213 3
1100 3
1213 6
1100 9
1218 21
+10 9
+1 3
-1 3
+1 3
-1 9
+1 9
-1 9
+1 9
-1 27
1066 6
1235 6
+10 12
+7 12
fi=(59) ./elf/./dl-map-segments.h
28 3
fe=(30)
1252 9
fi=(59)
28 6
+1 24
cfi=(57)
cfn=(182)
calls=3 +18 
* 84
+73 6
-1 3
-72 3
+73 3
+3 6
+1 3
+2 3
-3 3
+1 3
+2 3
+17 3
-44 3
fi=(60) ./elf/./dl-load.h
+10 24
fi=(59)
+58 48
+6 3
+2 3
-2 3
+1 3
+2 6
-1 6
+3 6
+5 6
+3 9
+8 18
cfi=(43)
cfn=(130)
calls=3 -44 
* 301
* 3
+6 6
+12 12
-59 72
+2 36
+2 72
cfi=(57)
cfn=(182)
calls=9 -92 
* 189
* 18
fe=(30)
1264 3
fi=(56) ./elf/../sysdeps/posix/dl-fileid.h
37 6
cfi=(55) ./io/../sysdeps/unix/sysv/linux/fstat64.c
cfn=(178) fstat
calls=3 -7 
* 18
* 6
fe=(30)
989 6
fi=(56)
40 9
fe=(30)
989 3
fi=(56)
40 3
fe=(30)
989 39
+1 18
fi=(56)
49 24
fe=(30)
1519 27
1074 13
+1 2
-1 1
+1 1
-1 1
+1 1
cfi=(70)
cfn=(224)
calls=1 25 
* 7
* 2
+46 2
+1 1
-15 6
+7 3
+2 3
-2 3
+1 3
+1 3
-1 6
+1 24
+60 3
+5 1
-1 2
+5 1
-5 2
-66 1
+71 4
+1 1
+3 1
-3 1
+8 4
+15 6
+1 3
1008 6
1268 12
+1 9
fi=(61) ./elf/./elf/get-dynamic-info.h
39 6
+6 3
-2 3
+11 3
+1 3
-10 6
+8 6
+15 6
-23 24
+23 76
-23 304
+4 164
+3 23
-1 46
+3 68
+1 56
+1 15
+16 12
+12 11
+1 12
+1 12
+1 12
+1 11
+1 11
+1 11
+1 12
+12 3
+7 3
-7 21
+7 7
+5 4
+7 4
+1 9
+6 9
+1 6
+17 9
+5 4
+2 4
+2 4
+2 4
+4 9
+2 9
+1 6
+9 6
+6 6
+4 6
fe=(30)
1275 6
+1 6
+2 6
+10 9
+19 9
+2 18
+52 9
+1 2
+6 27
+1 60
+6 12
cfn=(88) _dl_process_pt_gnu_property
calls=3 868 
* 244
-7 75
+1 36
+6 36
-6 72
fi=(31) ./elf/../sysdeps/x86/dl-prop.h
149 12
fe=(30)
1380 6
cfi=(62) ./io/../sysdeps/unix/sysv/linux/close_nocancel.c
cfn=(194) __GI___close_nocancel
calls=3 25 
* 18
* 6
+13 6
+2 12
+2 6
+16 6
cfi=(8) ./elf/./elf/dl-setup_hash.c
cfn=(14) _dl_setup_hash
calls=3 25 
* 81
+4 6
+1 6
+17 6
+1 1
+3 1
+5 1
-5 1
+5 1
-5 2
+5 2
-5 2
+5 2
+5 6
+12 24
+10 6
+1 4
+5 2
cfi=(46) ./elf/../elf/dl-tls.c
cfn=(226) _dl_assign_tls_modid
calls=1 125 
* 12
+7 9
cfi=(26)
cfn=(84) _dl_add_to_namespace_list
calls=3 31 
* 165
+3 6
+4 6
cfi=(45) ./elf/./elf/dl-debug.c
cfn=(196) _dl_debug_update
calls=3 38 
* 21
* 3
+1 9
+22 21
+1 9
cfi=(48) ./elf/./elf/dl-audit.c
cfn=(198) _dl_audit_objopen
calls=3 77 
* 15
* 3
fi=(60)
92 8
+2 2
-1 2
+1 2
-1 2
+1 2
-1 2
+1 2
-1 4
+3 8
fi=(61)
-37 12
+3 12
+2 12
181 6
-22 4
fe=(30)
1510 6
1074 2
fi=(59)
186 8
cfi=(57)
cfn=(182)
calls=1 47 
* 21
+3 2
fe=(30)
1462 9
+2 2
-1 10
+1 2
-1 2
+1 2
-1 2
cfi=(32) ./string/../sysdeps/x86_64/multiarch/../multiarch/strcmp-sse2.S
cfn=(94) strcmp
calls=2 98 
* 70
* 4
+2 5

fn=(106) _dl_init_paths
706 11
+14 1
-14 2
+14 2
cfi=(37) ./elf/./elf/dl-hwcaps.c
cfn=(108) _dl_important_hwcaps
calls=1 172 
* 1244
fi=(28)
56 1
fe=(30)
720 1
fi=(28)
56 1
cfi=(27)
cfn=(78)
calls=1 -20 
* 30
fe=(30)
725 1
+2 3
+8 2
-1 3
+5 3
fi=(28)
56 1
cfi=(27)
cfn=(78)
calls=1 -20 
* 30
fe=(30)
739 1
+2 4
+7 1
+8 1
+2 1
+12 2
-23 1
+9 1
+11 1
-4 1
-5 1
+3 2
+7 2
+2 2
-11 1
+11 3
-8 1
+4 1
+1 3
+1 16
cfi=(43)
cfn=(130)
calls=4 132 
* 56
+2 15
-14 3
+10 3
+4 9
-12 3
-2 3
+2 3
+4 3
-3 3
+3 3
+1 3
-2 3
+5 9
+1 6
+3 1
+15 1
-8 1
+5 1
-6 1
+9 2
+2 4
+2 3
+36 5
+2 2
cfi=(22)
cfn=(62)
calls=1 57 
* 17
* 9
-19 1
-2 1
+2 2
+19 9
cfi=(29)
cfn=(82)
calls=1 210 
* 11
* 1
+5 4
-1 2
+2 1
+1 2
-2 4
+1 13
+1 26
-2 52
+5 1
fi=(28)
56 1
cfi=(27)
cfn=(78)
calls=1 -20 
* 30
fe=(30)
836 1
fi=(28)
56 1
fe=(30)
838 2
+6 6
cfn=(132)
calls=1 468 
* 581
+3 3
+6 1
+4 8
-35 2
+5 2

fn=(88)
868 4
+8 4
-8 8
+8 4
-6 4
+12 8
-13 4
+13 4
-13 4
+13 8
+3 12
+1 8
+1 8
+3 12
+1 12
+4 4
+1 8
+22 4
+2 4
-2 8
+2 12
-20 14
+1 7
+3 14
+3 7
+1 28
fi=(31)
95 28
+7 14
+16 7
-3 14
254 8
+1 4
+2 16
+3 4
-8 6
+5 3
-4 3
+4 9
+3 3
-2 1
fe=(30)

fn=(208) open_path
1812 16
+1 2
-1 6
+1 2
+6 4
+5 34
+67 4
-74 2
+7 6
+57 2
-65 2
+65 2
+10 4
-64 4
+8 12
+7 4
-11 2
+12 2
-1 8
cfi=(29)
cfn=(126)
calls=2 197 
* 26
+1 20
+50 2
-2 4
-48 22
+3 12
+5 28
cfi=(29)
cfn=(126)
calls=4 197 
* 52
* 16
cfi=(29)
cfn=(126)
calls=4 197 
* 52
+3 8
+6 12
+3 28
cfn=(170) open_verify.constprop.0
calls=4 1572 
* 224
* 4
+2 12
+2 6
+93 18
-88 6
+1 21
+6 3
+2 6
-2 6
+2 3
cfi=(65) ./io/../sysdeps/unix/sysv/linux/stat64.c
cfn=(210) stat
calls=3 28 
* 46
* 3
+3 3
-3 6
+1 2
+9 8
+2 1
-2 2
+2 4
+44 16
+6 4
-2 2
+2 4
+3 6
1822 4
+2 4

fn=(204) _dl_dst_count
238 10
+3 5
-3 25
+7 5
-7 10
+3 5
cfi=(41) ./string/../sysdeps/x86_64/multiarch/../multiarch/strchr-sse2.S
cfn=(118) index
calls=5 32 
* 168
+3 10
+20 45

fn=(166) _dl_map_object
1967 72
+8 12
+1 24
+3 111
+5 126
+2 54
cfi=(52) ./elf/./elf/dl-misc.c
cfn=(168) _dl_name_match_p
calls=18 68 
* 2019
* 36
+4 30
+1 45
+4 6
-1 30
+1 6
+1 6
-1 6
+1 12
cfi=(32)
cfn=(94)
calls=6 98 
* 207
* 12
2270 57
2011 9
-1 6
+9 3
-50 3
+50 6
+17 6
-2 3
+2 3
cfi=(41)
cfn=(118)
calls=3 32 
* 72
* 6
2202 2
-1 3
cfn=(136)
calls=1 385 
* 175
+6 1
-7 1
+1 1
+2 2
+4 7
cfn=(170)
calls=1 1572 
* 106
+3 2
-3 1
+3 1
+12 4
+45 1
+1 5
-1 1
+1 8
cfn=(176)
calls=1 944 
* 1940
-1 2
+1 10
-1 2
+1 16
cfn=(176)
calls=2 944 
* 4412
* 9
2040 4
cfi=(22)
cfn=(62)
calls=2 57 
* 34
* 4
+2 4
+7 8
+51 26
cfn=(208)
calls=2 1812 
* 824
+6 2
-6 2
+6 4
2222 8
+46 4
682 2
2107 2
682 4
2135 4
cfi=(67) ./elf/./elf/dl-cache.c
cfn=(214) _dl_load_cache_lookup
calls=2 403 
* 2812
* 2
+2 4
+4 4
+31 2
-23 4
+23 14
cfn=(170)
calls=2 1572 
* 246
+4 4
-4 2
+4 2
+1 2
+17 4
2074 10
682 2
2075 2
682 6
2099 4
+1 4
-47 2
+1 2
696 10
2058 6
682 2
2059 2
682 4
2073 10
+1 4
+41 2
+14 4
+2 6
-47 4

fn=(170)
1572 70
+32 7
-32 14
+32 14
+19 28
cfi=(53) ./io/../sysdeps/unix/sysv/linux/open64_nocancel.c
cfn=(172) __open_nocancel
calls=7 28 
* 152
* 7
+2 14
+8 3
+1 6
+5 3
-5 3
+5 15
cfi=(54)
cfn=(174)
calls=3 25 
* 18
+2 6
+2 6
+2 6
+6 6
+17 39
+81 6
+5 6
+6 12
+6 6
+6 3
+1 3
-1 9
+1 9
+26 63
-22 13
+1 2
-1 1
+1 1
cfi=(70)
cfn=(224)
calls=1 25 
* 7
* 2
1668 6
-59 8
1777 2

fn=(136)
385 18
241 4
385 2
241 2
cfi=(41)
cfn=(118)
calls=2 32 
* 72
+3 4
410 2
-11 2
+11 12
-11 2
cfi=(44)
cfn=(138)
calls=2 40 
* 180

fl=(164) ./elf/./elf/dl-find_object.c
fn=(530) _dlfo_process_initial
474 2
+3 2
-3 6
+1 2
+3 4
+26 14
+1 6
+1 10
-1 20
+3 36
+3 32
-7 10
+27 2
-2 2
+2 6
-18 24
+3 8
-1 8
cfi=(165) ./elf/./dl-find_object.h
cfn=(528) _dl_find_object_from_map
calls=4 95 
* 247
+2 16

fn=(532) _dlfo_sort_mappings
536 1
+1 2
+3 4
+4 1
+1 1
-1 1
+1 2
-1 2
+1 2
-1 2
+1 10
+1 30
+3 3
-1 3
-3 18
+8 9
+1 6
-1 3
-13 6
+14 9
+1 6
-15 6
+17 1

fn=(526) _dl_find_object_init
561 2
+3 1
-3 3
+5 2
+13 1
cfn=(530)
calls=1 474 
* 97
+1 1
-1 1
+1 1
fi=(28)
56 1
cfi=(27)
cfn=(78)
calls=1 -20 
* 30
fe=(164)
580 1
fi=(28)
56 1
fe=(164)
582 2
+3 2
+5 1
+1 1
cfn=(530)
calls=1 474 
* 360
+3 3
+10 4
-37 2
cfi=(165)
cfn=(528)
calls=1 95 
* 68
* 1
+29 2
cfn=(532)
calls=1 -60 
* 128
+3 6
+2 1

fl=(78) ./elf/./elf/dl-lookup.c
fn=(270) _dl_lookup_symbol_x
772 900
+3 150
-3 450
+3 150
-3 600
fi=(79) ./elf/../sysdeps/generic/dl-new-hash.h
74 150
+3 300
-8 150
+1 300
+10 150
+1 300
-1 856
+1 1712
+20 935
-2 935
+6 935
-3 1870
+2 935
-30 935
+3 1870
fe=(78)
774 150
+1 150
+3 150
-4 150
+1 150
+7 576
+5 150
-2 150
+2 150
-2 150
+6 2150
+1 2100
cfn=(274) do_lookup_x
calls=150 347 
* 60790
* 450
+28 150
-23 450
+23 150
-23 300
+24 824
+7 140
-7 140
+35 560
+34 560
-20 420
+3 280
-57 150
+76 1350
fi=(79)
87 71
+1 71
+1 142
+1 71
fe=(78)
871 2
-72 60
+18 30
+11 40

fn=(276) check_match
70 2160
+3 858
+13 141
-13 141
+13 141
-13 141
+13 423
+3 590
cfi=(32)
cfn=(94)
calls=77 +9 
* 3837
* 154
+4 141
+1 282
+2 278
+19 278
+1 1112
+2 2
+43 140
+1 1152
-18 4
+2 4
+1 2
-1 4
+1 6
-1 4
-68 2
+39 414
cfi=(32)
cfn=(94)
calls=138 -19 
* 3752
* 276
-44 12
+5 6

fn=(274)
347 1350
+1 150
-1 600
+6 150
-6 150
+65 150
-58 150
+11 150
+50 150
-3 300
+3 300
-50 150
+50 600
-19 1845
+8 615
-4 615
+1 615
+3 2460
+1 1230
+3 615
-3 615
+4 1230
+4 1230
-2 615
+5 2460
+3 4305
+99 1431
358 1234
+3 1234
+4 1250
+21 1230
+4 1230
+71 1120
fi=(4) ./elf/../sysdeps/generic/ldsodefs.h
139 280
+1 420
fe=(78)
476 280
fi=(80) ./elf/../sysdeps/generic/dl-protected.h
29 560
fe=(78)
483 1044
+16 280
+1 140
+22 140
-21 140
+21 980
-99 447
-1 298
+2 298
+2 146
+6 584
-6 146
+6 1022
+7 573
-10 1655
+2 144
+1 432
-1 144
+1 288
-1 144
+1 144
+1 144
-1 144
+1 144
-1 1008
cfn=(276)
calls=144 70 
* 16457
+4 432
+3 8
+31 48
+52 10
-1 10
+1 70
-35 57

fl=(29)
fn=(82)
210 23
+1 23
+6 23
+1 23
+2 14
+1 14
+1 14
+2 8
+1 8
+1 8
+2 8
+80 9
+1 9
+2 1
+4 1
+1 1
+1 1
+1 1
+1 1
+4 1
+2 1
+39 8
+1 8
+1 8
+1 8
+1 8
+7 6
+1 6
+1 6
+1 6
+1 6
+1 6
+1 6
+11 6
+1 6
+2 6
+1 6
+1 6

fn=(126)
197 17
+1 17
+1 17
+1 17
+17 17
+1 17
+2 6
+1 6
+1 6
+2 5
+1 5
+1 5
+2 5
+80 11
+1 11
+2 2
+4 2
+1 2
+1 2
+8 2
+39 9
+1 9
+1 9
+1 9
+1 9
+7 1
+1 1
+1 1
+1 1
+1 1
+1 1
+1 1
+11 1
+1 1
+2 1
+1 1
+1 1

fl=(53)
fn=(172)
28 16
+3 8
-3 16
+3 48
+8 56
+2 8
-2 12
+2 8

fl=(51)
fn=(162)
31 6
+2 6
+9 6
+1 12
+1 6
+4 6
+1 6
+1 6
+1 6
+1 6
+2 12
+2 6
+1 6
+1 6
+2 12
+2 6
+8 6
+3 6
+1 6
+7 6
+1 6

fl=(42) ./string/../sysdeps/x86_64/multiarch/../multiarch/memcmp-sse2.S
fn=(122) bcmp
59 1
+12 1
+1 1
+22 1
+1 1
+45 1
+1 1
+2 1
+1 1
+2 1
+1 1
+2 1
+1 1
+47 1
+1 1
+1 1
+1 1
+1 1
+1 1

fl=(67)
fn=(568) _dl_unload_cache
525 1
+1 4
-1 1
+3 1
-3 1
+3 1
cfi=(140) ./misc/../sysdeps/unix/syscall-template.S
cfn=(570) munmap
calls=1 117 
* 6
+7 1
-6 1
+4 1
+2 1

fn=(222) _dl_cache_libcmp
357 22
+1 22
+32 22
-33 22
+1 48
+2 106
+2 106
-2 212
+20 208
+2 208
-12 84
+2 84
+14 84
+1 84
-29 168
+32 6
-28 4
+6 2
+2 2
-2 2
+1 2
-1 2
+1 2
-1 2
+2 6
+2 2
-3 2
+3 6
+2 4
+9 60

fn=(214)
403 20
+2 4
+3 6
+69 3
+5 2
205 2
482 4
+3 6
fi=(69) ./elf/../sysdeps/x86/dl-procinfo.h
39 4
+3 6
cfi=(32)
cfn=(94)
calls=2 +56 
* 50
* 8
fe=(67)
208 12
cfi=(11)
cfn=(28)
calls=2 387 
* 46
* 2
+12 2
-10 2
-2 2
+12 4
-7 10
+9 10
+1 2
-32 4
+36 2
-4 2
+4 4
-5 90
+1 18
-32 36
+36 18
-4 18
+4 36
+4 60
cfn=(222)
calls=20 357 
* 1438
+1 40
346 18
+3 9
220 18
347 9
220 22
+2 20
+20 4
+3 4
+2 8
cfn=(222)
calls=2 357 
* 146
* 4
-7 4
-30 6
+1 2
fi=(330) ./elf/../sysdeps/x86/dl-isa-level.h
28 4
fe=(67)
210 4
fi=(330)
28 2
fe=(67)
210 2
+1 2
-1 6
+76 6
fi=(330)
28 6
fe=(67)
259 4
+10 6
+1 8
+16 2
fi=(68) ./elf/../sysdeps/generic/dl-cache.h
125 2
fe=(67)
286 6
+9 4
+3 4
+3 2
+1 6
+28 4
500 4
+12 4
cfi=(22)
cfn=(62)
calls=2 57 
* 70
+1 2
-1 2
+1 24
+1 2
-1 2
+1 2
-1 2
+1 2
cfi=(29)
cfn=(82)
calls=2 210 
* 22
* 2
+1 2
cfi=(44)
cfn=(138)
calls=2 40 
* 190
+1 16
411 4
cfi=(52)
cfn=(216) _dl_sysdep_read_whole_file
calls=1 36 
* 103
* 1
+8 5
+1 8
+3 3
+1 1
-1 3
fi=(68)
194 1
+1 5
fe=(67)
431 1
+1 2

fl=(165)
fn=(528)
95 10
+1 10
+1 5
+6 25
+1 145
+1 100
+2 15
+5 5

fl=(32)
fn=(94)
98 338
+33 338
+1 338
+2 338
+1 338
+21 338
+1 338
+1 273
+1 273
+1 241
+1 241
+1 241
+1 241
+17 241
+1 241
+1 241
+1 241
+1 241
+1 241
+1 241
+5 15
+1 45
+9 15
+1 15
+1 15
+1 15
+1 15
+1 15
+1 15
+1 15
-7 97
+1 97
+1 97
+1 97
+1 97
+1 97
+1 97
+1 97
+1 105
+1 52
+1 52
+1 52
+2 52
+1 52
+1 52
+1 52
+1 52
+1 52
-5 53
+1 53
+1 53
+1 53
+1 53
+1 53
+10 7
+1 7
+1 7
+2 7
+6 7
+1 7
+1 7
+1 7
+1 7
+5 7
+2 2
+1 2
+1 4
+8 2
+1 2
+3 2
+1 2
+1 2
+1 2
+1 2
+1 2
+31 6
+1 6
+1 6
+1 6
+1 6
+2 6
+1 6
+1 6
+1 6
+1 6
+1 6
+1 6
+1 6
+3 6
+1 6
+1 6
+6 6
+1 6
+1 12
+4 6
+1 6
+3 6
+1 6
+1 6
+2 6
+1 6
+1 6
+4 6
+1 6
+1 6
+1 6
+1 6
+1 6
661 5
+1 5
+1 5
+1 5
+1 5
+2 5
+1 5
+1 5
+1 5
+1 5
+1 5
+1 5
+1 1
+4 1
+1 1
+1 1
+6 1
+1 1
+1 2
+4 1
+1 1
+3 1
+1 1
+1 1
+2 1
+1 1
+1 1
+4 1
+1 1
+1 1
+1 1
+1 1
+1 1
+69 3
+1 3
+1 3
+1 3
+1 3
+2 3
+1 3
+1 3
+1 3
+1 3
+1 3
+1 3
899 4
+1 4
+1 4
+1 4
+1 4
+2 4
+1 4
+1 4
+1 4
+1 4
+1 4
+1 4
+1 3
+4 3
+1 3
+1 3
+6 3
+1 3
+1 6
+4 3
+1 3
+3 3
+1 3
+1 3
+2 3
+1 3
+1 3
+4 3
+1 3
+1 3
+1 3
+1 3
+1 3
+7 1
+1 1
+2 1
+1 1
+2 1
+1 1
+1 1
+2 1
+1 1
+1 1
+4 1
+1 1
+1 1
+1 1
+1 1
+1 1
+41 4
+1 4
+1 4
+1 4
+1 4
+2 4
+1 4
+1 4
+1 4
+1 4
+1 4
+1 4
+1 3
+4 3
+1 3
+1 3
+6 3
+1 3
+1 6
+4 3
+1 3
+3 3
+1 3
+1 3
+2 3
+1 3
+1 3
+4 3
+1 3
+1 3
+1 3
+1 3
+1 3
+69 4
+1 4
+1 4
+1 4
+1 4
+2 4
+1 4
+1 4
+1 4
+1 4
+1 4
+1 4
+1 1
+4 1
+1 1
+1 1
+6 1
+1 1
+1 2
+4 1
+1 1
+3 1
+1 1
+1 1
+2 1
+1 1
+1 1
+4 1
+1 1
+1 1
+1 1
+1 1
+1 1
+69 12
+1 12
+1 12
+1 12
+1 12
+2 12
+1 12
+1 12
+1 12
+1 12
+1 12
+1 12
+1 2
+4 2
+1 2
+1 2
+6 2
+1 2
+1 4
+4 2
+1 2
+3 2
+1 2
+1 2
+2 2
+1 2
+1 2
+4 2
+1 2
+1 2
+1 2
+1 2
+1 2
+69 4
+1 4
+1 4
+1 4
+1 4
+2 4
+1 4
+1 4
+1 4
+1 4
+1 4
+1 4
+1 4
+4 4
+1 4
+1 4
+6 4
+1 4
+1 8
+4 4
+1 4
+3 4
+1 4
+1 4
+2 4
+1 4
+1 4
+4 4
+1 4
+1 4
+1 4
+1 4
+1 4
+69 8
+1 8
+1 8
+1 8
+1 8
+2 8
+1 8
+1 8
+1 8
+1 8
+1 8
+1 8
+1 7
+4 7
+1 7
+1 7
+6 7
+1 7
+1 14
+4 7
+1 7
+3 7
+1 7
+1 7
+2 7
+1 7
+1 7
+4 7
+1 7
+1 7
+1 7
+1 7
+1 7
+69 15
+1 15
+1 15
+1 15
+1 15
+2 15
+1 15
+1 15
+1 15
+1 15
+1 15
+1 15
+1 6
+4 6
+1 6
+1 6
+6 6
+1 6
+1 12
+4 6
+1 6
+3 6
+1 6
+1 6
+2 6
+1 6
+1 6
+4 6
+1 6
+1 6
+1 6
+1 6
+1 6
+7 1
+1 1
+2 1
+1 1
+2 1
+1 1
+1 1
+2 1
+1 1
+1 1
+4 1
+1 1
+1 1
+1 1
+1 1
+1 1
+41 10
+1 10
+1 10
+1 10
+1 10
+2 10
+1 10
+1 10
+1 10
+1 10
+1 10
+1 10
+1 8
+4 8
+1 8
+1 8
+6 8
+1 8
+1 16
+4 8
+1 8
+3 8
+1 8
+1 8
+2 8
+1 8
+1 8
+4 8
+1 8
+1 8
+1 8
+1 8
+1 8
+7 1
+1 1
+2 1
+1 1
+2 1
+1 1
+1 1
+2 1
+1 1
+1 1
+4 1
+1 1
+1 1
+1 1
+1 1
+1 1
+41 11
+1 11
+1 11
+1 11
+1 11
+2 11
+1 11
+1 11
+1 11
+1 11
+1 11
+1 11
+1 4
+4 4
+1 4
+1 4
+6 4
+1 4
+1 8
+4 4
+1 4
+3 4
+1 4
+1 4
+2 4
+1 4
+1 4
+4 4
+1 4
+1 4
+1 4
+1 4
+1 4
+69 19
+1 19
+1 19
+1 19
+1 19
+2 19
+1 19
+1 19
+1 19
+1 19
+1 19
+1 19
+2 4
+4 4
+1 4
+1 4
+6 4
+1 4
+2 8
+4 4
+1 4
+3 4
+1 4
+1 4
+2 4
+1 4
+1 4
+4 4
+1 4
+1 4
+1 4
+1 4
+1 4
+71 51
+2 51
+1 51
+1 51
+1 51
-3 61
+1 61
+1 61
+1 61
+1 104
+5 52
+6 52
+1 52
+8 52
+1 52
-16 286
+6 286
+1 286
+8 286
+1 286

fn=(244) strncmp
98 1
+27 1
+1 1
+1 1
+1 1
+1 1
+2 1
+1 1
+2 1
+1 1
+21 1
+1 1
+1 1
+1 1
+1 1
+1 1
+1 1
+1 1
+17 1
+1 1
+1 1
+1 1
+1 1
+1 1
+1 1
2104 1
+3 1
+1 1
+2 1
+1 1
+8 1
+1 1

fl=(169) ./elf/./elf/dl-lookup-direct.c
fn=(544) _dl_lookup_direct
74 30
+2 3
-2 6
+4 3
-4 3
+2 3
+2 9
+37 3
-37 9
+1 6
+2 12
+3 25
+2 6
-54 3
+54 3
-54 3
+54 3
-54 9
+1 9
+2 6
+1 6
+12 9
+3 3
+2 6
-2 3
+2 9
cfi=(32)
cfn=(94)
calls=3 +45 
* 209
* 6
+4 6
+1 3
-1 3
+1 18
+1 9
cfi=(32)
cfn=(94)
calls=3 +39 
* 198
* 6
+57 27
-23 6

fl=(62)
fn=(194)
25 4
+1 16
+1 4

fl=(65)
fn=(210)
28 6
+1 12
cfi=(66) ./io/../sysdeps/unix/sysv/linux/fstatat64.c
cfn=(212) fstatat
calls=3 146 
* 28

fl=(9) ./elf/../sysdeps/unix/sysv/linux/dl-sysdep.c
fn=(16) _dl_sysdep_start
102 5
+4 1
-4 1
+1 1
+3 1
cfn=(18) _dl_sysdep_parse_arguments
calls=1 -28 
* 444
+4 2
cfi=(11)
cfn=(22) __GI___tunables_init
calls=1 261 
* 30561
+3 1
cfi=(13) ./elf/./elf/dl-sort-maps.c
cfn=(26) _dl_sort_maps_init
calls=1 289 
* 38
+2 2
cfi=(14) ./elf/../sysdeps/unix/sysv/linux/brk.c
cfn=(30) brk
calls=1 -79 
* 8
fi=(6) ./elf/../sysdeps/x86_64/dl-machine.h
220 1
cfi=(15) ./elf/../sysdeps/x86/dl-get-cpu-features.c
cfn=(34) _dl_x86_init_cpu_features
calls=1 37 
* 7349
fe=(9)
-98 3
+1 1
cfi=(22)
cfn=(62)
calls=1 -66 
* 17
* 1
+2 2
cfi=(23) ./elf/../misc/sbrk.c
cfn=(64) sbrk
calls=1 -88 
* 16
* 3
+12 3
+3 5
cfi=(2)
cfn=(66) dl_main
calls=1 1346 
* 156751
+3 4

fn=(564) _dl_sysdep_start_cleanup
147 1
+1 1

fn=(18)
78 1
+2 1
-2 6
+1 1
+1 1
-1 1
+2 2
+2 1
-2 1
+2 2
-1 1
+1 2
-1 49
+1 98
+7 56
fi=(10) ./elf/../sysdeps/unix/sysv/linux/dl-parse_auxv.h
-49 1
fe=(9)
+45 1
fi=(10)
-54 1
fe=(9)
+54 1
fi=(10)
-54 1
+1 1
+1 1
+7 3
+1 44
+1 22
-2 22
+2 22
-2 67
fe=(9)
+52 3
+1 1
+1 2
fi=(10)
-49 1
+1 1
fe=(9)
+46 1
fi=(10)
-45 1
+3 1
+1 1
+1 1
+1 1
+2 1
-5 1
-4 1
+1 1
+4 1
+1 1
+3 1
-7 1
-4 1
+1 1
+8 1
fe=(9)
+40 1
-1 1
+2 1
+1 6

fl=(77) ./elf/./elf/dl-reloc.c
fn=(262) _dl_relocate_object
207 66
+1 12
+12 5
+4 20
-4 5
+6 15
+3 5
-1 5
+1 10
+22 25
+4 4
+7 6
fi=(6)
81 8
fi=(4)
-2 5
fe=(77)
301 10
fi=(4)
79 10
fe=(77)
301 9884
fi=(4)
79 2
fe=(77)
301 2
fi=(4)
79 4
fe=(77)
301 202
-80 10
fi=(6)
393 10
fe=(77)
190 5
+31 5
-31 5
fi=(6)
393 15
fi=(5) ./elf/./elf/do-rel.h
49 5
fe=(77)
301 5
fi=(5)
50 5
+30 5
-31 10
+4 5
-3 5
+3 5
-3 5
+3 15
+27 10
-31 5
fe=(77)
301 5
fi=(5)
50 5
+30 5
-31 10
+4 5
-3 5
+3 5
-3 5
+3 15
+27 10
fe=(77)
301 30
fi=(5)
51 5
fi=(4)
+28 25
fi=(6)
730 10
+4 8
fe=(77)
304 25
+24 5
+3 10
+17 15
+2 48
-98 10
+3 6
+7 3
-9 3
+9 6
fi=(6)
81 6
fi=(5)
+33 30
+9 18
+1 2
fi=(6)
498 2
fi=(5)
124 2
fi=(6)
498 4
fi=(5)
124 4
fi=(6)
498 4
fi=(5)
124 4
fi=(6)
498 8
+5 12
+1 6
fi=(5)
123 6
fi=(6)
504 6
-5 6
fi=(5)
123 12
+3 30
+3 32
+2 28
fe=(77)
+59 8
fi=(5)
73 4
fe=(77)
190 4
fi=(5)
72 4
fe=(77)
190 36
fi=(5)
-57 8
+1 4
+1 4
-2 4
+2 4
+3 4
-5 4
+2 4
-2 4
+1 8
+2 4
-2 4
+2 12
+2 8
-5 452
+1 226
+1 226
-2 226
+2 226
+3 226
-5 226
+2 226
-2 226
+1 452
+2 226
-2 226
+2 678
+2 452
+9 162
fi=(6)
267 324
+7 324
+4 324
fe=(77)
170 648
fi=(4)
-30 441
fe=(77)
+31 294
+3 294
+8 280
-8 1242
+12 272
-3 136
+1 136
+2 552
-3 4
+1 4
+2 156
+1 140
-1 140
+2 280
-1 560
+3 840
cfi=(78)
cfn=(270)
calls=140 772 
* 82357
+3 140
+1 280
-4 140
+4 700
fi=(6)
+93 582
+3 141
-3 438
+3 156
-3 156
+5 328
+25 972
423 24
fi=(5)
150 24
fi=(6)
423 270
fi=(5)
150 445
-19 932
+33 16
+1 72
+1 252
+3 136
+4 68
-1 68
-3 68
+2 136
+2 68
-2 136
fe=(77)
-1 272
fi=(6)
287 68
+3 68
-3 68
+4 136
476 136
+2 68
cfi=(15)
cfn=(546) __x86_cpu_features
calls=1 71 
* 6
cob=(3)
cfi=(162)
cfn=(518)
calls=1 26 
* 8
cob=(3)
cfi=(146)
cfn=(514)
calls=1 27 
* 9
cob=(3)
cfi=(161)
cfn=(510)
calls=1 26 
* 9
cob=(3)
cfi=(160)
cfn=(506)
calls=1 27 
* 9
cob=(3)
cfi=(159)
cfn=(502)
calls=1 26 
* 9
cob=(3)
cfi=(156)
cfn=(498)
calls=1 27 
* 8
cob=(3)
cfi=(158)
cfn=(496)
calls=1 49 
* 6
cob=(3)
cfi=(157)
cfn=(492)
calls=1 26 
* 9
cob=(3)
cfi=(156)
cfn=(488)
calls=1 35 
* 8
cob=(3)
cfi=(155)
cfn=(484)
calls=1 27 
* 9
cob=(3)
cfi=(154)
cfn=(480)
calls=1 26 
* 9
cob=(3)
cfi=(153)
cfn=(476)
calls=1 27 
* 9
cob=(3)
cfi=(151)
cfn=(472)
calls=1 27 
* 8
cob=(3)
cfi=(150)
cfn=(468)
calls=1 30 
* 9
cob=(3)
cfi=(149)
cfn=(464)
calls=1 26 
* 9
cob=(3)
cfi=(148)
cfn=(460)
calls=1 27 
* 9
cob=(3)
cfi=(147)
cfn=(456)
calls=1 27 
* 9
cob=(3)
cfi=(146)
cfn=(452)
calls=1 34 
* 9
cob=(3)
cfi=(145)
cfn=(448)
calls=1 27 
* 9
cob=(3)
cfi=(143)
cfn=(444)
calls=1 27 
* 9
cob=(3)
cfi=(141)
cfn=(440)
calls=1 26 
* 9
cob=(2)
cfi=(139)
cfn=(432)
calls=1 31 
* 21
cob=(2)
cfi=(138)
cfn=(428)
calls=1 33 
* 22
cob=(2)
cfi=(137)
cfn=(424)
calls=1 31 
* 18
cob=(2)
cfi=(136)
cfn=(422)
calls=1 29 
* 7
cob=(2)
cfi=(134)
cfn=(418)
calls=1 29 
* 23
cob=(2)
cfi=(133)
cfn=(414)
calls=1 29 
* 22
cob=(2)
cfi=(132)
cfn=(410)
calls=1 33 
* 17
cob=(2)
cfi=(131)
cfn=(406)
calls=1 29 
* 22
cob=(2)
cfi=(129)
cfn=(402)
calls=1 29 
* 24
cob=(2)
cfi=(128)
cfn=(398)
calls=1 29 
* 19
cob=(2)
cfi=(127)
cfn=(394)
calls=1 29 
* 25
cob=(2)
cfi=(100)
cfn=(390)
calls=1 31 
* 18
cob=(2)
cfi=(126)
cfn=(386)
calls=1 31 
* 21
cob=(2)
cfi=(125)
cfn=(382)
calls=1 29 
* 17
cob=(2)
cfi=(123)
cfn=(378)
calls=2 31 
* 20
cob=(2)
cfi=(121)
cfn=(374)
calls=1 29 
* 24
cob=(2)
cfi=(120)
cfn=(370)
calls=1 31 
* 25
cob=(2)
cfi=(119)
cfn=(366)
calls=1 31 
* 21
cob=(2)
cfi=(117)
cfn=(362)
calls=1 29 
* 17
cob=(2)
cfi=(116)
cfn=(360)
calls=1 60 
* 16
cob=(2)
cfi=(115)
cfn=(358)
calls=1 29 
* 7
cob=(2)
cfi=(113)
cfn=(354)
calls=1 31 
* 21
cob=(2)
cfi=(112)
cfn=(352)
calls=1 67 
* 21
cob=(2)
cfi=(110)
cfn=(348)
calls=2 31 
* 46
cob=(2)
cfi=(108)
cfn=(344)
calls=1 31 
* 19
cob=(2)
cfi=(107)
cfn=(340)
calls=1 30 
* 25
cob=(2)
cfi=(106)
cfn=(336)
calls=1 28 
* 25
cob=(2)
cfi=(104)
cfn=(332)
calls=1 29 
* 24
cob=(2)
cfi=(103)
cfn=(330)
calls=1 65 
* 19
cob=(2)
cfi=(100)
cfn=(324)
calls=2 31 
* 50
cob=(2)
cfi=(98)
cfn=(320)
calls=1 29 
* 22
cob=(2)
cfi=(96)
cfn=(316)
calls=1 31 
* 18
cob=(2)
cfi=(95)
cfn=(312)
calls=1 29 
* 25
cob=(2)
cfi=(94)
cfn=(308)
calls=1 29 
* 22
cob=(2)
cfi=(92)
cfn=(304)
calls=1 29 
* 22
cob=(2)
cfi=(91)
cfn=(300)
calls=1 29 
* 19
cob=(2)
cfi=(89)
cfn=(296)
calls=1 29 
* 24
cob=(2)
cfi=(87)
cfn=(292)
calls=1 30 
* 19
cob=(2)
cfi=(86)
cfn=(290)
calls=1 79 
* 19
cob=(2)
cfi=(85)
cfn=(288)
calls=1 29 
* 7
cob=(2)
cfi=(83)
cfn=(284)
calls=2 31 
* 50
cob=(2)
cfi=(81)
cfn=(280)
calls=1 86 
* 28
fi=(5)
165 68
fi=(6)
479 68
fi=(5)
165 145
-14 174
fi=(6)
460 6
+5 4
-1 6
+1 4
-1 2
cfi=(29)
cfn=(82)
calls=2 210 
* 22
+2 10
+1 4
-67 51
+2 68
+4 17
+9 17
-9 34
+9 17
fi=(5)
150 34
fi=(6)
320 58
+3 58
-36 75
fi=(5)
141 68
+1 68
-1 204
+2 68
fi=(6)
287 340
fe=(77)
175 63
+3 7
-1 7
+19 7
-18 14
fi=(6)
295 16
+1 24
+11 16
+7 8
cob=(2)
cfi=(163)
cfn=(522)
calls=1 64 
* 10
cob=(2)
cfi=(98)
cfn=(320)
calls=1 29 
* 22
cob=(2)
cfi=(94)
cfn=(308)
calls=1 29 
* 22
cob=(2)
cfi=(86)
cfn=(290)
calls=1 79 
* 19
cob=(2)
cfi=(89)
cfn=(296)
calls=1 29 
* 24
cob=(2)
cfi=(127)
cfn=(394)
calls=1 29 
* 25
cob=(2)
cfi=(112)
cfn=(352)
calls=1 67 
* 21
cob=(2)
cfi=(128)
cfn=(398)
calls=1 29 
* 19
* 32
fe=(77)
+42 25
+3 5
-3 5
+3 5
+4 10
+1 20
cfi=(140)
cfn=(436) mprotect
calls=5 117 
* 30
* 10
-63 9
fi=(5)
180 7
fe=(77)
+10 2
fi=(5)
73 1
fe=(77)
190 3
fi=(6)
436 7
fi=(5)
182 2
+1 2
-1 1
+3 1
-3 4
+3 2
-3 10
+1 10
-1 5
+3 5
-3 20
+3 10
+8 6
fi=(6)
+74 12
+7 12
+4 12
fe=(77)
170 24
fi=(4)
-30 18
fe=(77)
+31 12
+3 12
+8 12
-8 54
+12 12
-3 6
+1 6
+2 36
+4 24
-4 6
+4 18
cfi=(78)
cfn=(270)
calls=6 772 
* 3235
+3 6
+1 12
-4 6
+4 30
fi=(6)
+93 20
+3 2
-3 6
+3 2
-3 2
+5 4
+25 36
423 6
fi=(5)
196 18
-16 24
+31 7
fe=(77)
-33 7
-3 21

fl=(20) ./elf/../sysdeps/x86/dl-cacheinfo.h
fn=(52) intel_check_word.constprop.0
123 48
-4 72
+10 24
-10 96
+10 48
-10 24
+10 24
-10 24
+10 24
+2 48
+71 48
fi=(21) ./elf/../bits/stdlib-bsearch.h
32 24
fe=(20)
202 120
-71 96
+2 60
+2 120
+8 120
+51 96
+22 48
fi=(21)
28 48
-1 96
+2 216
+2 168
+1 84
fe=(20)
+78 168
+3 324
fi=(21)
-78 264
-6 528
+2 480
+1 240
fe=(20)
+78 480
+15 12
246 144
fi=(21)
37 120
fe=(20)
155 36
+3 36
-6 12
+3 39
+9 18
+23 21
-32 63
+3 63
+4 58
+2 116
+3 84
+1 48
+1 48
+1 30
+2 11
+2 22
+6 14
+3 8
+1 12
-20 15
+12 4
+2 4
+1 4
-2 4
-1 4
+2 8
-2 4
+3 4
-2 12
+2 12
+11 2
-9 12

fn=(50) handle_intel.constprop.0
255 24
-5 12
+17 12
-17 96
+11 12
+1 12
+5 36
+4 24
+34 96
-29 12
+3 24
-3 12
+3 36
cfn=(52)
calls=12 123 
* 4092
+2 24
+3 60
cfn=(52)
calls=12 123 
* 1272
+2 24

fn=(56) get_common_cache_info.constprop.0
571 11
+17 1
+1 1
+9 1
-12 1
+2 1
+2 1
+8 1
-11 1
+3 1
+11 2
-5 3
+17 1
+5 3
+4 2
770 5
+1 5
+4 2
+8 1
-1 1
+1 1
+1 1
+1 7
627 5
+3 6
-32 5
+75 4
+8 5
+2 2
-2 1
+6 3
+3 1
+1 5
-4 4
+21 2
-21 4
+2 1
+2 4
-4 1
+6 4
+3 2
+5 1
+2 2
+1 1
+1 1
-2 2
+1 1
-19 4
+46 2
+1 1
+1 2
+1 1
+25 3
630 3
+10 6
+14 2
+4 1
+3 1
+1 1
-4 2
+3 3
+6 4
-37 12
+7 6
-7 3
+7 2
+3 20
+5 2
+4 1
+1 1
-1 2
+1 1
+61 2
+7 1
+2 2
-16 1
+22 1
-6 2
+1 1
+5 1
-30 5

fl=(49) ./string/../string/strcspn.c
fn=(156) strcspn
32 6
+1 3
+1 2
+5 6
+1 4
+1 4
+1 4
+2 1
+3 3
+1 2
-1 6
+1 4
+3 4
+1 4
+1 4
+1 4
+2 3
+6 1
-1 1
+1 1
+2 2
-1 2
+2 1
+2 6
-5 11
-1 11
+1 11
+2 22
-1 22
+2 11
+2 66
+2 1
+1 3
+1 2
-1 1
+1 1

fl=(52)
fn=(216)
36 2
+3 1
-3 7
+3 1
-3 2
+3 1
cfi=(53)
cfn=(172)
calls=1 -11 
* 20
+1 2
+23 8
-21 4
cfi=(55)
cfn=(178)
calls=1 -12 
* 6
* 2
+2 2
+3 2
+13 2
cfi=(62)
cfn=(194)
calls=1 -35 
* 6
* 1
-11 6
cfi=(57)
cfn=(182)
calls=1 -2 
* 26
* 2

fn=(168)
68 273
+1 78
cfi=(32)
cfn=(94)
calls=39 +29 
* 1283
* 78
+3 39
+2 78
+6 39
-6 78
+1 141
cfi=(32)
cfn=(94)
calls=47 +23 
* 1794
* 94
+8 8
-13 8
+13 55
-1 31
+1 93

fl=(7)
fn=(12) __rtld_malloc_init_stubs
42 1
+1 2
+1 2
+1 2
+1 2
+1 1

fn=(538) lookup_malloc_symbol
61 8
+3 4
-3 12
+3 4
-3 12
+3 4
-3 4
+2 4
+1 16
cfi=(78)
cfn=(270)
calls=4 772 
* 2368
+4 28
+1 28
+2 4
fi=(167) ./elf/./dl-sym-post.h
-30 8
+12 12
fe=(7)
+19 24

fn=(134)
239 2
+3 4
+2 2
+1 4
+4 3
-2 2
+4 28
+5 84
-2 56
+13 1
+4 4
-22 14
+15 14
-15 30

fn=(534) __rtld_malloc_init_real
76 2
+10 1
fi=(166) ./elf/../sysdeps/generic/dl-hash.h
-41 1
-1 1
fe=(7)
+32 8
+11 1
-1 1
fi=(166)
-43 1
+5 3
+14 4
-17 3
+3 15
+14 20
-17 15
fe=(7)
+46 2
fi=(166)
-24 1
fe=(7)
+22 1
+2 2
fi=(166)
-19 1
fe=(7)
+19 1
cfn=(538)
calls=1 -30 
* 617
+1 3
-1 1
+1 1
cfn=(538)
calls=1 -31 
* 606
+1 3
-1 1
+1 1
cfn=(538)
calls=1 -32 
* 691
+1 3
-1 1
+1 1
cfn=(538)
calls=1 -33 
* 626
+5 1
+1 1
+1 1
+1 1
+1 8

fl=(314)
fn=(1184)
26 5
+17 1
-17 6
+20 13
+3 2
cob=(2)
cfi=(315)
cfn=(1186)
calls=1 +28 
* 44
+2 1
+3 2
+2 5
+7 3
-2 1
+2 1
cfi=(48)
cfn=(566) _dl_audit_activity_nsid
calls=1 -22 
* 11
+5 15
+5 1
-5 1
+5 3
+2 10
+2 10
+2 10
+1 5
+1 5
+4 5
-12 15
+14 6
+1 4
+6 6
cfi=(13)
cfn=(232) _dl_sort_maps
calls=1 298 
* 398
+9 2
cob=(2)
cfi=(316)
cfn=(1188)
calls=1 367 
* 34
+5 6
+2 1
+2 2
-2 4
+2 8
+2 20
cfi=(317) ./elf/./elf/dl-call_fini.c
cfn=(1190) _dl_call_fini
calls=5 -90 
* 469
+3 10
cfi=(48)
cfn=(1216) _dl_audit_objclose
calls=5 -20 
* 25
-9 10
+14 5
-14 15
+18 3
cfi=(48)
cfn=(566)
calls=1 -85 
* 11
* 2
+6 4
+2 1
-2 2
+6 2
+7 8
-77 2

fl=(37)
fn=(108)
172 6
+3 1
-3 3
+3 1
-3 5
+2 1
cfi=(38) ./elf/../sysdeps/x86_64/dl-hwcaps-subdirs.c
cfn=(110) _dl_hwcaps_subdirs_active
calls=1 29 
* 49
+1 1
fi=(40) ./elf/./dl-hwcaps.h
43 1
fe=(37)
174 1
fi=(40)
45 2
+32 1
+1 1
+1 1
fe=(37)
-27 2
cfi=(39) ./elf/./elf/dl-hwcaps_split.c
cfn=(114) _dl_hwcaps_split_masked
calls=1 -1 
* 23
* 2
fi=(40)
-9 1
+2 1
-2 1
+34 2
+1 2
+1 1
fe=(37)
-24 2
-1 2
+1 2
+1 2
+1 2
-5 4
cfi=(39)
cfn=(114)
calls=2 -1 
* 130
* 2
cfi=(39)
cfn=(114)
calls=1 -1 
* 125
* 6
+48 4
fi=(28)
-44 2
cfi=(27)
cfn=(78)
calls=1 -20 
* 30
fe=(37)
+46 2
-2 1
+2 1
+3 1
+3 1
fi=(40)
-65 1
+2 1
fe=(37)
+67 1
fi=(40)
-66 1
fe=(37)
+66 2
cfi=(39)
cfn=(120) _dl_hwcaps_split
calls=1 -87 
* 13
* 2
fi=(40)
-69 1
+2 1
-2 1
+34 2
+1 2
+1 1
fe=(37)
+48 10
+1 4
+1 2
+1 2
-1 2
-4 4
cfi=(39)
cfn=(114)
calls=2 -74 
* 130
* 2
cfi=(39)
cfn=(114)
calls=1 -74 
* 125
* 6
+8 3
+9 5
+3 8
-2 6
+14 1
+4 1
+1 1
+1 1
-20 3
+19 1
+1 1
-20 2
+8 2
+4 2
-4 3
+4 2
cfi=(42)
cfn=(122)
calls=1 -96 
* 19
+1 3
-14 8
+47 1
-4 2
+4 2
-3 1
+7 1
-7 2
+7 1
fi=(28)
56 1
cfi=(27)
cfn=(78)
calls=1 -20 
* 30
* 1
fe=(37)
194 2
+8 1
fi=(40)
43 1
fe=(37)
201 1
80 1
fi=(40)
-35 1
fe=(37)
+35 1
202 1
fi=(40)
77 1
+1 1
fe=(37)
202 3
fi=(40)
79 1
fe=(37)
-2 2
cfi=(39)
cfn=(114)
calls=1 -26 
* 23
* 2
fi=(40)
-34 1
+2 1
fe=(37)
+35 2
fi=(40)
-37 1
+34 2
+1 2
+1 3
fe=(37)
+1 4
+7 2
-7 8
cfi=(29)
cfn=(126)
calls=2 197 
* 26
+4 2
+2 2
+2 2
-2 4
-9 4
cfi=(39)
cfn=(114)
calls=2 -26 
* 130
* 2
cfi=(39)
cfn=(114)
calls=1 -26 
* 125
* 6
213 2
-5 1
+1 1
-1 1
+5 1
+3 9

fl=(64)
fn=(206)
61 30
+7 5
-4 15
+1 5
-1 35
cfi=(30)
cfn=(166)
calls=5 1967 
* 11181
* 5
+5 15

fn=(202) _dl_map_object_deps
143 4
+1 2
-1 1
+1 1
-1 2
+1 1
-1 1
+1 1
-1 4
+1 3
-1 1
+1 7
-8 1
+8 2
-8 1
-6 1
-2 1
+16 1
-8 1
-7 1
+1 1
+6 1
+24 4
-28 3
-2 1
+31 1
-33 2
+2 2
+30 2
-30 1
-1 4
+7 4
+24 3
+28 3
-6 1
+46 1
fi=(72) ./elf/../include/scratch_buffer.h
77 1
fe=(64)
+87 1
fi=(72)
-87 1
+1 1
fe=(64)
184 1
+44 4
-31 1
-4 1
+4 6
-4 4
+4 8
+11 14
-18 2
+18 4
417 10
+2 3
+3 3
-3 9
+3 3
-3 3
fi=(28)
56 3
cfi=(27)
cfn=(78)
calls=3 -20 
* 90
fe=(64)
423 9
fi=(28)
56 3
fe=(64)
423 3
+6 3
+1 15
cfi=(29)
cfn=(82)
calls=3 210 
* 33
+1 15
cfi=(29)
cfn=(82)
calls=3 210 
* 33
+3 3
+1 6
+4 15
188 8
442 12
-1 5
+1 10
183 6
+27 12
+7 3
+4 3
-6 3
+1 3
+1 3
+1 6
+3 9
-2 3
-29 15
+32 184
+6 20
cfi=(30)
cfn=(204)
calls=5 +10 
* 283
* 15
+4 10
-2 5
+2 10
cfi=(50)
cfn=(160)
calls=5 -28 
* 11621
+1 10
+9 5
+2 10
+5 15
+6 3
+2 3
-8 6
+3 3
+1 3
+1 3
+1 3
+4 3
-3 3
+3 9
+4 15
+1 9
-43 377
+7 10
+38 261
fi=(72)
85 3
fe=(64)
448 5
+1 1
+3 4
+11 5
fi=(28)
56 1
cfi=(27)
cfn=(78)
calls=1 -20 
* 30
fe=(64)
465 3
fi=(28)
56 1
fe=(64)
465 1
+5 2
+1 1
-1 3
+4 3
-2 2
+13 4
+5 4
-16 12
+11 4
-7 4
+7 4
-2 8
-5 1
+7 1
-2 2
+2 1
-11 1
+11 1
+5 1
-16 3
+21 3
+37 2
+15 2
-14 2
+20 1
-1 4
+1 4
-1 5
cfi=(13)
cfn=(232)
calls=1 298 
* 349
+5 1
+2 1
+1 1
+1 2
-2 1
+2 1
+7 3
+3 2
+3 8
198 32
+3 3
fi=(72)
-70 12
cfi=(71)
cfn=(228)
calls=3 30 
* 75
fe=(64)
+70 9
+4 6
547 4
cfi=(29)
cfn=(82)
calls=1 210 
* 19
* 3
-53 2
144 2

fl=(2)
fn=(238)
674 2
+2 1
-2 4
+2 3
cfi=(73) ./elf/./elf/dl-version.c
cfn=(240) _dl_check_all_versions
calls=1 392 
* 9220
* 2
+4 3

fn=(66)
1346 2
197 1
1346 11
199 1
302 1
+1 1
197 1
+99 3
1357 1
cfi=(24)
cfn=(68)
calls=1 53 
* 17
2749 1
2538 1
2749 2
2598 1
+2 2
+15 1
-13 2
cfi=(25) ./elf/./elf/dl-environ.c
cfn=(70) _dl_next_ld_env_entry
calls=1 28 
* 53
* 4
cfi=(25)
cfn=(70)
calls=2 28 
* 291
* 9
+4 6
-2 2
+2 6
+1 2
-1 6
+1 17
-1 89
+9 12
2727 3
1373 1
+1 2
-1 2
+1 2
2687 3
-47 2
+10 2
1637 9
cfi=(26)
cfn=(72)
calls=1 59 
* 210
* 1
+2 2
+1 3
+6 1
-5 2
+1 3
+4 1
cfi=(26)
cfn=(84)
calls=1 31 
* 42
+1 2
1116 1
-1 1
1351 1
1143 1
-21 2
+21 2
-19 1
+1 1
-3 1
+21 2
+57 1
-82 1
+25 1
-3 1
+4 1
+19 1
+37 4
-56 102
+56 4
-1 4
+1 8
-1 4
+2 8
+1 1
+2 12
+1 14
+4 8
+1 8
+1 4
+4 12
-72 27
1253 2
+1 22
+6 4
cfi=(30)
cfn=(88)
calls=1 868 
* 90
-7 26
+1 13
+6 13
-6 26
fi=(31)
235 4
+1 2
-87 4
fe=(2)
1148 1
-5 1
+5 2
-5 2
+30 1
-9 2
+2 1
-3 1
+10 2
+18 2
-38 2
-10 1
+10 1
+1 9
-11 2
+1 14
1247 1
1143 1
1247 2
1143 3
1266 4
+3 3
+2 3
1672 3
+2 2
-1 1
+1 1
+1 3
-2 2
cfi=(32)
cfn=(94)
calls=1 98 
* 25
* 2
+7 1
+3 1
-5 1
+3 1
+2 1
+1 2
+4 2
+2 2
fi=(3) ./elf/./get-dynamic-info.h
39 4
+4 1
+2 1
+9 1
+1 1
-10 2
+23 27
-23 108
+4 54
+3 6
-1 12
+3 24
+1 20
fe=(2)
1243 1
1143 1
1243 1
1143 2
fi=(3)
72 4
+43 2
+7 3
+1 4
+6 3
+18 4
+5 2
+2 2
+2 2
+2 2
+1 2
+3 4
+2 3
+1 2
+9 2
+6 2
+1 3
+3 3
fe=(2)
1698 4
+7 2
cfi=(8)
cfn=(14)
calls=1 25 
* 27
+3 2
fi=(33) ./elf/./setup-vdso.h
24 2
fi=(36) ./elf/./dl-main.h
+85 2
fi=(35) ./elf/../sysdeps/unix/sysv/linux/dl-vdso-setup.h
-64 1
fi=(36)
+64 3
cfi=(30)
cfn=(106)
calls=1 706 
* 2322
fe=(2)
1733 3
cfi=(45)
cfn=(144) _dl_debug_initialize
calls=1 56 
* 34
+7 1
-5 1
-2 1
+7 1
+4 1
+1 1
+2 1
-3 3
+1 2
+3 1
+11 1
-13 1
+13 1
+1 2
+5 1
-3 2
+2 1
+1 2
+5 3
+1 5
-1 2
224 1
+1 1
-1 1
+1 3
+1 2
1788 2
+5 1
-1 1
1352 1
1793 1
+24 1
cfi=(46)
cfn=(146) _dl_count_modids
calls=1 192 
* 6
* 1
fi=(47) ./elf/../sysdeps/generic/dl-debug.h
29 4
+1 1
fe=(2)
1823 1
+1 1
cfi=(45)
cfn=(150) _dl_debug_state
calls=1 116 
* 2
+1 1
+4 3
cfi=(48)
cfn=(152) _dl_audit_activity_map
calls=1 29 
* 17
+5 3
+2 1
+2 2
+9 2
+16 4
cfi=(63) ./io/../sysdeps/unix/sysv/linux/access.c
cfn=(200) access
calls=1 25 
* 9
* 2
+76 4
+16 3
85 1
1965 1
85 2
1965 1
85 1
1965 5
85 1
1965 2
cfi=(64)
cfn=(202)
calls=1 143 
* 14057
92 1
+9 1
1971 1
92 2
+9 2
1971 2
+1 6
-1 4
+1 8
-1 16
+4 3
+1 2
+1 1
+2 18
+1 8
+46 1
-42 2
+8 3
+1 2
+2 1
+2 3
+2 1
-4 1
+5 1
-1 2
+14 2
+1 2
+1 3
-25 1
+36 2
+2 1
-2 1
+2 2
-2 1
+1 2
+1 1
-1 2
+1 1
cfi=(50)
cfn=(236)
calls=1 186 
* 9257
+10 1
+1 1
-1 1
+1 1
+3 2
837 1
fi=(331) ./elf/../sysdeps/unix/sysv/linux/dl-osinfo.h
39 2
fe=(2)
839 1
fi=(331)
52 1
fe=(2)
848 1
+7 1
-5 1
2047 3
2246 2
+4 1
-4 1
+10 1
-6 1
+6 1
-6 1
+9 2
+8 2
fi=(31)
36 2
+1 3
+3 3
+13 7
-13 4
+9 8
-9 1
+9 20
+4 16
-16 15
+34 1
fe=(2)
2279 1
fi=(31)
71 1
cfi=(76)
cfn=(260) _dl_cet_check
calls=1 361 
* 55
fe=(2)
2282 1
-3 2
+5 1
-2 2
+2 2
+1 6
cfi=(77)
cfn=(262)
calls=1 207 
* 71333
85 2
2292 1
85 2
2292 1
+1 20
+2 10
+5 10
+2 10
+6 5
+2 10
+1 32
cfi=(77)
cfn=(262)
calls=4 207 
* 46906
+4 12
+1 2
-23 1
+23 1
cfi=(46)
cfn=(438) _dl_add_to_slotinfo
calls=1 1017 
* 28
-23 3
92 3
+1 1
2325 1
93 1
2325 1
+4 4
+2 1
+7 4
cfi=(46)
cfn=(524) _dl_allocate_tls_init
calls=1 523 
* 149
+3 2
+4 3
+2 2
+33 3
cfi=(170) ./elf/./elf/dl-call-libc-early-init.c
cfn=(548) _dl_call_libc_early_init
calls=1 27 
* 603
+7 1
cfi=(9)
cfn=(564)
calls=1 147 
* 2
+3 3
cfi=(48)
cfn=(566)
calls=1 41 
* 11
+4 2
cfi=(45)
cfn=(196)
calls=1 38 
* 7
+1 1
-1 1
+2 1
cfi=(45)
cfn=(150)
calls=1 116 
* 2
+1 1
+4 1
cfi=(67)
cfn=(568)
calls=1 525 
* 19
+5 8
2304 1
+1 1
-3 2
226 2
-2 1
+1 1
1773 1
+6 1
-6 2
+6 1
fi=(3)
56 5
+3 4
fi=(34) ./elf/../sysdeps/unix/sysv/linux/dl-vdso.h
-19 2
+1 5
fi=(35)
-11 1
+3 1
+3 1
+3 1
fi=(34)
+16 2
fi=(3)
+17 3
+12 3
+1 5
+1 5
+1 5
+1 4
+1 5
+1 5
+1 5
+12 2
+7 1
-7 7
+7 2
fe=(2)
1743 4
2357 1
cfi=(164)
cfn=(526)
calls=1 561 
* 723
+5 3
cfi=(7)
cfn=(534)
calls=1 76 
* 2651
+3 1
cfi=(168) ./elf/../sysdeps/nptl/dl-mutex.c
cfn=(542) __rtld_mutex_init
calls=1 30 
* 503
85 1
2371 1
+1 3
85 3
2372 2
cfi=(77)
cfn=(262)
calls=1 207 
* 1699
92 3
+9 3
2687 2
+2 1
+1 1
-1 1
+1 1
+1 1
2040 2
cfn=(246) init_tls
calls=1 734 
* 836
* 2
2650 2
+2 2
+1 1
fi=(3)
62 4
+2 4
fe=(2)
1943 10
85 1
1842 2
85 3
1842 2
cfn=(154) handle_preload_list
calls=1 869 
* 3084
* 1
92 3
+9 3
1943 6
+1 1
-1 1
+4 3
+1 1
+1 2
+1 2
-7 2

fn=(154)
869 11
+5 1
-5 2
+5 2
-4 3
+7 3
cfi=(49)
cfn=(156)
calls=1 32 
* 240
* 1
+1 3
+9 1
183 1
889 2
183 2
891 2
-80 1
+5 1
-6 1
-4 1
+10 2
-6 1
+4 1
+2 2
-5 1
+1 1
+4 1
cfi=(50)
cfn=(158)
calls=1 254 
* 2754
+1 3
+8 3
+67 1
-18 2
+21 9
-15 4
cfi=(29)
cfn=(82)
calls=1 210 
* 19
+1 2

fn=(2)
517 16
85 1
547 4
85 1
543 1
fi=(6)
55 1
fe=(2)
+30 1
546 1
85 1
fi=(3)
-40 1
fe=(2)
546 1
fi=(3)
45 2
+23 18
-23 72
+4 36
+3 5
-1 10
+3 20
+1 16
+1 5
fi=(4)
+23 1
fi=(3)
+31 1
-38 3
+12 4
+1 3
+1 4
+1 4
+1 5
+1 3
+1 4
+1 4
+12 7
+7 2
-51 4
+64 3
+6 3
+1 3
+3 2
+1 3
+5 5
+3 5
fe=(2)
563 154
fi=(4)
79 1
fe=(2)
563 1
fi=(4)
79 2
fe=(2)
563 27
fi=(6)
287 3
fi=(5)
49 1
fe=(2)
563 1
fi=(5)
50 1
-1 2
+4 1
-3 1
+3 4
+3 2
-7 1
fe=(2)
563 1
fi=(5)
50 1
-1 2
+4 1
-3 1
+3 4
+3 2
+7 3
+2 3
-2 6
fi=(6)
278 3
fi=(5)
64 6
fi=(6)
278 6
+9 24
+3 6
+1 6
+26 8
+6 2
fi=(5)
61 13
fe=(2)
563 6
fi=(5)
51 1
fi=(4)
+28 2
fi=(3)
-17 4
+2 4
fe=(2)
565 1
+13 1
cfi=(7)
cfn=(12)
calls=1 42 
* 10
458 2
85 1
476 2
85 3
476 1
cfi=(8)
cfn=(14)
calls=1 25 
* 27
+2 1
+16 2
-17 1
+11 1
-10 1
+16 1
cfi=(9)
cfn=(16)
calls=1 102 
* 195221
* 1
+2 2
+89 9
fi=(3)
103 3
fe=(2)

fn=(164)
641 2
+2 1
-2 4
+2 1
+1 2
-1 2
+1 3
cfi=(30)
cfn=(166)
calls=1 1967 
* 2643
* 1
+2 3

fn=(246)
734 1
+6 1
-6 3
+2 2
+4 2
+11 1
fi=(28)
44 1
fe=(2)
746 1
+4 1
fi=(28)
44 1
cfi=(27)
cfn=(74)
calls=1 +36 
* 41
fe=(2)
761 1
-12 1
+6 1
-9 1
+11 1
+4 1
+2 3
-1 2
+3 10
+4 1
+2 1
-2 2
-5 1
-1 2
+10 3
+3 2
cfi=(46)
cfn=(248) _dl_tls_static_surplus_init
calls=1 97 
* 86
+3 1
cfi=(46)
cfn=(250) _dl_determine_tlsoffset
calls=1 216 
* 79
+7 1
cfi=(46)
cfn=(252) _dl_allocate_tls_storage
calls=1 417 
* 469
* 1
+1 2
+6 1
fi=(74) ./elf/../sysdeps/generic/dl-call_tls_init_tp.h
31 2
fe=(2)
793 1
fi=(74)
31 6
+2 1
cfi=(24)
cfn=(256)
calls=1 +35 
* 79
fe=(2)
800 1
-3 1
+3 4
-36 4
-1 9

fl=(16) ./elf/../sysdeps/x86/cpu-features.c
fn=(36) init_cpu_features.constprop.0
682 1
+17 1
-17 7
+3 1
+1 1
+1 1
+3 1
+9 2
+3 6
1001 3
+1 2
+3 2
+1 2
+6 1
+1 1
+1 1
+1 1
fi=(20)
792 1
+1 1
+2 1
+14 2
+85 1
+1 1
+15 1
-5 1
+5 1
-10 1
-6 1
+2 1
+14 1
-15 1
+2 1
-1 1
+2 1
-1 1
+2 1
-1 1
+1 1
+2 1
+1 1
+1 1
+1 1
+35 2
-15 3
+8 2
+27 6
+9 2
+19 2
+8 6
cfi=(11)
cfn=(28)
calls=1 387 
* 23
* 1
+2 2
+3 4
cfi=(11)
cfn=(28)
calls=1 387 
* 23
* 1
+2 2
+3 4
cfi=(11)
cfn=(28)
calls=1 387 
* 23
* 1
+1 5
+16 2
-12 5
cfi=(11)
cfn=(28)
calls=1 387 
* 23
* 1
+1 3
+6 3
+3 1
-3 2
cfi=(11)
cfn=(28)
calls=1 387 
* 23
* 1
+3 5
-3 1
+3 5
cfi=(11)
cfn=(58) __GI___tunable_set_val
calls=1 153 
* 62
+1 10
cfi=(11)
cfn=(58)
calls=1 153 
* 62
+1 11
cfi=(11)
cfn=(58)
calls=1 153 
* 62
+3 10
cfi=(11)
cfn=(58)
calls=1 153 
* 62
+2 10
cfi=(11)
cfn=(58)
calls=1 153 
* 62
+13 1
+2 1
fe=(16)
-23 1
fi=(20)
+21 1
+3 1
fe=(16)
-24 1
fi=(20)
+26 1
-5 1
+2 1
-2 1
+3 1
fe=(16)
-24 1
fi=(20)
+25 1
+3 1
-1 1
fe=(16)
-27 1
cfi=(11)
cfn=(28)
calls=1 387 
* 22
+3 4
cfi=(11)
cfn=(28)
calls=1 387 
* 24
+6 3
+54 1
-1 1
+1 1
+45 4
cfi=(11)
cfn=(28)
calls=1 387 
* 22
+2 4
cfi=(11)
cfn=(28)
calls=1 387 
* 22
+6 4
cfi=(11)
cfn=(28)
calls=1 387 
* 24
+7 8
fi=(20)
974 12
fe=(16)
+68 1
-1 2
+1 3
+44 3
+27 2
-10 2
+1 2
+2 3
+1 2
+2 3
+1 2
fi=(20)
811 2
cfn=(50)
calls=1 255 
* 455
+1 1
-1 1
+1 1
cfn=(50)
calls=1 255 
* 503
+1 1
-1 1
+1 1
cfn=(50)
calls=1 255 
* 530
+4 1
-4 1
+1 2
+3 1
cfn=(50)
calls=1 255 
* 476
+2 1
-2 1
+2 1
cfn=(50)
calls=1 255 
* 468
+3 1
-3 1
+1 2
+2 1
cfn=(50)
calls=1 255 
* 446
+2 1
-2 1
+2 1
cfn=(50)
calls=1 255 
* 447
+3 1
-2 1
-1 1
+3 1
cfn=(50)
calls=1 255 
* 494
+2 1
-2 1
+2 1
cfn=(50)
calls=1 255 
* 495
+1 1
+2 1
-3 1
+1 1
+2 1
cfn=(50)
calls=1 255 
* 521
+2 1
-2 1
+2 1
cfn=(50)
calls=1 255 
* 522
+2 1
-2 1
+2 1
cfn=(50)
calls=1 255 
* 523
+2 4
-2 1
+2 1
cfn=(56)
calls=1 571 
* 223
+93 1
-6 3
+6 1
-6 2
+6 2
-6 2
+6 2
-1 2
fe=(16)
708 6
cfn=(38) get_common_indices.constprop.0
calls=1 398 
* 74
376 3
+1 2
+1 6
+5 2
713 1
cfn=(42) update_active.constprop.0
calls=1 72 
* 222
+2 1
+2 1
1015 1
715 2
878 2
+7 2
+2 2
+4 2
+6 2
+2 1
706 2
-3 1
384 6
+5 2
+1 7
717 1
fi=(20)
987 1
-48 1
fe=(16)
717 1
fi=(20)
987 2
fe=(16)
717 6
+4 7
+78 1
-25 3
+92 2
+3 2
fi=(20)
+38 1
fe=(16)
-37 1
-89 2
+51 2

fn=(38)
398 3
+4 4
+3 3
+5 2
-5 1
+5 1
-5 1
+4 1
+1 1
+1 4
+1 4
+1 3
+1 2
+7 2
+2 5
+5 1
-5 1
+5 1
-5 1
+5 1
-5 2
+5 1
+7 1
-7 4
+7 1
+1 3
+6 1
-6 4
+6 1
fi=(17) ./elf/../sysdeps/unix/sysv/linux/x86/dl-minsigstacksize.h
24 2
+3 2
+1 2
+37 3
+7 1
+2 1
fe=(16)
457 3

fn=(42)
72 8
+4 1
+10 1
+9 1
+9 1
-19 1
-1 1
+29 1
-4 1
-24 1
+9 1
+9 1
+9 1
-28 2
+25 1
-15 1
-9 1
+9 1
+9 1
+9 1
-3 1
+7 1
-13 1
+9 1
+4 2
-22 1
+22 2
-13 1
+6 1
+3 1
+5 1
+12 1
-8 1
-4 1
+7 1
-3 4
+1 1
+2 1
-2 2
+1 3
+5 1
+2 1
-2 4
+1 1
+1 1
-1 2
+1 1
-1 1
+3 2
+1 4
+14 2
356 2
+4 3
fi=(18) ./elf/../sysdeps/unix/sysv/linux/x86/dl-hwcap2.h
25 2
fi=(19) ./elf/../sysdeps/x86/get-isa-level.h
+5 1
-2 1
+2 3
fe=(16)
369 1
+1 8
151 2
+1 2
-1 5
+1 2
+2 3
+90 1
+1 1
-1 2
+17 4
+16 2
+5 1
-1 2
+4 4
+4 2
+4 3
+1 2
+3 1
-1 1
+9 1
-5 1
+2 1
-2 1
+5 1
+51 1
fi=(19)
31 1
fe=(16)
356 2
fi=(19)
32 3
+4 3
fe=(16)
158 4
+3 1
+3 2
+14 1
+2 1
+10 3
-12 1
+12 1
-12 1
+2 2
-2 1
+2 1
+8 1
-8 1
+6 3
+2 1
-2 1
+2 3
+7 5
fi=(19)
39 2
+1 4
-2 1
+7 4
+2 1
+1 2
+3 5
+2 4
+1 2
+1 2
+3 1
-1 1
+1 3
fe=(16)
171 1
-5 2
+4 1

fl=(170)
fn=(548)
27 1
+2 2
-2 1
+6 3
-6 3
+6 1
-6 2
+6 1
cfi=(169)
cfn=(544)
calls=1 +41 
* 225
+4 2
+2 3
+2 1
-1 1
-1 1
+2 2
-1 1
cob=(2)
cfi=(171)
cfn=(550)
calls=1 -7 
* 353

fl=(14)
fn=(30)
36 1
fi=(332) ./elf/../sysdeps/unix/sysv/linux/brk_call.h
-12 2
fe=(14)
+13 1
+1 2
+6 1
+1 1

fl=(178)
fn=(582) call_init.part.0
26 60
+17 5
+3 5
-3 10
+3 10
+5 8
+8 12
+1 12
cob=(4)
cfi=(176)
cfn=(604) 0x000000000485f000
calls=1 -60 
* 7
cob=(4)
cfi=(176)
cfn=(584) 0x000000000483d000
calls=1 -60 
* 7
+3 4
+1 8
+6 6
+2 6
-2 3
+3 19
+1 4
cob=(2)
cfi=(183)
cfn=(602)
calls=1 545 
* 12
* 12
cob=(3)
cfi=(184)
cfn=(608)
calls=1 -74 
* 12
cob=(2)
cfi=(180)
cfn=(594)
calls=1 -28 
* 79
cob=(5) /usr/libexec/valgrind/vgpreload_core-amd64-linux.so
cfi=(179) ???
cfn=(588) 0x0000000000001110
calls=1 -74 
* 12
-1 12
+3 40
-29 2

fn=(580)
81 13
+1 1
+1 1
+3 3
+8 2
+25 1
+1 8
+1 10
-92 10
+6 15
+2 22
+83 8
cfn=(582)
calls=4 -94 
* 290
* 8
+7 8
-98 2
+60 2
-54 3
+2 7
cfn=(582)
calls=1 -11 
* 77
* 2

fl=(73)
fn=(242) _dl_check_map_versions
155 50
+15 15
+2 25
+2 5
+1 5
+2 10
+3 6
-16 6
+20 3
-4 3
-24 3
+28 21
+16 6
36 3
200 3
36 21
200 4
36 2
200 2
36 14
+1 16
-1 32
+2 63
cfi=(52)
cfn=(168)
calls=21 +30 
* 2151
* 47
208 15
+5 5
fi=(333) ./elf/../sysdeps/generic/_itoa.h
76 15
fe=(73)
213 10
+4 10
+1 10
-1 10
+4 5
-3 5
+3 5
-3 15
-1 28
+1 28
-1 28
+4 14
-3 14
+3 14
-3 92
56 76
+8 57
+6 57
+16 19
+1 38
+2 19
+5 133
+14 534
+12 744
+4 248
-30 496
231 76
+3 57
+5 14
-24 14
110 19
+3 95
cfi=(32)
cfn=(94)
calls=19 -15 
* 687
* 57
224 57
+1 3
cfi=(32)
cfn=(94)
calls=1 98 
* 71
* 2
+3 12
+15 15
+5 2
-50 2
+59 15
+3 6
+3 21
+3 12
+4 3
-7 12
+3 9
+4 59
-7 236
+3 180
+8 9
+6 8
fi=(28)
44 4
fe=(73)
280 8
fi=(28)
44 4
cfi=(27)
cfn=(74)
calls=4 +36 
* 164
fe=(73)
281 8
-2 4
fi=(28)
44 4
fe=(73)
281 4
+13 4
-3 4
+3 16
+2 8
+3 12
+4 15
+7 19
+1 19
-1 57
+1 19
+1 19
-2 19
+2 38
+1 57
+3 57
+5 14
-15 14
+2 14
-2 14
+2 14
-2 14
+2 28
-2 5
+2 5
-2 5
+2 5
-2 5
+2 10
+16 15
+5 2
-28 2
+33 6
+3 6
+4 62
+6 62
+1 62
+1 62
-1 186
+1 62
-1 62
+1 62
+1 62
+3 186
+4 62
-14 130
+10 9
+12 6
+1 6
+1 6
+1 4
+19 45
164 2
-8 2
257 5
+17 3
+60 2
-40 2
+76 4
+2 4
+4 2
-4 120
+1 60
+2 1
+1 2
-1 1
+1 1
cfi=(32)
cfn=(244)
calls=1 98 
* 32
* 2

fn=(240)
392 7
+4 5
-2 1
+4 30
cfn=(242)
calls=5 155 
* 9135
-2 5
+2 15
-1 5
-1 10
+5 7

fl=(45)
fn=(196)
38 4
+3 4
-1 8
+4 8
+4 4

fn=(144)
56 3
+3 2
+4 1
+22 1
+10 1
-32 2
+1 1
+21 2
+5 2
+1 1
+4 1
-4 1
-1 1
+2 1
+3 1
+4 2
+8 2
-50 1
+4 2
+35 6

fn=(150)
116 2
+1 2

fl=(26)
fn=(72)
59 60
+3 8
+18 6
+3 3
cfi=(22)
cfn=(62)
calls=3 -26 
* 69
+4 3
-4 3
+4 3
+5 3
-9 9
fi=(28)
-39 6
cfi=(27)
cfn=(74)
calls=3 +36 
* 224
fe=(26)
+39 1
fi=(28)
-39 2
cfi=(27)
cfn=(74)
calls=1 +36 
* 47
* 4
fe=(26)
+51 8
+5 4
+4 4
-6 4
+2 4
+4 4
-5 4
+4 4
+1 4
-1 4
+1 8
cfi=(29)
cfn=(82)
calls=4 210 
* 55
* 4
+15 4
-15 4
+2 4
+13 8
+6 1
+2 7
+3 2
-3 21
+3 6
+2 4
+4 4
+3 12
+2 12
-2 8
+2 8
-2 16
+16 8
-5 4
+5 4
-6 4
+6 4
-6 4
+6 8
+2 6
+3 6
-3 6
+7 12
+4 9
+8 1
+13 1
-10 2
+10 6
-10 6
+10 9
+2 3
cfi=(22)
cfn=(62)
calls=3 57 
* 105
+21 3
-21 9
+17 3
-13 9
+50 9
cfi=(29)
cfn=(126)
calls=3 -48 
* 47
* 3
+5 6
+1 6
-1 100
+1 100
+4 6
+1 3
+3 3
+4 36
131 8
-8 3
-4 6
+34 1
+7 4
+8 12
fi=(28)
56 6
cfi=(27)
cfn=(78)
calls=3 -20 
* 90
* 3
fe=(26)
200 6
-1 6
64 2
+2 3
+1 2
+4 6
+6 2

fn=(84)
31 16
+2 4
-2 8
+2 4
-2 12
+2 4
cfi=(24)
cfn=(86)
calls=4 +9 
* 12
+2 35
+3 36
+2 3
+2 3
+4 3
+4 3
-4 6
+1 6
+1 6
+3 15
-1 3
cfi=(24)
cfn=(86)
calls=3 -8 
* 9
-4 1
+4 1
-4 2
+1 2
+1 2
+3 5
-1 1
cfi=(24)
cfn=(86)
calls=1 -8 
* 3
-5 2

fl=(168)
fn=(542)
30 2
+10 3
-10 3
+10 1
-10 1
+10 1
-10 1
+7 1
+3 2
cfi=(169)
cfn=(544)
calls=1 +34 
* 233
+4 2
+1 8
+2 3
-2 1
+2 3
cfi=(169)
cfn=(544)
calls=1 +27 
* 223
+4 2
+1 7
+1 6

fl=(13)
fn=(232)
298 24
+8 2
-8 2
+8 4
+4 16
-99 2
-28 2
-2 2
+1 4
+29 2
-28 8
+1 2
-1 2
+1 2
-1 4
+1 8
-1 8
+1 8
-1 16
+28 30
+8 6
-3 2
+2 2
+1 4
-3 2
+5 32
+2 10
-83 50
cfn=(234) dfs_traversal.part.0
calls=10 -5 
* 395
+86 30
+18 8
+32 8
+7 2
+27 2
-47 6
cfi=(29)
cfn=(82)
calls=2 -53 
* 38
* 2

fn=(26)
289 2
+1 2
-1 2
+1 2
cfi=(11)
cfn=(28)
calls=1 +97 
* 24
+2 3
-1 1
+2 2

fn=(234)
135 90
+10 10
-2 10
+2 20
+2 28
-7 34
+7 68
+9 20
+15 30
+1 10
+1 60
-17 15

fl=(25)
fn=(70)
28 3
+1 3
+3 58
+13 48
-13 96
+2 100
+1 28
+5 2
-3 2
+3 2
+2 2

fl=(66)
fn=(212)
146 6
-55 6
+70 7
+1 1
-2 4
+1 4

fl=(22)
fn=(62)
57 20
+44 20
+1 20
+1 20
+1 20
+1 20
+1 20
+1 20
+2 20
+2 20
+31 20
+1 20
+1 20
+1 20
+1 20
+1 11
+2 11
+4 9
+1 9
+1 9
+1 9
+1 9
+1 9
+1 9
+1 9
+1 9
+1 9
+1 9
+1 9
+5 72

fl=(11)
fn=(58)
153 15
-81 40
+81 15
-81 10
+10 5
fi=(334) ./elf/./dl-tunable-types.h
+2 5
fe=(11)
+9 40
+1 25
fi=(12) ./elf/./elf/dl-tunables.h
+47 10
fe=(11)
-26 25
+1 5
+1 5
+1 5
+39 15
fi=(12)
-15 10
fe=(11)
-45 10
+3 5
fi=(12)
+51 5
fe=(11)
-51 5
+4 10
+7 10
+1 10
-12 25

fn=(28)
387 37
+3 74
-3 37
+3 296
+9 34
-9 68
+19 23
+7 222
+2 37
-19 14
+1 14
+9 6

fn=(22)
261 8
+22 1
-22 1
128 1
283 1
-22 1
+6 4
42 255
+6 50
-3 50
+3 4521
+4 100
+4 100
fi=(12)
160 50
fe=(11)
56 100
fi=(12)
161 22
-1 116
+1 172
-1 100
fe=(11)
281 8200
+6 14850
fi=(12)
160 500
+1 1000
-1 35
+1 140
-1 175
fe=(11)
304 8

fl=(23)
fn=(64)
37 4
+3 1
-3 2
+21 2
+4 2
+16 5

fl=(140)
fn=(570)
117 5
+5 1

fn=(436)
117 25
+5 5

fl=(38)
fn=(110)
29 1
fi=(19)
+2 1
fe=(38)
+7 1
fi=(19)
-8 4
fe=(38)
+22 1
fi=(19)
-20 3
+4 1
fe=(38)
+2 1
fi=(19)
-2 2
+3 4
+1 4
+5 1
fe=(38)
-7 1
fi=(19)
+7 3
fe=(38)
-2 1
fi=(19)
+5 2
+3 5
+2 4
+1 2
+1 2
+3 1
fe=(38)
-10 1
fi=(19)
+10 3
fe=(38)

fl=(46)
fn=(438)
1017 8
+9 1
-9 1
+6 1
+4 1
+4 3
+34 2
+3 2
+1 3
+3 6

fn=(146)
192 1
+2 2
+1 1
+15 2

fn=(250)
216 9
+6 4
+3 2
+36 3
+2 1
-2 1
-2 1
-40 1
-1 1
-1 1
+46 2
+23 3
+3 1
-3 5
+2 2
+6 1
-33 2
+20 1
-20 5
+2 2
+3 1
-1 1
+5 2
-5 1
+1 1
-1 1
+3 2
+2 3
+32 2
-1 1
+53 1
-52 5
+2 2
+51 8

fn=(252)
417 7
+2 1
+11 1
+1 1
fi=(28)
56 1
cfi=(27)
cfn=(78)
calls=1 -20 
* 85
fe=(46)
432 2
+8 3
fi=(28)
44 1
fe=(46)
440 2
+5 1
-5 1
+1 1
+4 304
+19 1
-99 1
+4 1
+1 1
fi=(28)
44 1
cfi=(27)
cfn=(74)
calls=1 +36 
* 41
fe=(46)
371 2
+3 1
+6 2
+90 7

fn=(524)
523 11
+1 2
+4 1
+6 1
-6 1
+6 1
cfi=(24)
cfn=(86)
calls=1 42 
* 3
+3 3
+12 1
-18 1
+42 3
-19 12
+9 3
+1 2
+6 3
+3 1
-2 1
+2 1
-2 1
+2 4
+4 1
-4 1
+4 1
-1 2
+4 2
+1 4
+2 2
+1 2
+17 1
-8 1
+8 1
+2 4
cfi=(29)
cfn=(126)
calls=1 197 
* 13
* 6
cfi=(43)
cfn=(130)
calls=1 132 
* 25
-49 1
+55 1
-55 4
+6 5
+55 2
cfi=(24)
cfn=(86)
calls=1 42 
* 3
+3 2
+3 9

fn=(248)
97 2
+3 1
-3 3
+3 1
-3 1
+3 1
-3 1
+3 1
-3 1
+3 1
cfi=(11)
cfn=(28)
calls=1 387 
* 23
* 1
+1 4
cfi=(11)
cfn=(28)
calls=1 387 
* 23
+1 1
+2 1
-3 1
+1 2
+2 3
+3 1
+2 1
-26 3
+28 3
+1 6

fn=(226)
125 1
+16 1
-13 1
-3 3
+3 1
+55 1
-2 1
+5 1
+1 2

fl=(63)
fn=(200)
25 1
+2 7
+4 1

fl=(39)
fn=(120)
25 5
+1 3
+21 1
-20 1
+20 3

fn=(114)
51 110
-25 44
+36 5
-7 5
+7 35
-26 24
+5 27
cfi=(41)
cfn=(118)
calls=9 -9 
* 216
* 9
+1 18
+3 6
+11 12
+1 18
+1 12
-2 6
+1 9
+1 6
-28 24
+4 48
+1 12
-1 30
+24 6
+9 12
-5 6
-2 6
+2 42
-19 6
cfi=(22)
cfn=(62)
calls=3 +14 
* 51
* 6

fl=(41)
fn=(118)
32 19
+1 19
+1 19
+1 19
+1 19
+1 19
+1 19
+1 19
+1 19
+1 19
+1 19
+1 19
+1 19
+1 19
+1 19
+1 19
+1 19
+1 19
+1 16
+4 16
+1 16
+1 16
+1 16
+2 16
+4 3
+1 3
+1 3
+1 3
+1 3
+1 3
+1 3
+1 3
+1 3
+1 3
+1 3
+1 3
+1 3
+1 3
+1 3
+1 3
+1 3
+1 3
+1 3
+1 3
+1 3
+1 3
+1 3
+1 3
+52 3
+4 3
+1 3
+1 3
+1 3
+2 3

fl=(76)
fn=(260)
361 8
-76 1
-10 2
+2 2
-1 1
+6 1
+3 1
+8 1
-11 1
+1 1
-1 1
+1 1
-1 1
+1 1
+10 4
+3 1
+4 2
+2 2
-1 1
+2 2
+2 2
-1 2
+4 1
+2 1
+3 2
145 2
+12 2
+16 1
+6 1
363 6

fn=(576)
331 1
+3 2
+16 1

fl=(317)
fn=(1190)
24 40
+4 10
+6 5
-2 5
+3 10
+3 3
+1 3
-1 3
+1 6
+3 12
+1 3
cob=(3)
cfi=(184)
cfn=(1236)
calls=1 -43 
* 98
cob=(5)
cfi=(179)
cfn=(1218) 0x00000000000010d0
calls=1 -43 
* 98
cob=(6)
cfi=(185)
cfn=(1192) 0x0000000000001e10
calls=1 -43 
* 98
-1 12
+5 5
+1 10
+1 6
+1 15
-1 3
cob=(4)
cfi=(176)
cfn=(1252) 0x00000000048dd3a8
calls=1 -49 
* 4
cob=(4)
cfi=(176)
cfn=(1234) 0x000000000483d294
calls=1 -49 
* 4
cob=(4)
cfi=(176)
cfn=(1214) 0x0000000000112f6c
calls=1 -49 
* 4
+1 12

fl=(48)
fn=(636) _dl_audit_preinit
118 1
+1 4

fn=(198)
77 3
+1 12

fn=(566)
41 3
+4 12
+1 3
+1 15

fn=(152)
29 2
+2 1
-2 5
+1 1
+1 2
+6 6

fn=(1216)
97 5
+1 20

fl=(57)
fn=(182)
47 16
+3 32
-3 96
+6 32
+5 96
+2 64
-7 36

fl=(55)
fn=(178)
30 4
+9 16
+33 4

fl=(15)
fn=(546)
71 1
-32 3
+32 2

fn=(34)
37 1
+2 3
+2 1
cfi=(16)
cfn=(36)
calls=1 682 
* 7344

fl=(8)
fn=(14)
25 5
+3 5
-3 5
+3 10
+3 15
+1 10
+2 5
-1 5
+3 15
+1 5
+1 10
+7 5
-5 5
-2 5
+3 10
+2 5
+2 10
+5 5

ob=(6)
fl=(281) /home/tobiasosborne/Projects/convexfeld/src/matrix/sparse_matrix.c
fn=(1050) cxf_sparse_validate
28 1
+1 2
+5 2
+5 9
+10 1
-5 2
+5 3
+5 4
+5 241
+1 316
-16 2
-9 1
+31 9
+6 1388
-1 2082
+1 2082
-37 2

fl=(280) /home/tobiasosborne/Projects/convexfeld/src/matrix/row_major.c
fn=(1054) cxf_build_row_major
94 1
+1 2
-1 9
+5 3
+5 2
+5 1
+1 1
-1 2
+1 1
-1 1
+1 1
-1 2
+1 693
-1 693
+1 693
-1 1386
+5 2
+5 1
-5 6
+1 1
-1 1
+1 1
-1 2
+1 95
-1 95
+1 95
-1 190
+5 2
cob=(4)
cfi=(176)
cfn=(932) 0x00000000001093a0
calls=1 0 
* 361
+1 2
fi=(253) /usr/include/x86_64-linux-gnu/bits/string_fortified.h
-91 5
cob=(4)
cfi=(176)
cfn=(1058) 0x0000000000109350
calls=1 -29 
* 110
* 1
fe=(280)
129 3
+1 398
+1 79
+2 79
+1 237
-2 79
+2 79
-4 79
+2 237
+1 79
-1 79
+2 79
-4 158
+2 615
+2 615
-4 615
+2 1845
+1 615
-1 615
+2 615
-4 1230
-1 237
+9 2
cob=(4)
cfi=(176)
cfn=(1006) 0x0000000000109250
calls=1 0 
* 87
-33 1
+35 8

fn=(1048) cxf_prepare_row_data
34 9
+1 3
+5 1
cfi=(281)
cfn=(1050)
calls=1 -12 
* 6147
* 1
+1 2
+35 9
-30 2
cob=(4)
cfi=(176)
cfn=(1006)
calls=1 -46 
* 6
+1 2
cob=(4)
cfi=(176)
cfn=(1006)
calls=1 -47 
* 6
+1 2
cob=(4)
cfi=(176)
cfn=(1006)
calls=1 -48 
* 6
+6 1
-4 1
+4 1
-4 1
+4 3
cob=(4)
cfi=(176)
cfn=(914) 0x0000000000109330
calls=1 -54 
* 4007
* 2
+1 4
+5 3
+1 3
cob=(4)
cfi=(176)
cfn=(914)
calls=1 -61 
* 26520
+1 2
-1 2
+1 1
cob=(4)
cfi=(176)
cfn=(914)
calls=1 -62 
* 5968
* 1
+2 4

fl=(298) /home/tobiasosborne/Projects/convexfeld/src/simplex/refine.c
fn=(1116) cxf_simplex_refine
27 1
+2 4
+7 1
+1 1
-10 3
+7 1
+6 3
+1 5
-6 2
+7 31
+1 31
-3 237
+1 553
+3 288
-4 4
+12 316
+1 31
+1 31
-3 237
+8 2
+1 387
+1 44
+1 44
-3 288
+8 8
+1 316
+1 57
+1 57
-3 237
+8 1
+2 6
-1 1
+1 2
-1 2
+1 156
-1 78
+1 156
-1 156
+5 2
+1 2
-1 1
+1 1

fl=(262) /home/tobiasosborne/Projects/convexfeld/src/api/mps_parser.c
fn=(936) cxf_readmps
15 9
+6 1
cfi=(259) /home/tobiasosborne/Projects/convexfeld/src/api/model.c
cfn=(938) cxf_checkmodel
calls=1 177 
* 8
* 1
+1 2
+2 4
+5 3
cob=(4)
cfi=(176)
cfn=(728) 0x0000000000109400
calls=1 -29 
* 465
* 1
+1 2
+5 1
cfi=(263) /home/tobiasosborne/Projects/convexfeld/src/api/mps_state.c
cfn=(940) mps_state_create
calls=1 +40 
* 33442
* 1
+1 2
+6 3
cfi=(264) /home/tobiasosborne/Projects/convexfeld/src/api/mps_parse.c
cfn=(942) mps_parse_file
calls=1 146 
* 1233768
+1 1
-1 1
+1 1
cob=(4)
cfi=(176)
cfn=(848) 0x00000000001092b0
calls=1 -43 
* 618
+2 2
+6 3
cfi=(267) /home/tobiasosborne/Projects/convexfeld/src/api/mps_build.c
cfn=(992) mps_build_model
calls=1 +61 
* 46629
* 1
+1 2
cfi=(263)
cfn=(1008) mps_state_free
calls=1 +43 
* 67416
+3 7

fl=(282) /home/tobiasosborne/Projects/convexfeld/src/simplex/context.c
fn=(1122) cxf_simplex_final
147 1
+1 3
cfn=(1124) cxf_simplex_final.part.0
calls=1 -1 
* 13300

fn=(1124)
147 5
+6 2
cob=(4)
cfi=(176)
cfn=(1006)
calls=1 0 
* 170
+1 2
cob=(4)
cfi=(176)
cfn=(1006)
calls=1 0 
* 203
+1 2
cob=(4)
cfi=(176)
cfn=(1006)
calls=1 0 
* 170
+1 2
cob=(4)
cfi=(176)
cfn=(1006)
calls=1 0 
* 203
+1 2
cob=(4)
cfi=(176)
cfn=(1006)
calls=1 0 
* 87
+1 2
cob=(4)
cfi=(176)
cfn=(1006)
calls=1 0 
* 170
+1 2
cob=(4)
cfi=(176)
cfn=(1006)
calls=1 0 
* 6
+1 2
cob=(4)
cfi=(176)
cfn=(1006)
calls=1 0 
* 87
+1 2
cob=(4)
cfi=(176)
cfn=(1006)
calls=1 0 
* 87
+3 2
cfi=(283) /home/tobiasosborne/Projects/convexfeld/src/basis/basis_state.c
cfn=(1126) cxf_basis_free
calls=1 -67 
* 11993
+6 2
cob=(4)
cfi=(176)
cfn=(1006)
calls=1 0 
* 6
+3 1
+1 2
-1 1
cob=(4)
cfi=(176)
cfn=(1006)
calls=1 0 
* 87

fn=(1064) cxf_simplex_init
34 1
+4 2
-4 9
+4 2
+4 2
+5 1
-3 1
+3 6
cob=(4)
cfi=(176)
cfn=(914)
calls=1 -47 
* 232
* 1
+1 2
+6 1
-1 1
+3 1
-2 1
+8 1
-3 1
+2 1
+3 1
-2 1
+10 2
+1 1
+2 2
+31 4
cob=(4)
cfi=(176)
cfn=(914)
calls=1 0 
* 507
* 1
+1 2
+6 3
cob=(4)
cfi=(176)
cfn=(932)
calls=1 0 
* 47
+1 1
-1 2
+1 1
cob=(4)
cfi=(176)
cfn=(932)
calls=1 0 
* 182
* 1
+1 4
+7 3
cfi=(283)
cfn=(1068) cxf_basis_create
calls=1 -90 
* 1450
* 1
+1 2
+6 1
+10 1
-7 1
+1 1
+1 1
+1 1
+1 1
+2 1
+2 8
-64 6
cob=(4)
cfi=(176)
cfn=(932)
calls=1 -76 
* 358
+1 1
-1 2
+1 1
cob=(4)
cfi=(176)
cfn=(932)
calls=1 -77 
* 327
+1 1
-1 2
+1 1
cob=(4)
cfi=(176)
cfn=(932)
calls=1 -78 
* 352
+1 2
-1 2
+1 1
cob=(4)
cfi=(176)
cfn=(914)
calls=1 -79 
* 460
+1 2
-1 2
+1 1
cob=(4)
cfi=(176)
cfn=(914)
calls=1 -80 
* 580
+2 2
-2 2
+2 1
+1 1
-1 2
+1 1
-1 2
+1 7
+7 3
+8 8
cob=(4)
cfi=(176)
cfn=(1002) 0x0000000000109300
calls=1 -98 
* 66
* 11
+1 48
-2 48
+2 48
-2 96
+3 5
cob=(4)
cfi=(176)
cfn=(1002)
calls=1 0 
* 66
+5 2
-14 1
fi=(253)
-62 2
fe=(282)
+62 1
fi=(253)
-62 5
cob=(4)
cfi=(176)
cfn=(1058)
calls=1 -29 
* 98
* 5
cob=(4)
cfi=(176)
cfn=(1058)
calls=1 -29 
* 98
* 5
cob=(4)
cfi=(176)
cfn=(1058)
calls=1 -29 
* 98
fe=(282)
+68 4

fl=(263)
fn=(980) mps_add_col
141 711
+1 158
+2 79
-2 158
+1 1
+1 3
cfi=(257) /home/tobiasosborne/Projects/convexfeld/src/memory/alloc.c
cfn=(964) cxf_realloc
calls=1 -67 
* 842
* 1
+1 2
+1 1
+1 1
+2 1
+1 1
fi=(253)
-91 1
+36 2
fe=(263)
+55 2
fi=(253)
-91 4
+36 1
cob=(4)
cfi=(176)
cfn=(926) 0x0000000000109260
calls=1 -95 
* 37
fe=(263)
+55 78
fi=(253)
-91 78
+36 156
fe=(263)
+55 156
fi=(253)
-91 312
+36 78
cob=(4)
cfi=(176)
cfn=(926)
calls=78 -95 
* 2886
fe=(263)
+63 158
fi=(253)
-63 79
fe=(263)
+60 158
+3 158
cfn=(960) hash_table_add
calls=79 -96 
* 23130
* 158
+4 79
+2 553

fn=(988) mps_find_row
109 754
+1 1508
cfn=(978) hash_table_find
calls=754 -64 
* 73757

fn=(976) mps_find_col
113 381
+1 762
cfn=(978)
calls=381 -68 
* 34698

fn=(978)
46 4540
-24 1135
+24 1135
-24 3405
-2 2270
+3 1135
-1 3405
+1 1135
-1 3405
+1 5675
-1 17025
+1 5675
-1 17025
+26 3405
+1 2349
+1 3168
cob=(4)
cfi=(176)
cfn=(648) 0x0000000000109340
calls=1056 -50 
* 24781
* 2112
+1 1056
+5 4303
-1 79
+1 237

fn=(958) mps_add_row
117 873
+1 97
-1 97
+1 97
+2 97
-2 194
+1 1
+1 3
cfi=(257)
cfn=(964)
calls=1 -43 
* 650
* 1
+1 2
+1 1
+1 1
+2 1
+1 1
fi=(253)
-31 2
fe=(263)
+31 2
fi=(253)
-31 1
cob=(4)
cfi=(176)
cfn=(926)
calls=1 -95 
* 37
fe=(263)
+31 96
fi=(253)
-31 192
fe=(263)
+31 192
fi=(253)
-31 96
cob=(4)
cfi=(176)
cfn=(926)
calls=96 -95 
* 3552
fe=(263)
+38 291
-5 97
+1 97
+1 97
+3 97
cfn=(960)
calls=97 -71 
* 31104
* 194
+4 97
+2 679

fn=(940)
75 2
+1 2
-1 3
+1 1
cfi=(257)
cfn=(912) cxf_calloc
calls=1 -23 
* 33055
+1 2
+2 3
cfi=(257)
cfn=(930) cxf_malloc
calls=1 -46 
* 180
+1 1
-1 1
+1 1
cfi=(257)
cfn=(930)
calls=1 -47 
* 178
+1 1
-1 1
+1 4
+8 1
-1 1
+1 1
+4 4

fn=(960)
62 1408
-40 176
+40 176
-40 528
-2 352
+3 176
-1 528
+1 176
-1 528
+1 880
-1 2640
+1 880
-1 2640
+3 352
+39 352
cfi=(257)
cfn=(930)
calls=176 -31 
* 32234
+1 352
fi=(253)
+30 704
cob=(4)
cfi=(176)
cfn=(926)
calls=176 -95 
* 6512
fe=(263)
-25 176
fi=(253)
+25 176
fe=(263)
-27 176
+1 176
+1 528
+1 176
+1 176
+1 1056

fn=(990) mps_add_coeff
166 6246
+1 1388
-1 694
+1 694
+1 1388
+2 694
-2 1388
+13 555
-1 555
+1 1665
+2 555
-1 1110
+2 4440
-4 139
+1 417
+2 139
-1 278
+2 1112
-15 515
+1 237
cfi=(257)
cfn=(964)
calls=79 -93 
* 15697
* 180
cfi=(257)
cfn=(964)
calls=60 -93 
* 13965
+1 278
-1 139
+1 139
cfi=(257)
cfn=(964)
calls=139 -94 
* 31174
+1 695
+4 139
+4 139
-3 139
+1 278
-9 60
+1 120
+1 120

fn=(1008)
95 1
+1 2
-1 7
+2 4
+1 2
-1 2
+1 2
cfi=(257)
cfn=(1004) cxf_free
calls=1 +8 
* 89
* 156
-1 156
+1 156
cfi=(257)
cfn=(1004)
calls=78 +8 
* 8408
+1 237
cfi=(257)
cfn=(1004)
calls=79 +7 
* 12482
-2 158
+4 4
cfi=(257)
cfn=(1004)
calls=1 +5 
* 172
+1 2
cfi=(257)
cfn=(1004)
calls=1 +4 
* 202
-70 1
+1 1
+1 2
-1 2047
+1 4191
+1 194
+1 97
cfi=(257)
cfn=(1004)
calls=97 +70 
* 10670
-2 194
-2 6146
+1 1
+1 2
-1 2047
+1 4173
+1 158
+1 79
cfi=(257)
cfn=(1004)
calls=79 +70 
* 8690
-2 158
-2 6144
+75 1
-1 1
+1 4
-1 1
cfi=(257)
cfn=(1004)
calls=1 * 
* 172

fl=(270) /home/tobiasosborne/Projects/convexfeld/src/api/api_stub.c
fn=(1014) cxf_optimize
26 1
+1 2
+5 1
cfi=(271) /home/tobiasosborne/Projects/convexfeld/src/api/optimize_api.c
cfn=(1016) cxf_optimize_internal
calls=1 +16 
* 20112600

fl=(287) /home/tobiasosborne/Projects/convexfeld/src/basis/btran.c
fn=(1112) apply_lu_btran
35 160
+1 20
-1 40
+1 20
-1 20
+1 40
cob=(4)
cfi=(176)
cfn=(932)
calls=20 -36 
* 940
+1 80
+4 40
+1 140
-1 60
+1 7600
-1 5720
+8 80
+6 100
-6 9600
+1 5760
+5 7680
+1 1700
+1 6800
-2 1700
+2 8500
-2 3400
+2 8800
-2 4400
+2 22000
-2 8800
-7 7700
+16 40
+3 7760
+1 960
+1 5760
-2 960
+2 1920
-2 1920
+2 6180
-2 2060
+2 4120
-2 4120
-3 7680
+14 120
-1 80
+1 5700
-1 7600
+5 140
-1 20
cob=(4)
cfi=(176)
cfn=(1006)
calls=20 -81 
* 1740

fn=(1076) cxf_btran_vec
227 39
+2 27
+4 3
+3 6
+1 3
+77 33
-73 3
fi=(253)
29 3
fe=(287)
241 3
fi=(253)
29 6
cob=(4)
cfi=(176)
cfn=(1078) 0x0000000000109360
calls=3 -29 
* 307
fe=(287)
244 3
+1 6
+5 2
+10 1
-12 1
+11 2
+1 174
+1 88
+1 176
-2 88
+1 88
-1 176
+20 8
-13 1
+1 1
+1 1
+3 2
-5 87
+1 87
+1 87
+3 350
+8 616
+9 88
-1 88
+1 176
+1 176
-2 176
+2 88
+1 616
-1 2107
+1 19139
+1 8780
-3 6585
+8 88
-31 88
+31 352
-31 179
+35 2
+1 2
cob=(4)
cfi=(176)
cfn=(1006)
calls=1 0 
* 87
* 1
+5 12
+1 3
cfn=(1112)
calls=1 35 
* 8539
* 1
+1 6
94 8
+1 6
-1 6
+1 570
-1 572
251 3
cob=(4)
cfi=(176)
cfn=(932)
calls=1 0 
* 182
* 1
+1 2
+6 1
+2 3

fn=(1090) cxf_btran
118 1428
+2 714
+3 714
+12 119
fi=(253)
-76 238
fe=(287)
+76 119
fi=(253)
-76 119
cob=(4)
cfi=(176)
cfn=(1002)
calls=119 -59 
* 7854
fe=(287)
+77 238
+3 119
+1 238
+5 234
+8 82
-10 164
+12 281
-12 117
+11 234
+1 10008
+1 5121
+1 10242
-2 5121
+1 5121
-1 10242
+20 819
-13 117
+1 117
+1 117
+3 234
-5 5004
+1 5004
+1 5004
+3 20250
+8 35847
+9 5121
-1 5121
+1 10242
+1 10242
-2 10242
+2 5121
+1 35847
-1 95028
+1 865494
+1 400596
-3 300447
+8 5121
-31 5121
+31 20484
-31 10476
+35 234
+1 70
cob=(4)
cfi=(176)
cfn=(1006)
calls=35 0 
* 3045
* 35
+5 414
+2 500
95 300
-1 300
+1 28500
-1 28500
208 119
+1 1309
-63 105
cob=(4)
cfi=(176)
cfn=(932)
calls=35 0 
* 1645
* 35
+1 70
+6 35
+2 105
+48 57
cfn=(1112)
calls=19 35 
* 162241
* 19

fl=(299) /home/tobiasosborne/Projects/convexfeld/src/solver_state/extract.c
fn=(1118) cxf_extract_solution
36 1
+2 2
-2 7
+2 2
+4 1
+1 2
+3 2
+2 1
+1 1
-1 2
+8 3
fi=(253)
-27 1
cob=(4)
cfi=(176)
cfn=(1078)
calls=1 -29 
* 89
fe=(299)
+36 2
+2 1
+1 2
-1 2
fi=(253)
-38 1
cob=(4)
cfi=(176)
cfn=(1078)
calls=1 -29 
* 103
fe=(299)
+55 1
+4 1
-4 1
+4 1
+5 1
+1 6
-5 2
-21 3
cfi=(257)
cfn=(930)
calls=1 -35 
* 51
+1 2
-1 2
+1 1
+6 3

fl=(286) /home/tobiasosborne/Projects/convexfeld/src/simplex/reduced_costs.c
fn=(1074) cxf_compute_reduced_costs
36 6
+9 3
-9 24
+2 3
+3 3
-3 3
+3 3
-3 3
+1 6
+1 3
+5 3
-5 3
+2 3
+3 3
cob=(4)
cfi=(176)
cfn=(914)
calls=3 -45 
* 1199
+1 6
+11 6
-4 6
+1 12
+1 864
-2 864
+1 288
+1 1152
+2 12
cfi=(287)
cfn=(1076)
calls=3 227 
* 51211
+1 6
+4 6
cob=(4)
cfi=(176)
cfn=(1006)
calls=3 -62 
* 261
+4 6
+1 9
+1 9
-1 6
+1 6
-2 525
+2 525
-2 2100
+1 525
+1 1050
-1 1050
+3 474
+1 748
+7 200
+1 200
+1 400
+2 300
+3 100
+3 24
-16 274
+1 137
+1 274
+1 1096
-1 137
+1 137
-1 274
+1 3177
-1 1059
+1 1059
-1 2392

fl=(288) /home/tobiasosborne/Projects/convexfeld/src/simplex/phase_loop.c
fn=(1104) cxf_run_phase_two
191 12
+2 1
-1 1
+3 2
+2 128
-1 32
+1 96
+3 96
cfi=(289) /home/tobiasosborne/Projects/convexfeld/src/simplex/iterate.c
cfn=(1082) cxf_log_iteration_progress
calls=32 -76 
* 12792306
+2 64
+1 62
+1 62
+1 62
-10 95
+7 1
+6 3
+1 1
+1 8

fn=(1080) cxf_run_phase_one
150 10
+1 1
+1 1
+2 8
+26 176
+2 176
-28 352
+2 356
-1 89
+1 267
+3 267
cfi=(289)
cfn=(1082)
calls=89 -35 
* 4211523
+2 178
-93 1
+1 1
-1 1
+1 2
cfn=(1096) compute_true_infeasibility.isra.0
calls=1 -41 
* 390612
+3 1
-3 1
+3 1
+92 2
-1 2
+1 1
cob=(4)
cfi=(176)
cfn=(1098) 0x0000000000109280
calls=1 0 
* 8
+5 3
+18 3
+2 1
-1 1
+1 7

fn=(1096)
28 6
+3 3
+2 1
+10 3
+6 1
+2 1
-21 1
+14 1
-11 1
+11 3
-11 192
+1 192
-2 192
+2 96
+1 96
+1 192
-2 7488
+1 7488
+1 14976
+1 15168
-1 189003
+1 127390
+1 3470
-5 22752
+10 384
+1 288
+2 288
+2 52
+3 39
+1 122
-21 96
+23 96
-23 192
+26 7
-10 332

fl=(259)
fn=(922) cxf_newmodel
76 11
+4 6
+4 2
+4 2
+2 4
cfi=(257)
cfn=(912)
calls=1 -37 
* 264
* 1
+1 2
-57 1
+1 1
+3 2
fi=(253)
+57 4
cob=(4)
cfi=(176)
cfn=(926)
calls=1 -95 
* 42
fe=(259)
-55 1
+58 1
-39 1
-13 1
+52 1
-47 1
+47 1
-46 1
+1 1
+50 1
-4 1
-34 1
+37 1
-45 1
+45 1
-44 1
+8 1
+3 1
+2 1
-12 2
+43 1
cfi=(257)
cfn=(930)
calls=1 -69 
* 193
+2 1
-2 1
+2 1
cfi=(257)
cfn=(930)
calls=1 -71 
* 193
+2 1
-2 1
+2 1
cfi=(257)
cfn=(930)
calls=1 -73 
* 193
+2 1
-2 1
+2 1
cfi=(257)
cfn=(930)
calls=1 -75 
* 196
+2 1
-2 1
+2 1
cfi=(257)
cfn=(930)
calls=1 -77 
* 193
+3 1
-3 1
+3 5
+1 4
+6 1
cfi=(261) /home/tobiasosborne/Projects/convexfeld/src/matrix/sparse_stub.c
cfn=(934) cxf_sparse_create
calls=1 -98 
* 241
* 1
+1 2
+6 2
+15 1
+1 1
+1 8

fn=(938)
177 2
+1 4
+6 10

fn=(1168) cxf_freemodel.part.0
146 5
+6 2
cfi=(261)
cfn=(1170) cxf_sparse_free
calls=1 40 
* 1546
+3 2
cfi=(257)
cfn=(1004)
calls=1 -49 
* 89
+1 2
cfi=(257)
cfn=(1004)
calls=1 -50 
* 89
+1 2
cfi=(257)
cfn=(1004)
calls=1 -51 
* 89
+1 2
cfi=(257)
cfn=(1004)
calls=1 -52 
* 178
+1 2
cfi=(257)
cfn=(1004)
calls=1 -53 
* 89
+1 2
cfi=(257)
cfn=(1004)
calls=1 -54 
* 178
+3 2
cfi=(257)
cfn=(1004)
calls=1 -57 
* 8
+1 2
cfi=(257)
cfn=(1004)
calls=1 -58 
* 8
+1 2
cfi=(257)
cfn=(1004)
calls=1 -59 
* 8
+1 2
cfi=(257)
cfn=(1004)
calls=1 -60 
* 8
+5 1
-2 1
+5 1
-4 1
+1 1
+4 2
-1 1
cfi=(257)
cfn=(1004)
calls=1 -68 
* 89

fn=(1166) cxf_freemodel
146 1
+1 3
cfn=(1168)
calls=1 -1 
* 2414

fl=(272) /home/tobiasosborne/Projects/convexfeld/src/logging/output.c
fn=(1018) cxf_log_printf
29 59
+5 2
-5 9
+5 14
+5 8
+5 12
+5 4
fi=(194) /usr/include/x86_64-linux-gnu/bits/stdio2.h
+19 16
fe=(272)
-19 4
fi=(194)
+19 8
fe=(272)
-19 4
fi=(194)
+19 4
fe=(272)
-19 12
fi=(194)
+19 4
cob=(4)
cfi=(176)
cfn=(1020) 0x00000000001093d0
calls=4 -68 
* 4056
+18 16
fe=(272)
-32 4
fi=(194)
+32 4
cob=(4)
cfi=(176)
cfn=(654) 0x00000000001093f0
calls=4 -86 
* 1951
fe=(272)
-25 8
cob=(4)
cfi=(176)
cfn=(1026) 0x00000000001093b0
calls=4 -61 
* 728
+3 12
+3 32

fl=(291) /home/tobiasosborne/Projects/convexfeld/src/simplex/ratio_test.c
fn=(1088) cxf_ratio_test
39 1190
+12 833
+1 714
+5 119
+2 119
+10 119
-11 119
+1 119
+10 238
+34 119
-4 238
-30 119
+34 238
-41 119
+1 119
+40 119
-4 238
-10 1563
+10 1563
-10 1563
+10 3126
+9 1563
+6 1563
-6 1563
+6 4689
+1 6252
-46 28524
+1 11424
+3 45696
+5 3479
+4 3479
-4 3479
+4 3479
-4 3479
+5 13916
+14 3479
-9 6958
+9 3479
+6 5748
-13 3832
+15 3832
-36 5755
+52 238
+12 119
-2 119
+33 238
-33 119
-1 119
+3 119
+31 119
-4 119
-29 119
+29 119
-27 357
+3 238
+3 476
-3 22610
+3 45220
+8 3479
-3 3479
+3 3479
+1 13916
+10 3479
-5 10437
+5 3479
-4 3126
+6 3126
+9 3126
+6 3126
+1 642
-41 27882
+57 119
+1 119
+2 119
-2 238
+3 833
-32 3832
-9 3832
+11 3832
-31 5755
+48 214
+1 428
-49 214
+49 214
-49 432

fl=(295) /home/tobiasosborne/Projects/convexfeld/src/basis/refactor.c
fn=(1106) cxf_solver_refactor
96 1
+1 2
-1 9
+1 3
-60 1
+65 1
-64 3
+1 2
+1 2
cob=(4)
cfi=(176)
cfn=(1006)
calls=1 -40 
* 87
-1 198
+1 198
cob=(4)
cfi=(176)
cfn=(1006)
calls=99 -40 
* 10728
+1 200
cob=(4)
cfi=(176)
cfn=(1006)
calls=100 -41 
* 10846
+1 200
cob=(4)
cfi=(176)
cfn=(1006)
calls=100 -42 
* 10777
-4 200
+74 1
-66 1
+1 1
+1 1
+60 1
+1 1
+1 1
+1 1
+1 1
+3 2
+7 3
+15 6
+3 2
+25 2
cfi=(297) /home/tobiasosborne/Projects/convexfeld/src/basis/lu_factorize.c
cfn=(1110) cxf_lu_factorize
calls=1 34 
* 10503772
+1 2
+7 8
-49 1
+1 1
-1 1
+1 2
cfi=(296) /home/tobiasosborne/Projects/convexfeld/src/basis/lu_factors.c
cfn=(1108) cxf_lu_create
calls=1 22 
* 21234
* 2
+1 2

fl=(278) /home/tobiasosborne/Projects/convexfeld/src/simplex/solve_lp.c
fn=(1044) cxf_solve_lp
37 9
+1 1
+4 2
+1 4
+5 3
+2 1
+1 2
+1 5
+6 1
cfi=(279) /home/tobiasosborne/Projects/convexfeld/src/simplex/presolve.c
cfn=(1046) cxf_check_obvious_infeasibility
calls=1 -1 
* 2172091
* 2
+4 2
cfi=(279)
cfn=(1062) cxf_check_obvious_unboundedness
calls=1 +77 
* 26537
* 2
+6 3
cfi=(282)
cfn=(1064)
calls=1 -34 
* 5337
+1 2
+23 8
-20 2
cfi=(284) /home/tobiasosborne/Projects/convexfeld/src/simplex/phase_one.c
cfn=(1070) cxf_setup_phase_one
calls=1 -42 
* 420797
+1 2
+1 3
cfi=(285) /home/tobiasosborne/Projects/convexfeld/src/simplex/perturbation.c
cfn=(1072) cxf_simplex_perturbation
calls=1 -3 
* 4466
+1 2
cfi=(286)
cfn=(1074)
calls=1 -39 
* 10414
+1 4
cfi=(288)
cfn=(1080)
calls=1 +74 
* 4604052
+1 2
+3 3
cfi=(284)
cfn=(1102) cxf_transition_to_phase_two
calls=1 +58 
* 2698
+1 2
+1 2
cfi=(286)
cfn=(1074)
calls=1 -46 
* 48370
+1 4
cfi=(288)
cfn=(1104)
calls=1 191 
* 12793032
+3 3
cfi=(285)
cfn=(1114) cxf_simplex_unperturb
calls=1 +85 
* 230
+1 3
cfi=(298)
cfn=(1116)
calls=1 -60 
* 3784
+1 2
+2 2
cfi=(282)
cfn=(1122)
calls=1 +57 
* 13304
+1 2
-3 3
cfi=(299)
cfn=(1118)
calls=1 -52 
* 300
* 1

fl=(271)
fn=(1016)
48 8
+5 1
cfi=(259)
cfn=(938)
calls=1 177 
* 8
* 1
+1 2
+5 1
+1 2
+5 6
cfi=(272)
cfn=(1018)
calls=1 -36 
* 1165
+1 7
cfi=(272)
cfn=(1018)
calls=1 -37 
* 1594
+4 1
+3 2
cfi=(276) /home/tobiasosborne/Projects/convexfeld/src/error/terminate.c
cfn=(1040) cxf_reset_terminate
calls=1 -3 
* 6
+6 1
-3 1
+3 1
cfi=(277) /home/tobiasosborne/Projects/convexfeld/src/callbacks/invoke.c
cfn=(1042) cxf_pre_optimize_hook
calls=1 -37 
* 25
+1 2
+10 2
cfi=(278)
cfn=(1044)
calls=1 -53 
* 20105501
+3 1
-3 1
+3 1
cfi=(277)
cfn=(1132) cxf_post_optimize_hook
calls=1 +31 
* 25
+3 2
+9 1
+3 7
-11 5
cfi=(272)
cfn=(1018)
calls=1 -68 
* 931
+1 5
+1 1
-1 1
cfi=(272)
cfn=(1018)
calls=1 -69 
* 3281
+1 1

fl=(276)
fn=(1040)
70 1
+1 2
+3 1
+1 2

fl=(257)
fn=(912)
53 4
+1 16
+3 4
cob=(4)
cfi=(176)
cfn=(914)
calls=4 -57 
* 33872

fn=(964)
77 295
+2 590
+5 274
+5 137
cob=(4)
cfi=(176)
cfn=(966) 0x00000000001093e0
calls=137 -89 
* 45159
-55 316
+3 316
cob=(4)
cfi=(176)
cfn=(932)
calls=158 -37 
* 21711

fn=(1004)
106 351
+1 351
cob=(4)
cfi=(176)
cfn=(1006)
calls=351 0 
* 41283

fn=(930)
33 187
+1 374
+3 187
cob=(4)
cfi=(176)
cfn=(932)
calls=187 -37 
* 33432

fl=(289)
fn=(1082)
124 1573
+2 121
+1 121
+4 484
+5 121
-1 242
+3 242
+5 121
-1 121
+1 121
+3 242
+6 484
+5 242
+3 242
+1 242
+5 242
+1 242
+8 363
+72 242
+12 238
+23 238
-12 357
-11 238
+11 119
+12 119
-22 119
+3 357
-3 119
+3 119
-3 119
+3 357
cfn=(1084) extract_column_ext
calls=119 90 
* 16430
+1 476
cfi=(290) /home/tobiasosborne/Projects/convexfeld/src/basis/ftran.c
cfn=(1086) cxf_ftran
calls=119 92 
* 2409124
+1 238
+5 1071
cfi=(291)
cfn=(1088)
calls=119 39 
* 351767
+2 476
+5 238
+5 357
-8 119
+8 476
-96 121
+6 121
-6 121
+6 242
-44 2
457 1331
287 238
+5 238
-4 119
+1 119
-2 119
+1 119
+2 119
-2 119
+4 119
+1 238
+5 359
+3 6
+3 8
-3 351
+3 468
+11 238
-28 119
+93 119
-93 119
+92 119
-21 238
+13 72
+9 72
-1 144
+4 72
-3 72
-1 72
+1 72
+4 144
-4 47
-1 94
+4 47
-3 47
-1 47
+1 47
+4 94
+1 595
cfi=(287)
cfn=(1090)
calls=119 118 
* 2143721
+5 595
-5 119
+5 119
cfi=(292) /home/tobiasosborne/Projects/convexfeld/src/simplex/step.c
cfn=(1092) cxf_simplex_step
calls=119 57 
* 515234
+1 238
+7 238
+8 119
-8 357
+8 238
+1 119
+3 238
+6 119
-3 238
+3 119
-9 119
+6 119
-3 119
+3 238
+3 833
+1 83062
+1 82348
+3 18564
-1 4178
+10 8356
+1 4178
+1 16712
+2 4178
+4 16712
-22 16712
+22 20416
-22 66707
+34 238
+5 119
+1 238
216 363
+1 242
+1 121
+7 242
-7 242
-1 63525
+1 63525
+5 9559
+2 9559
-1 9559
+1 28677
+4 18286
+2 18286
+7 18286
+2 385
-1 385
+2 770
421 5104
-1 5104
+1 10208
+1 10208
+1 5104
+1 10208
+2 5104
-1 5104
+1 10208
-1 5104
+1 10208
-2 5104
+1 5104
-1 10208
+1 38803
+1 77606
-2 38803
+1 38803
-1 87814
305 238
+1 238
+20 595
+34 47
-1 141
+1 188
+6 94
+85 3
cfi=(295)
cfn=(1106)
calls=1 96 
* 10558507
+1 2
cfi=(286)
cfn=(1074)
calls=1 36 
* 15451
* 1

fn=(1084)
90 833
fi=(253)
-31 119
fe=(289)
+31 595
+2 119
-2 357
fi=(253)
-31 238
cob=(4)
cfi=(176)
cfn=(1002)
calls=119 -59 
* 7021
fe=(289)
+35 238
+2 174
+1 174
+1 87
+2 174
+1 87
+1 348
-2 87
+2 87
-2 174
+2 1394
-2 697
+2 697
-2 1394
+14 696
-8 32
+1 64
+2 128
-1 96
+1 32
+2 32
+3 256

fl=(293) /home/tobiasosborne/Projects/convexfeld/src/basis/pivot_eta.c
fn=(1094) cxf_pivot_with_eta
42 1190
+2 476
+4 357
+3 476
+5 119
+1 238
-1 119
+1 476
+9 238
+1 119
-1 119
-1 238
+2 34153
+1 11305
-1 11305
+1 33915
-2 34272
+7 714
cob=(4)
cfi=(176)
cfn=(914)
calls=119 -73 
* 25713
* 119
+1 238
+6 119
+1 119
-2 119
-1 119
+2 119
+2 119
+1 119
+1 119
+1 119
-4 119
+7 238
+25 119
+2 119
-1 119
-1 119
+5 238
+1 119
+1 119
-1 119
+1 119
+3 119
-2 119
+3 952
-35 714
cob=(4)
cfi=(176)
cfn=(914)
calls=119 -89 
* 27857
* 119
+1 238
-1 238
+1 119
cob=(4)
cfi=(176)
cfn=(914)
calls=119 -90 
* 28630
* 119
+2 119
-2 238
+2 833
+11 238
-2 238
+2 79373
+1 3360
+2 3360
-2 3360
+1 3360
-3 34391

fl=(185)
fn=(616)
0 12
cob=(2)
cfi=(186)
cfn=(618)
calls=1 242 
0 22110461

fn=(1192)
0 9
cob=(4)
cfi=(176)
cfn=(1198) 0x0000000000109230
calls=1 0 
0 80
0 1
cfn=(1208) 0x0000000000001da0
calls=1 0 
0 5
0 3

fn=(628)
0 12

fn=(1208)
0 5

fl=(192)
fn=(646)
168 12
+5 2
-3 3
+3 1
-3 1
-1 1
+2 1
-2 2
+5 3
+1 3
-2 9
+1 18
cob=(4)
cfi=(176)
cfn=(648)
calls=3 0 
* 66
* 6
+2 6
cob=(4)
cfi=(176)
cfn=(648)
calls=2 0 
* 44
* 7
+1 4
+1 3
cob=(4)
cfi=(176)
cfn=(648)
calls=1 0 
* 22
* 5
+1 3
+59 11
fi=(194)
86 4
cob=(4)
cfi=(176)
cfn=(654)
calls=1 -86 
* 2419
* 4
cob=(4)
cfi=(176)
cfn=(654)
calls=1 -86 
* 293
fe=(192)
-51 3
cob=(4)
cfi=(176)
cfn=(728)
calls=1 -35 
* 607
* 1
+1 2
fi=(194)
200 5
cob=(4)
cfi=(176)
cfn=(756) 0x0000000000109320
calls=1 0 
* 646
fe=(192)
43 2
+10 4
fi=(194)
200 4
cob=(4)
cfi=(176)
cfn=(756)
calls=1 0 
* 183
* 456
cob=(4)
cfi=(176)
cfn=(756)
calls=114 0 
* 21266
fe=(192)
48 572
+5 1026
cob=(4)
cfi=(176)
cfn=(784) 0x00000000001093c0
calls=114 -53 
* 501672
* 228
+1 342
+1 228
fi=(194)
-1 228
fe=(192)
+1 114
fi=(194)
-1 228
fe=(192)
+1 114
fi=(194)
-1 114
cob=(4)
cfi=(176)
cfn=(838) 0x00000000001092f0
calls=114 -54 
* 42376
fe=(192)
+2 570
+2 114
-2 114
+2 114
-1 114
-1 114
+2 114
+5 2
cob=(4)
cfi=(176)
cfn=(848)
calls=1 -63 
* 584
+1 1
193 2
fi=(194)
86 4
cob=(4)
cfi=(176)
cfn=(654)
calls=1 -86 
* 639
fe=(192)
199 2
cob=(4)
cfi=(176)
cfn=(886) 0x00000000001092c0
calls=1 0 
* 265
* 1
+1 2
+5 1
fi=(253)
29 1
fe=(192)
205 3
+2 3
+2 2
cob=(4)
cfi=(176)
cfn=(892) 0x0000000000109390
calls=1 0 
* 59
* 232
cob=(4)
cfi=(176)
cfn=(892)
calls=116 0 
* 4771
* 234
+1 116
+1 232
cob=(4)
cfi=(176)
cfn=(898) 0x00000000001092d0
calls=116 0 
* 1858
+2 688
cob=(4)
cfi=(176)
cfn=(648)
calls=114 0 
* 2640
* 228
+4 114
fi=(253)
29 228
fe=(192)
217 228
fi=(253)
29 1566
fe=(192)
219 48
+2 144
-2 66
+2 540
cob=(4)
cfi=(176)
cfn=(902) 0x0000000000109420
calls=114 0 
* 5735
* 228
fi=(194)
54 10
cob=(4)
cfi=(176)
cfn=(906) 0x0000000000109240
calls=1 -54 
* 594
fe=(192)
+14 289
+1 282
cob=(4)
cfi=(176)
cfn=(648)
calls=94 -69 
* 2196
* 188
+38 2
-4 1
+1 1
+3 1
cfi=(256) /home/tobiasosborne/Projects/convexfeld/src/api/env.c
cfn=(910) cxf_loadenv
calls=1 -32 
* 314
+1 2
+6 11
cfi=(259)
cfn=(922)
calls=1 -38 
* 1612
+1 3
+7 3
cfi=(262)
cfn=(936)
calls=1 15 
* 1382394
+1 2
-39 4
cob=(4)
cfi=(176)
cfn=(1010) 0x00000000001092a0
calls=1 -84 
* 13
+1 2
+47 1
-47 5
+47 1
cfi=(270)
cfn=(1014)
calls=1 26 
* 20112604
-48 3
cob=(4)
cfi=(176)
cfn=(1010)
calls=1 -84 
* 13
+1 2
+50 1
-50 3
+50 1
-50 1
+48 1
+2 2
fi=(253)
29 247
fe=(192)
230 2
cob=(4)
cfi=(176)
cfn=(1174) 0x0000000000109310
calls=1 0 
* 191
fi=(194)
86 4
cob=(4)
cfi=(176)
cfn=(654)
calls=1 -86 
* 293
* 10
cob=(4)
cfi=(176)
cfn=(654)
calls=1 -86 
* 1527
* 5
cob=(4)
cfi=(176)
cfn=(654)
calls=1 -86 
* 611
fe=(192)
237 6
-10 2
-91 2
-59 1
+1 1
-1 3
+1 5
+1 3
fi=(194)
+7 6
cob=(4)
cfi=(176)
cfn=(654)
calls=1 -86 
* 6168
fe=(192)
+54 1
+24 2
cfi=(259)
cfn=(1166)
calls=1 -18 
* 2418
+1 2
cfi=(256)
cfn=(1172) cxf_freeenv
calls=1 -35 
* 107
* 1

fl=(264)
fn=(942)
146 9
+2 1
-2 5
+5 2
-44 3
fi=(194)
+93 5
cob=(4)
cfi=(176)
cfn=(756)
calls=1 0 
* 646
* 2475
cob=(4)
cfi=(176)
cfn=(756)
calls=495 0 
* 92393
fe=(264)
-49 992
19 1980
cob=(4)
cfi=(176)
cfn=(944) 0x0000000000109430
calls=495 -19 
* 2970
* 14653
153 990
+2 990
+12 3176
-90 1524
-3 381
+3 1143
cfn=(952) next_token
calls=381 -53 
* 54483
* 762
+79 764
39 20
cob=(4)
cfi=(176)
cfn=(948) 0x0000000000109270
calls=5 -39 
* 132
* 10
+1 16
cob=(4)
cfi=(176)
cfn=(948)
calls=4 -40 
* 105
* 8
+1 12
cob=(4)
cfi=(176)
cfn=(948)
calls=3 -41 
* 78
* 6
+1 6
+1 4
cob=(4)
cfi=(176)
cfn=(948)
calls=1 -43 
* 27
* 2
+1 4
cob=(4)
cfi=(176)
cfn=(948)
calls=1 -44 
* 27
156 4
-49 72
-3 12
+6 12
-3 12
cfn=(952)
calls=12 -83 
* 1212
* 24
+3 120
cfn=(952)
calls=24 -86 
* 4538
* 48
fi=(266) /usr/include/x86_64-linux-gnu/bits/stdlib-float.h
-83 72
cob=(4)
cfi=(176)
cfn=(984) 0x0000000000109290
calls=24 -27 
* 11437
fe=(264)
+86 48
fi=(266)
-86 24
fe=(264)
+86 24
cfi=(263)
cfn=(988)
calls=24 -4 
* 2463
+1 48
-5 180
cfn=(952)
calls=36 -85 
* 4860
* 72
+47 24
53 388
-3 97
+3 291
cfn=(952)
calls=97 -29 
* 7081
* 194
156 196
+4 4
-2 1
+2 2
cfn=(952)
calls=1 24 
* 227
fi=(253)
-65 4
cob=(4)
cfi=(176)
cfn=(926)
calls=1 -95 
* 39
fe=(264)
+61 1
+6 2
+14 1
+1 11
54 582
cfn=(952)
calls=97 -30 
* 15229
* 194
+3 331
+8 288
cfi=(263)
cfn=(958)
calls=96 +52 
* 38643
+1 192
+13 1143
cfi=(263)
cfn=(976)
calls=381 +34 
* 35841
* 381
+1 762
+13 762
-7 381
+7 1143
-8 1905
cfn=(952)
calls=381 -61 
* 65151
* 3650
cfn=(952)
calls=730 -61 
* 75905
* 2222
+1 3650
cfn=(952)
calls=730 -62 
* 143051
* 1460
fi=(266)
-59 2190
cob=(4)
cfi=(176)
cfn=(984)
calls=730 -27 
* 418486
fe=(264)
+62 1460
fi=(266)
-62 730
fe=(264)
+62 730
cfi=(263)
cfn=(988)
calls=730 +20 
* 73556
* 730
+1 1460
+2 3650
+1 180
+2 2776
cfi=(263)
cfn=(990)
calls=694 +71 
* 87471
* 1388
-53 2
156 2
-42 144
-33 237
cfi=(263)
cfn=(980)
calls=79 +60 
* 30223
* 79
+1 158
-17 192
-8 2
+8 4
cfi=(263)
cfn=(958)
calls=1 +52 
* 396
+1 2
+2 4
174 1

fn=(952)
24 22401
+1 2489
-1 2489
+3 19912
cob=(4)
cfi=(176)
cfn=(944)
calls=2489 -27 
* 14934
* 105446
+2 14672
-3 6288
+3 20394
+1 10197
-1 10197
+1 20394
-1 87864
+5 6288
-2 2096
+1 2096
+2 22401
-7 1179

fl=(292)
fn=(1092)
57 952
+4 714
+4 357
+5 119
+5 119
-5 238
+5 119
+17 119
-16 119
-6 119
+5 119
+1 357
+1 119
+3 238
-3 11305
+3 45458
+4 68544
-8 34272
+14 238
+2 119
-2 238
+2 119
+14 714
cfi=(293)
cfn=(1094)
calls=119 -64 
* 346611
+9 952
+1 119
+5 119
-5 119
+2 238
-1 119
+4 119
+1 119
-1 119
+1 119
-1 119
+3 238
+7 119
+1 714
-40 476

fl=(290)
fn=(1086)
92 1547
+2 1071
+4 119
+3 238
+1 119
+89 1309
-85 119
fi=(253)
-77 119
fe=(290)
+77 119
fi=(253)
-77 357
cob=(4)
cfi=(176)
cfn=(1078)
calls=119 -29 
* 12257
fe=(290)
+80 533
+2 300
+2 400
+1 300
-1 300
+1 28500
-1 28500
+6 119
+1 238
+8 234
+9 82
+2 246
-13 82
+13 82
-13 82
+13 164
-13 117
+12 234
+1 10008
+1 5121
+1 10242
-2 5121
+1 5121
-1 10242
+22 702
-13 117
+1 117
+1 117
+3 234
-5 5004
+1 5004
+1 5004
+3 20250
+8 35847
+12 5121
+4 5121
-4 15363
+1 5121
+3 10242
+1 20484
+1 35847
-1 95028
+1 865494
+1 701043
-3 300447
-30 15363
+39 234
+1 35
cob=(4)
cfi=(176)
cfn=(1006)
calls=35 0 
* 3045
* 35
34 38
cob=(4)
cfi=(176)
cfn=(932)
calls=19 -34 
* 893
* 19
+1 38
+2 38
+1 152
-1 57
+1 7220
-1 5491
+7 5472
+1 9120
+1 1150
+1 164
+1 492
-2 164
+2 656
-2 449
+2 242
-2 121
+2 605
-2 242
+2 240
-2 120
+2 600
-2 361
+8 19
+2 19
+5 114
-5 7296
+1 1615
+1 9690
-2 1615
+2 3230
-2 3230
+2 12540
-2 4180
+2 8360
-2 8360
+5 9120
+1 5472
-8 7334
+16 114
-1 76
+1 5415
-1 7220
+4 19
cob=(4)
cfi=(176)
cfn=(1006)
calls=19 -73 
* 1653
* 19
+56 105
cob=(4)
cfi=(176)
cfn=(932)
calls=35 0 
* 3759
* 35
+1 70
+7 35
+2 105

fl=(256)
fn=(910)
75 1
+3 2
-3 1
+9 1
-9 4
+7 1
+2 2
cfi=(257)
cfn=(912)
calls=1 -31 
* 272
+1 2
-49 1
-3 1
-2 1
+7 1
-7 1
+5 1
+5 1
+4 1
-9 1
+15 1
-13 1
+13 1
+17 1
-27 1
+5 1
+3 1
+1 1
+9 1
+3 1
+2 1
+3 1
+5 1
-4 1
+23 1
+1 1
+1 3

fn=(1172)
130 1
+1 2
-1 5
+6 3
+11 1
+2 2
cfi=(257)
cfn=(1004)
calls=1 -43 
* 89
+2 1
-1 1
+1 2

fl=(285)
fn=(1114)
171 1
+2 4
+5 1
+1 1
-1 2
-7 7
+12 1
+1 5
+4 6
+1 2
fi=(253)
29 1
cob=(4)
cfi=(176)
cfn=(1078)
calls=1 -29 
* 91
fe=(285)
191 6
+1 2
fi=(253)
29 1
cob=(4)
cfi=(176)
cfn=(1078)
calls=1 -29 
* 91
fe=(285)
197 1
+3 1
-1 1
+1 5

fn=(1072)
71 1
+2 4
+5 3
+4 1
+1 2
+10 1
+1 3
+9 1
+1 1
+1 1
+3 2
-37 2
+39 5
+6 1
+1 1
-70 1
+24 2
+78 1
-31 1
-47 1
+53 1
-14 316
+10 79
-4 158
+1 158
-77 79
+7 158
-7 158
+1 79
+1 237
-3 79
+1 79
+3 79
-3 158
+1 79
+3 158
+3 79
-5 79
+5 79
-5 158
+1 79
+4 79
-3 158
+3 79
+93 79
-93 79
+85 79
-85 79
+86 79
+7 158
+1 237
+2 237
+5 237
-40 316
-24 1
+75 1
-80 1
+80 3

fl=(283)
fn=(1068)
32 2
+1 1
-1 7
+1 4
+4 3
cob=(4)
cfi=(176)
cfn=(914)
calls=1 -37 
* 230
* 1
+1 2
+4 1
+1 1
+1 1
+2 1
+1 1
+2 1
+1 1
+3 2
+19 2
+15 9
-33 4
cob=(4)
cfi=(176)
cfn=(914)
calls=1 -54 
* 196
+1 2
-1 2
+1 1
cob=(4)
cfi=(176)
cfn=(914)
calls=1 -55 
* 272
+1 1
-1 2
+1 1
cob=(4)
cfi=(176)
cfn=(932)
calls=1 -56 
* 182
+1 1
-1 1
+1 11
+9 2
+1 1
-1 4
+1 1
-1 4
+1 2
-1 3
+1 92
-1 139
+7 3
cob=(4)
cfi=(176)
cfn=(932)
calls=1 -73 
* 182
* 2
+1 2
+8 7
cob=(4)
cfi=(176)
cfn=(1002)
calls=1 -82 
* 59
* 1

fn=(1126)
97 1
+1 2
-1 7
+6 1
+1 3
+1 2
+1 2
cob=(4)
cfi=(176)
cfn=(1006)
calls=1 0 
* 176
-1 36
+1 36
cob=(4)
cfi=(176)
cfn=(1006)
calls=18 0 
* 2419
+1 38
cob=(4)
cfi=(176)
cfn=(1006)
calls=19 0 
* 3222
+1 38
cob=(4)
cfi=(176)
cfn=(1006)
calls=19 0 
* 2048
-4 38
+9 2
cfi=(296)
cfn=(1128) cxf_lu_free
calls=1 -35 
* 3153
+3 2
cob=(4)
cfi=(176)
cfn=(1006)
calls=1 0 
* 176
+1 2
cob=(4)
cfi=(176)
cfn=(1006)
calls=1 0 
* 87
+1 2
cob=(4)
cfi=(176)
cfn=(1006)
calls=1 0 
* 176
+1 2
cob=(4)
cfi=(176)
cfn=(1006)
calls=1 0 
* 209
+2 1
-1 1
+1 4
-1 1
cob=(4)
cfi=(176)
cfn=(1006)
calls=1 0 
* 106

fl=(297)
fn=(1110)
34 10
+1 7
+5 1
+2 2
+5 1
+1 5
+8 1
-3 1
+3 6
cob=(4)
cfi=(176)
cfn=(914)
calls=1 -56 
* 74033
+1 3
+5 3
cob=(4)
cfi=(176)
cfn=(914)
calls=1 -62 
* 196
+1 2
-1 2
+1 1
cob=(4)
cfi=(176)
cfn=(914)
calls=1 -63 
* 346
+1 2
-1 1
+1 1
cob=(4)
cfi=(176)
cfn=(914)
calls=1 -64 
* 453
+1 2
-1 1
+1 1
cob=(4)
cfi=(176)
cfn=(914)
calls=1 -65 
* 566
+2 3
-2 1
+2 3
+1 4
+10 3
+1 6
+12 44
+1 88
+3 352
-17 227
+1 190
+2 190
-2 2
+2 2
+2 312
+1 260
+1 104
-1 406
+1 812
+1 2748
-3 1426
-5 219
+24 9312
+1 36864
+1 502
+1 502
-3 27648
-1 384
+10 2
+1 1
-1 1
+1 1
-1 1
+1 1
-1 2
+1 1
cob=(4)
cfi=(176)
cfn=(932)
calls=1 0 
* 331
+1 1
-1 2
+1 1
cob=(4)
cfi=(176)
cfn=(932)
calls=1 0 
* 479
+1 1
-1 2
+1 1
cob=(4)
cfi=(176)
cfn=(932)
calls=1 0 
* 342
+3 3
-3 2
+3 11
+11 1
-13 1
+13 15
-1 2
+4 2
-4 1
+1 2
+1 5
-2 190
+4 190
-4 95
+1 190
+1 475
+2 22800
+1 36864
+3 9312
-3 9312
+3 9312
+2 1340928
+1 898608
+1 599072
-3 1787904
+6 13968
+2 23280
+11 21404
+1 1614
+4 1614
-4 1614
+4 19368
-13 1786160
+1 1340928
+1 1198144
+2 599072
+1 43680
+1 21840
-1 21840
+1 43680
-1 21840
+3 43680
+3 436
-11 436
+13 436
-3 436
+2 436
-12 1309
-16 18624
+35 864
+9 96
+1 192
+3 192
-4 96
+1 96
-1 96
+1 96
+7 96
-7 96
+3 192
+3 96
+34 96
-34 96
+34 192
-40 192
+40 480
-30 27648
+1 22800
+1 18240
+2 151
+3 302
+13 302
+1 151
+5 151
+1 151
-4 151
-3 151
+1 302
+1 302
+5 302
+9 200
+1 50
+1 50
+5 50
-15 150
+15 206
-15 57683
+1 43488
+1 17085
+1 22780
+2 256
+1 256
-1 768
+1 256
+2 512
-2 256
+2 256
+3 1236
+16 1
+2 5
+1 1
-3 1
+2 2
+1 2
+3 4
+2 32205
+1 305
-3 13680
-3 95
-1 190
+1 95
+3 285
+7 1
+3 2
+1 8
cob=(4)
cfi=(176)
cfn=(966)
calls=1 0 
* 667
+2 2
-2 1
+2 3
cob=(4)
cfi=(176)
cfn=(966)
calls=1 0 
* 598
+2 10
+8 2
+1 1
+4 1
+17 1
-17 2
+3 3
+1 2
+1 3
-4 1
+5 8
+1 4
-1 752
+1 376
-1 17860
+1 17860
+1 610
+1 610
+1 305
-6 13680
-1 190
+1 285
+13 1
+3 1
-3 1
+3 2
+1 9
cob=(4)
cfi=(176)
cfn=(966)
calls=1 0 
* 294
+2 2
-2 1
+2 1
cob=(4)
cfi=(176)
cfn=(966)
calls=1 0 
* 205
+2 8
+8 1
+4 3
-4 1
fi=(253)
59 2
fe=(297)
309 1
fi=(253)
59 4
cob=(4)
cfi=(176)
cfn=(1002)
calls=1 -59 
* 66
fe=(297)
315 1
+1 8
-1 1
+1 1
-1 2
+1 150
-1 150
+1 150
-1 300
+5 2
+1 7
-1 1
+1 1
-1 2
+1 95
-1 95
+1 95
-1 190
+5 7
cob=(4)
cfi=(176)
cfn=(914)
calls=1 0 
* 506
+1 5
-1 1
+1 1
+7 3
+2 2
+1 1
+1 4
-2 6
+3 1
-3 1
+1 1
+2 1
-2 2
+1 2
-4 1
+4 1
-4 2
+2 900
+3 150
-3 150
+1 150
+2 150
-2 300
+1 300
-4 150
+4 150
-4 304
+8 1
cob=(4)
cfi=(176)
cfn=(1006)
calls=1 0 
* 87
+6 3
cob=(4)
cfi=(176)
cfn=(932)
calls=1 0 
* 180
+1 5
-1 1
+1 1
+6 2
+1 5
-1 3
+1 190
-1 285
+3 7
+1 1
-1 1
+1 2
-1 2
+1 150
-1 150
+1 300
-1 303
+3 1
cob=(4)
cfi=(176)
cfn=(1006)
calls=1 0 
* 87
+2 2
cob=(4)
cfi=(176)
cfn=(1006)
calls=1 0 
* 182
+1 2
cob=(4)
cfi=(176)
cfn=(1006)
calls=1 0 
* 87
* 2
cob=(4)
cfi=(176)
cfn=(1006)
calls=1 0 
* 87
+1 2
cob=(4)
cfi=(176)
cfn=(1006)
calls=1 0 
* 87
* 2
cob=(4)
cfi=(176)
cfn=(1006)
calls=1 0 
* 87
+1 2
cob=(4)
cfi=(176)
cfn=(1006)
calls=1 0 
* 87
* 2
cob=(4)
cfi=(176)
cfn=(1006)
calls=1 0 
* 87
* 2
cob=(4)
cfi=(176)
cfn=(1006)
calls=1 0 
* 194
+2 2
44 1
369 8
185 73536
+48 768
125 478

fl=(261)
fn=(1170)
40 1
+1 2
-1 5
+6 2
cob=(4)
cfi=(176)
cfn=(1006)
calls=1 -46 
* 87
+1 2
cob=(4)
cfi=(176)
cfn=(1006)
calls=1 -47 
* 170
+1 2
cob=(4)
cfi=(176)
cfn=(1006)
calls=1 -48 
* 203
+3 2
cob=(4)
cfi=(176)
cfn=(1006)
calls=1 -51 
* 236
+1 2
cob=(4)
cfi=(176)
cfn=(1006)
calls=1 -52 
* 197
+1 2
cob=(4)
cfi=(176)
cfn=(1006)
calls=1 -53 
* 197
+3 2
cob=(4)
cfi=(176)
cfn=(1006)
calls=1 -56 
* 212
+1 2
cob=(4)
cfi=(176)
cfn=(1006)
calls=1 -57 
* 108
+3 1
+1 2
-1 1
cob=(4)
cfi=(176)
cfn=(1006)
calls=1 -60 
* 108

fn=(934)
22 1
+1 3
cob=(4)
cfi=(176)
cfn=(914)
calls=1 -23 
* 237

fn=(998) cxf_sparse_init_csc
76 1
+1 2
+3 3
-4 8
+4 2
+4 2
+5 1
-4 1
+4 1
-3 1
+3 2
cob=(4)
cfi=(176)
cfn=(914)
calls=1 -89 
* 420
* 2
+1 2
+5 2
+15 1
+1 7
-15 3
cob=(4)
cfi=(176)
cfn=(914)
calls=1 -96 
* 2998
+1 2
-1 2
+1 1
cob=(4)
cfi=(176)
cfn=(914)
calls=1 -97 
* 5780
* 1
+2 4

fl=(277)
fn=(1132)
124 1
+2 2
-2 8
+7 1
+1 2
+5 1
+1 2
+41 1
-52 1
+52 6

fn=(1042)
42 1
+2 2
-2 8
+7 1
+1 2
+5 1
+1 2
+44 1
-55 1
+55 6

fl=(279)
fn=(1046)
57 9
+1 1
+1 2
+1 1
+3 2
-2 1
-1 1
+3 1
+5 5
cob=(4)
cfi=(176)
cfn=(932)
calls=1 -68 
* 493
+1 1
-1 1
+1 1
cob=(4)
cfi=(176)
cfn=(932)
calls=1 -69 
* 180
* 1
+1 4
+3 12
+2 5
cfn=(1060) get_row_coeffs
calls=1 -55 
* 178
* 475
cfn=(1060)
calls=95 -55 
* 15210
+1 480
-2 192
+10 96
-8 192
+6 283
-1 283
+1 566
+3 694
-9 22752
+1 7584
+1 22752
+1 694
+1 694
-1 1388
+2 1388
-1 694
+4 2055
+4 480
+1 384
+1 288
+3 52
+3 26
+1 104
-24 384
+31 7
-55 1
+55 2
-55 2
+57 6
cfn=(1060)
calls=1 -86 
* 178
* 570
cfn=(1060)
calls=95 -86 
* 15210
+1 576
+1 480
+1 1142
-64 185272
+64 13680
+1 22800
cfn=(1060)
calls=4560 -90 
* 697180
-66 22800
-2 4560
+1 9120
+2 773016
+1 7982
+1 501
+1 1002
+1 992
-5 276201
+93 8
-47 249
-20 2
cob=(4)
cfi=(176)
cfn=(1006)
calls=1 -70 
* 87
* 2
cob=(4)
cfi=(176)
cfn=(1006)
calls=1 -70 
* 87
-11 2
-11 759
+66 571
-50 2
cfi=(280)
cfn=(1048)
calls=1 -30 
* 42720
* 3
+1 2
cfi=(280)
cfn=(1054)
calls=1 +29 
* 13226
* 2

fn=(1062)
139 1
+1 1
+1 2
+2 1
-1 1
+3 2
-6 1
+37 4
+2 1
-20 1
-19 5
+7 1
+1 4
+2 39
-4 198
+1 158
+3 158
+18 201
+15 26
-37 39
+41 1
-45 1
+45 5
-35 26
+2 13
+8 13
-8 13
+1 26
+1 1456
+1 742
-1 12467
+1 7430
+2 108
+1 108
+1 81
+1 24
+1 24
-11 162
+4 28
-4 2860
+9 105

fn=(1060)
20 33264
+1 4752
-1 9504
fi=(253)
+39 4752
fe=(279)
-39 4752
fi=(253)
+39 14256
cob=(4)
cfi=(176)
cfn=(1002)
calls=4752 -59 
* 247104
fe=(279)
-37 4752
fi=(253)
+37 4752
fe=(279)
-37 38016
+1 4752
+1 4752
+1 14256
+1 4752
+1 9504
-1 26226
+1 176364
-2 92934
+13 28512

fl=(296)
fn=(1130) cxf_lu_free.part.0
78 5
+5 2
cob=(4)
cfi=(176)
cfn=(1006)
calls=1 -83 
* 176
+1 2
cob=(4)
cfi=(176)
cfn=(1006)
calls=1 -84 
* 87
+1 2
cob=(4)
cfi=(176)
cfn=(1006)
calls=1 -85 
* 170
+1 2
cob=(4)
cfi=(176)
cfn=(1006)
calls=1 -86 
* 176
+1 2
cob=(4)
cfi=(176)
cfn=(1006)
calls=1 -87 
* 1632
+1 2
cob=(4)
cfi=(176)
cfn=(1006)
calls=1 -88 
* 199
+1 2
cob=(4)
cfi=(176)
cfn=(1006)
calls=1 -89 
* 200
+1 2
cob=(4)
cfi=(176)
cfn=(1006)
calls=1 -90 
* 200
+1 2
cob=(4)
cfi=(176)
cfn=(1006)
calls=1 -91 
* 176
+1 1
+1 2
-1 1
cob=(4)
cfi=(176)
cfn=(1006)
calls=1 -92 
* 106

fn=(1108)
22 9
+1 2
+5 2
+3 1
-3 2
+1 2
-1 1
+3 1
-2 1
+2 1
cob=(4)
cfi=(176)
cfn=(914)
calls=1 -31 
* 171
* 1
+1 2
+4 1
+6 2
-5 1
+5 1
-4 1
+4 1
-3 1
+3 1
cob=(4)
cfi=(176)
cfn=(914)
calls=1 -42 
* 1806
+1 1
-1 2
+1 1
cob=(4)
cfi=(176)
cfn=(932)
calls=1 -43 
* 47
+1 1
-1 2
+1 1
cob=(4)
cfi=(176)
cfn=(932)
calls=1 -44 
* 17351
+3 2
-3 2
+3 1
cob=(4)
cfi=(176)
cfn=(914)
calls=1 -47 
* 390
+1 1
-1 2
+1 1
cob=(4)
cfi=(176)
cfn=(932)
calls=1 -48 
* 47
+1 1
-1 2
+1 1
cob=(4)
cfi=(176)
cfn=(932)
calls=1 -49 
* 387
+1 1
-1 2
+1 1
cob=(4)
cfi=(176)
cfn=(932)
calls=1 -50 
* 349
+3 1
-3 2
+3 2
cob=(4)
cfi=(176)
cfn=(932)
calls=1 -53 
* 47
+1 1
-1 2
+1 1
cob=(4)
cfi=(176)
cfn=(932)
calls=1 -54 
* 47
+3 3
-3 1
+3 1
-3 1
+3 1
+1 1
-1 3
+2 1
-2 2
+2 1
-2 2
+2 1
-1 2
+1 1
-1 2
+1 1
-1 2
+1 9
+7 1
+1 1
-2 3
+1 95
+1 95
-2 285
+6 9

fn=(1128)
78 1
+1 3
cfn=(1130)
calls=1 -1 
* 3149

fl=(267)
fn=(992)
112 10
+6 1
-6 1
+6 4
-3 5
+4 290
-1 291
+5 2
cfi=(257)
cfn=(930)
calls=1 -90 
* 186
* 1
+1 2
+3 3
+1 2
-2 2
+2 485
+3 192
-2 96
-2 288
+2 1
-2 3
+9 321
+1 79
+1 237
-1 158
+1 474
cfi=(268) /home/tobiasosborne/Projects/convexfeld/src/api/model_stub.c
cfn=(994) cxf_addvar
calls=79 -42 
* 9278
+2 158
+8 3
cfi=(257)
cfn=(1004)
calls=1 -42 
* 89
+1 1
+1 8
40 1
-5 1
+5 4
-5 1
+5 1
cfi=(257)
cfn=(912)
calls=1 +13 
* 305
* 1
+2 2
+2 4
-7 1
+8 1
-8 6
+9 474
+2 79
+1 237
-1 615
+1 1845
+1 694
+1 694
-5 2082
-2 316
+13 8
cfi=(261)
cfn=(998)
calls=1 +19 
* 9249
+1 5
+6 4
+1 1
+1 2
-1 3
+1 156
-1 234
fi=(253)
-6 2
fe=(267)
+12 2
fi=(253)
-12 1
cob=(4)
cfi=(176)
cfn=(1002)
calls=1 -59 
* 52
fe=(267)
+15 2
fi=(253)
-15 1
fe=(267)
+14 3
+2 237
+1 237
+1 158
+1 158
-1 1230
+1 1230
+1 2776
+3 694
-3 694
+1 1388
+1 2776
+1 694
-7 2161
-2 395
+14 1
+3 1
-3 1
cfi=(257)
cfn=(1004)
calls=1 +19 
* 89
+3 2
cfi=(257)
cfn=(930)
calls=1 -57 
* 187
+1 1
-1 1
+1 1
cfi=(257)
cfn=(930)
calls=1 -58 
* 196
+1 1
-1 1
+1 4
+9 2
-1 1
+1 3
+1 582
+1 288
+2 96
-2 96
+1 192
-3 291
+7 2
+1 2

fl=(268)
fn=(996) cxf_model_grow_vars
26 21
+6 3
+1 9
+1 3
-1 6
+6 3
-1 12
cfi=(257)
cfn=(964)
calls=3 +39 
* 1527
+2 6
+3 3
+2 9
cfi=(257)
cfn=(964)
calls=3 +32 
* 1210
+2 6
+3 3
+2 9
cfi=(257)
cfn=(964)
calls=3 +25 
* 1210
+2 6
+3 3
+2 9
cfi=(257)
cfn=(964)
calls=3 +18 
* 1248
+2 6
+3 3
+2 9
cfi=(257)
cfn=(964)
calls=3 +11 
* 1275
+2 6
+6 3
-3 3
+5 3
+1 18

fn=(994)
96 79
+5 158
-5 395
+10 316
+4 79
+5 237
+8 158
+1 158
+1 158
+1 158
+1 158
+12 79
-11 79
+12 395
-24 18
cfn=(996)
calls=3 -90 
* 6632
+1 6
+5 15

fl=(284)
fn=(1102)
138 8
+1 1
-1 1
+2 1
+10 1
-9 1
+3 3
+1 7
-1 3
+1 156
-1 234
+8 3
-7 1
+14 1
-8 2
+3 1
+1 2
-1 95
+1 574
+1 288
+1 26
-5 384
+15 2
+4 1
+1 3
+1 7
-1 1
+1 2
-1 2
+1 156
-1 78
+1 156
-1 156
+3 1
+5 1
-4 1
+4 6
-22 332

fn=(1070)
30 10
+3 1
+2 1
-4 1
+2 1
+1 2
+4 2
+1 1
+2 2
+1 3
-3 1
+1 2
-1 78
+1 156
+1 79
+1 79
-4 237
+9 1
-2 1
+2 2
+2 2
+54 1
-50 1
+50 2
-50 1
+13 1
-17 1
+58 3
-4 2
-35 2
+35 1
-24 1
+24 1
-25 1
+25 1
-35 3
-20 2
+5 1
-5 1
+2 2
+3 2
-5 190
+5 95
-5 95
+2 190
+3 286
+2 192
-1 96
+3 192
-3 192
+3 96
+1 96
+1 192
-2 7488
+1 7488
+1 14976
+1 15168
-1 189003
+1 128778
+2 694
-7 694
+7 694
-7 1388
+7 6890
-7 6890
+7 6890
-7 13780
+10 288
+3 192
-2 288
+1 192
+1 96
+3 288
+11 52
+13 26
+1 26
-1 13
+8 13
-6 13
+6 13
-1 13
+1 13
+1 10
+3 192
+1 96
-61 384
+64 5
+1 6
cob=(4)
cfi=(176)
cfn=(1002)
calls=1 0 
* 59
+4 1
-1 1
+1 10
+2 288
+1 52
-3 288
+6 1
+8 9
-74 13780
+16 83
+3 83
-3 83
+2 83
+1 166
+14 166

ob=(5)
fl=(179)
fn=(1228) 0x0000000000001060
0 5

fn=(588)
0 12

fn=(1218)
0 9
cob=(4)
cfi=(176)
cfn=(1224) 0x000000000483d030
calls=1 0 
0 80
0 1
cfn=(1228)
calls=1 0 
0 5
0 3

ob=(4)
fl=(176)
fn=(666)
0 528
cob=(2)
cfi=(198)
cfn=(668)
calls=264 53 
0 5061

fn=(756)
0 1224
cob=(2)
cfi=(217)
cfn=(758)
calls=612 32 
0 113910

fn=(784)
0 228
cob=(2)
cfi=(222)
cfn=(786)
calls=114 24 
0 501444

fn=(902)
0 228
cob=(2)
cfi=(254)
cfn=(904)
calls=114 22 
0 5507

fn=(906)
0 2
cob=(2)
cfi=(255)
cfn=(908)
calls=1 27 
0 592

fn=(1006)
0 1744
cob=(2)
cfi=(205)
cfn=(866)
calls=872 3359 
0 97694

fn=(752)
0 4
cob=(2)
cfi=(198)
cfn=(754)
calls=2 53 
0 42

fn=(778)
0 1234
cob=(2)
cfi=(221)
cfn=(780)
calls=617 61 
0 18730

fn=(810)
0 2462
cob=(2)
cfi=(200)
cfn=(812)
calls=1231 249 
0 24620

fn=(892)
0 234
cob=(2)
cfi=(251)
cfn=(894)
calls=117 32 
0 4596

fn=(1174)
0 2
cob=(2)
cfi=(311)
cfn=(1176)
calls=1 31 
0 189

fn=(1214)
0 4

fn=(1242)
0 2
cob=(2)
cfi=(318)
cfn=(1200)
calls=1 30 
0 78

fn=(690)
0 12
cob=(2)
cfi=(205)
cfn=(692)
calls=6 3294 
0 2554

fn=(792)
0 2444
cob=(2)
cfi=(225)
cfn=(794)
calls=1222 52 
0 18036

fn=(848)
0 4
cob=(2)
cfi=(245)
cfn=(850)
calls=2 34 
0 1198

fn=(864)
0 10
cob=(2)
cfi=(205)
cfn=(866)
calls=5 3359 
0 700

fn=(1026)
0 8
cob=(2)
cfi=(274)
cfn=(1028)
calls=4 32 
0 720

fn=(1058)
0 8
cob=(2)
cfi=(200)
cfn=(812)
calls=4 249 
0 396

fn=(1198)
0 2
cob=(2)
cfi=(318)
cfn=(1200)
calls=1 30 
0 78

fn=(584)
0 7

fn=(624)
0 7

fn=(838)
0 228
cob=(2)
cfi=(241)
cfn=(840)
calls=114 26 
0 42148

fn=(926)
0 708
cob=(2)
cfi=(260)
cfn=(928)
calls=354 54 
0 12397

fn=(948)
0 28
cob=(2)
cfi=(193)
cfn=(950)
calls=14 206 
0 341

fn=(1002)
0 9992
cob=(2)
cfi=(258)
cfn=(920)
calls=4996 158 
0 252355

fn=(654)
0 22
cob=(2)
cfi=(195)
cfn=(656)
calls=11 25 
0 13879

fn=(722)
0 2
cob=(2)
cfi=(200)
cfn=(724)
calls=1 242 
0 14

fn=(886)
0 2
cob=(2)
cfi=(249)
cfn=(888)
calls=1 82 
0 263

fn=(898)
0 232
cob=(2)
cfi=(225)
cfn=(794)
calls=116 52 
0 1626

fn=(1098)
0 2
cob=(3)
cfi=(294)
cfn=(1100)
calls=1 23 
0 6

fn=(560)
0 40
cob=(1)
cfi=(11)
cfn=(28)
calls=20 387 
0 469

fn=(598)
0 2
cob=(2)
cfi=(182)
cfn=(600)
calls=1 53 
0 29

fn=(634)
0 2
cob=(1)
cfi=(48)
cfn=(636)
calls=1 118 
0 5

fn=(1010)
0 4
cob=(2)
cfi=(269)
cfn=(1012)
calls=2 30 
0 22

fn=(1234)
0 4

fn=(728)
0 4
cob=(2)
cfi=(213)
cfn=(730)
calls=2 85 
0 1068

fn=(914)
0 774
cob=(2)
cfi=(205)
cfn=(916)
calls=387 3699 
0 243371

fn=(604)
0 7

fn=(648)
0 2540
cob=(2)
cfi=(193)
cfn=(650)
calls=1270 206 
0 27209

fn=(672)
0 1764
cob=(2)
cfi=(200)
cfn=(674)
calls=882 255 
0 13065

fn=(932)
0 952
cob=(2)
cfi=(205)
cfn=(692)
calls=476 3294 
0 83881

fn=(1020)
0 8
cob=(2)
cfi=(273)
cfn=(1022)
calls=4 26 
0 4048

fn=(1252)
0 4

fn=(918)
0 426
cob=(2)
cfi=(258)
cfn=(920)
calls=213 158 
0 129705

fn=(944)
0 5968
cob=(2)
cfi=(265)
cfn=(946)
calls=2984 40 
0 11936

fn=(966)
0 282
cob=(2)
cfi=(205)
cfn=(968)
calls=141 3407 
0 46641

fn=(984)
0 1508
cob=(2)
cfi=(230)
cfn=(986)
calls=754 81 
0 428415

fn=(1078)
0 252
cob=(2)
cfi=(200)
cfn=(674)
calls=126 255 
0 12686

fn=(1224)
0 2
cob=(2)
cfi=(318)
cfn=(1200)
calls=1 30 
0 78

totals: 22306887
