# callgrind format
version: 1
creator: callgrind-3.22.0
pid: 31931
cmd:  ./build-prof/benchmarks/bench_netlib --dir benchmarks/netlib/feasible --csv benchmarks/netlib/feasible_reference_1e-8.csv --filter beaconfd
part: 1


desc: I1 cache: 
desc: D1 cache: 
desc: LL cache: 

desc: Timerange: Basic block 0 - 19819487
desc: Trigger: Program termination

positions: line
events: Ir
summary: 86466909


ob=(3) /usr/lib/x86_64-linux-gnu/libm.so.6
fl=(151) ./math/../sysdeps/x86_64/fpu/multiarch/e_pow.c
fn=(472) __pow_finite@GLIBC_2.15
27 1
fi=(152) ./math/../sysdeps/x86_64/fpu/multiarch/ifunc-fma4.h
+4 4
+1 2
fe=(151)
-5 1

fl=(300) ./math/../sysdeps/x86_64/fpu/s_fmax.S
fn=(1118) fmax
23 1
+1 1
+1 1
+1 1
+1 1
+23 1

fl=(143) ./math/../sysdeps/x86_64/fpu/multiarch/e_exp.c
fn=(444) __exp_finite@GLIBC_2.15
27 1
fi=(144) ./math/../sysdeps/x86_64/fpu/multiarch/ifunc-avx-fma4.h
+5 5
+1 2
fe=(143)
-6 1

fl=(157) ./math/../sysdeps/x86_64/fpu/multiarch/s_sinf.c
fn=(492) sinf
26 1
fi=(142) ./math/../sysdeps/x86_64/fpu/multiarch/ifunc-fma.h
+3 4
+1 3
fe=(157)
-4 1

fl=(184) ???
fn=(1256) 0x0000000000010430
0 5

fn=(1246) 0x00000000000104a0
0 9
cob=(4) ???
cfi=(176) ???
cfn=(1252) 0x000000000485f220
calls=1 0 
0 80
0 1
cfn=(1256)
calls=1 0 
0 5
0 3

fn=(608) 0x00000000000104e0
0 12

fl=(149) ./math/../sysdeps/x86_64/fpu/multiarch/s_sincosf.c
fn=(464) sincosf
26 1
fi=(142)
+3 4
+1 3
fe=(149)
-4 1

fl=(150) ./math/../sysdeps/x86_64/fpu/multiarch/e_powf.c
fn=(468) powf@@GLIBC_2.27
30 1
fi=(142)
-1 4
+1 4
fe=(150)

fl=(148) ./math/../sysdeps/x86_64/fpu/multiarch/e_log2.c
fn=(460) log2@@GLIBC_2.29
27 1
fi=(142)
+2 4
+1 3
fe=(148)
-3 1

fl=(161) ./math/../sysdeps/x86_64/fpu/multiarch/e_atan2.c
fn=(510) __atan2_finite@GLIBC_2.15
26 1
fi=(144)
+6 5
+1 2
fe=(161)
-7 1

fl=(156) ./math/../sysdeps/x86_64/fpu/multiarch/e_asin.c
fn=(498) __asin_finite@GLIBC_2.15
27 1
fi=(152)
+4 4
+1 2
fe=(156)
-5 1

fn=(488) __acos_finite@GLIBC_2.15
35 1
fi=(152)
-4 4
+1 2
+3 1
fe=(156)

fl=(147) ./math/../sysdeps/x86_64/fpu/multiarch/e_logf.c
fn=(456) logf@@GLIBC_2.27
27 1
fi=(142)
+2 4
+1 3
fe=(147)
-3 1

fl=(159) ./math/../sysdeps/x86_64/fpu/multiarch/s_expm1.c
fn=(502) expm1
26 1
fi=(142)
+3 4
+1 3
fe=(159)
-4 1

fl=(154) ./math/../sysdeps/x86_64/fpu/multiarch/s_log1p.c
fn=(480) __log1p
26 1
fi=(142)
+3 4
+1 3
fe=(154)
-4 1

fl=(141) ./math/../sysdeps/x86_64/fpu/multiarch/s_cosf.c
fn=(440) cosf
26 1
fi=(142)
+3 4
+1 3
fe=(141)
-4 1

fl=(160) ./math/../sysdeps/x86_64/fpu/multiarch/e_exp2f.c
fn=(506) exp2f@@GLIBC_2.27
27 1
fi=(142)
+2 4
+1 3
fe=(160)
-3 1

fl=(162) ./math/../sysdeps/x86_64/fpu/multiarch/s_sincos.c
fn=(518) sincos
26 1
fi=(152)
+5 4
+1 2
fe=(162)
-6 1

fl=(155) ./math/../sysdeps/x86_64/fpu/multiarch/e_log.c
fn=(484) __log_finite@GLIBC_2.15
27 1
fi=(144)
+5 5
+1 2
fe=(155)
-6 1

fl=(146) ./math/../sysdeps/x86_64/fpu/multiarch/s_sin.c
fn=(452) cos
34 1
fi=(144)
-2 5
+1 2
fe=(146)
+1 1

fn=(514) sin
27 1
fi=(144)
+5 5
+1 2
fe=(146)
-6 1

fl=(145) ./math/../sysdeps/x86_64/fpu/multiarch/e_expf.c
fn=(448) expf@@GLIBC_2.27
27 1
fi=(142)
+2 4
+1 3
fe=(145)
-3 1

fl=(153) ./math/../sysdeps/x86_64/fpu/multiarch/e_log2f.c
fn=(476) log2f@@GLIBC_2.27
27 1
fi=(142)
+2 4
+1 3
fe=(153)
-3 1

fl=(158) ./math/../sysdeps/x86_64/fpu/multiarch/s_fma.c
fn=(496) fma
49 6

ob=(1) /usr/lib/x86_64-linux-gnu/ld-linux-x86-64.so.2
fl=(46) ./elf/../elf/dl-tls.c
fn=(146) _dl_count_modids
192 1
+2 2
+1 1
+15 2

fn=(248) _dl_tls_static_surplus_init
97 2
+3 1
-3 3
+3 1
-3 1
+3 1
-3 1
+3 1
-3 1
+3 1
cfi=(11) ./elf/./elf/dl-tunables.c
cfn=(28) __tunable_get_val
calls=1 387 
* 23
* 1
+1 4
cfi=(11)
cfn=(28)
calls=1 387 
* 23
+1 1
+2 1
-3 1
+1 2
+2 3
+3 1
+2 1
-26 3
+28 3
+1 6

fn=(226) _dl_assign_tls_modid
125 1
+16 1
-13 1
-3 3
+3 1
+55 1
-2 1
+5 1
+1 2

fn=(438) _dl_add_to_slotinfo
1017 8
+9 1
-9 1
+6 1
+4 1
+4 3
+34 2
+3 2
+1 3
+3 6

fn=(250) _dl_determine_tlsoffset
216 9
+6 4
+3 2
+36 3
+2 1
-2 1
-2 1
-40 1
-1 1
-1 1
+46 2
+23 3
+3 1
-3 5
+2 2
+6 1
-33 2
+20 1
-20 5
+2 2
+3 1
-1 1
+5 2
-5 1
+1 1
-1 1
+3 2
+2 3
+32 2
-1 1
+53 1
-52 5
+2 2
+51 8

fn=(252) _dl_allocate_tls_storage
417 7
+2 1
+11 1
+1 1
fi=(28) ./elf/../include/rtld-malloc.h
56 1
cfi=(27) ./elf/./elf/dl-minimal-malloc.c
cfn=(78) __minimal_malloc
calls=1 -20 
* 85
fe=(46)
432 2
+8 3
fi=(28)
44 1
fe=(46)
440 2
+5 1
-5 1
+1 1
+4 304
+19 1
-99 1
+4 1
+1 1
fi=(28)
44 1
cfi=(27)
cfn=(74) __minimal_calloc
calls=1 +36 
* 41
fe=(46)
371 2
+3 1
+6 2
+90 7

fn=(524) _dl_allocate_tls_init
523 11
+1 2
+4 1
+6 1
-6 1
+6 1
cfi=(24) ./elf/../sysdeps/nptl/dl-tls_init_tp.c
cfn=(86) rtld_mutex_dummy
calls=1 42 
* 3
+3 3
+12 1
-18 1
+42 3
-19 12
+9 3
+1 2
+6 3
+3 1
-2 1
+2 1
-2 1
+2 4
+4 1
-4 1
+4 1
-1 2
+4 2
+1 4
+2 2
+1 2
+17 1
-8 1
+8 1
+2 4
cfi=(29) ./string/../sysdeps/x86_64/multiarch/memmove-vec-unaligned-erms.S
cfn=(126) mempcpy
calls=1 197 
* 13
* 6
cfi=(43) ./string/../sysdeps/x86_64/multiarch/../multiarch/memset-vec-unaligned-erms.S
cfn=(130) memset
calls=1 132 
* 25
-49 1
+55 1
-55 4
+6 5
+55 2
cfi=(24)
cfn=(86)
calls=1 42 
* 3
+3 2
+3 9

fl=(63) ./io/../sysdeps/unix/sysv/linux/access.c
fn=(200) access
25 1
+2 7
+4 1

fl=(39) ./elf/./elf/dl-hwcaps_split.c
fn=(120) _dl_hwcaps_split
25 5
+1 3
+21 1
-20 1
+20 3

fn=(114) _dl_hwcaps_split_masked
51 110
-25 44
+36 5
-7 5
+7 35
-26 24
+5 27
cfi=(41) ./string/../sysdeps/x86_64/multiarch/../multiarch/strchr-sse2.S
cfn=(118) index
calls=9 -9 
* 216
* 9
+1 18
+3 6
+11 12
+1 18
+1 12
-2 6
+1 9
+1 6
-28 24
+4 48
+1 12
-1 30
+24 6
+9 12
-5 6
-2 6
+2 42
-19 6
cfi=(22) ./string/../sysdeps/x86_64/multiarch/../multiarch/strlen-sse2.S
cfn=(62) strlen
calls=3 +14 
* 51
* 6

fl=(41)
fn=(118)
32 19
+1 19
+1 19
+1 19
+1 19
+1 19
+1 19
+1 19
+1 19
+1 19
+1 19
+1 19
+1 19
+1 19
+1 19
+1 19
+1 19
+1 19
+1 16
+4 16
+1 16
+1 16
+1 16
+2 16
+4 3
+1 3
+1 3
+1 3
+1 3
+1 3
+1 3
+1 3
+1 3
+1 3
+1 3
+1 3
+1 3
+1 3
+1 3
+1 3
+1 3
+1 3
+1 3
+1 3
+1 3
+1 3
+1 3
+1 3
+52 3
+4 3
+1 3
+1 3
+1 3
+2 3

fl=(48) ./elf/./elf/dl-audit.c
fn=(1226) _dl_audit_objclose
97 5
+1 20

fn=(198) _dl_audit_objopen
77 3
+1 12

fn=(636) _dl_audit_preinit
118 1
+1 4

fn=(566) _dl_audit_activity_nsid
41 3
+4 12
+1 3
+1 15

fn=(152) _dl_audit_activity_map
29 2
+2 1
-2 5
+1 1
+1 2
+6 6

fl=(57) ./misc/../sysdeps/unix/sysv/linux/mmap64.c
fn=(182) mmap
47 16
+3 32
-3 96
+6 32
+5 96
+2 64
-7 36

fl=(55) ./io/../sysdeps/unix/sysv/linux/fstat64.c
fn=(178) fstat
30 4
+9 16
+33 4

fl=(164) ./elf/./elf/dl-find_object.c
fn=(530) _dlfo_process_initial
474 2
+3 2
-3 6
+1 2
+3 4
+26 14
+1 6
+1 10
-1 20
+3 36
+3 32
-7 10
+27 2
-2 2
+2 6
-18 24
+3 8
-1 8
cfi=(165) ./elf/./dl-find_object.h
cfn=(528) _dl_find_object_from_map
calls=4 95 
* 247
+2 16

fn=(532) _dlfo_sort_mappings
536 1
+1 2
+3 4
+4 1
+1 1
-1 1
+1 2
-1 2
+1 2
-1 2
+1 10
+1 30
+3 3
-1 3
-3 18
+8 9
+1 6
-1 3
-13 6
+14 9
+1 6
-15 6
+17 1

fn=(526) _dl_find_object_init
561 2
+3 1
-3 3
+5 2
+13 1
cfn=(530)
calls=1 474 
* 97
+1 1
-1 1
+1 1
fi=(28)
56 1
cfi=(27)
cfn=(78)
calls=1 -20 
* 30
fe=(164)
580 1
fi=(28)
56 1
fe=(164)
582 2
+3 2
+5 1
+1 1
cfn=(530)
calls=1 474 
* 360
+3 3
+10 4
-37 2
cfi=(165)
cfn=(528)
calls=1 95 
* 68
* 1
+29 2
cfn=(532)
calls=1 -60 
* 128
+3 6
+2 1

fl=(78) ./elf/./elf/dl-lookup.c
fn=(270) _dl_lookup_symbol_x
772 900
+3 150
-3 450
+3 150
-3 600
fi=(79) ./elf/../sysdeps/generic/dl-new-hash.h
74 150
+3 300
-8 150
+1 300
+10 150
+1 300
-1 856
+1 1712
+20 935
-2 935
+6 935
-3 1870
+2 935
-30 935
+3 1870
fe=(78)
774 150
+1 150
+3 150
-4 150
+1 150
+7 576
+5 150
-2 150
+2 150
-2 150
+6 2150
+1 2100
cfn=(274) do_lookup_x
calls=150 347 
* 60790
* 450
+28 150
-23 450
+23 150
-23 300
+24 824
+7 140
-7 140
+35 560
+34 560
-20 420
+3 280
-57 150
+76 1350
fi=(79)
87 71
+1 71
+1 142
+1 71
fe=(78)
871 2
-72 60
+18 30
+11 40

fn=(276) check_match
70 2160
+3 858
+13 141
-13 141
+13 141
-13 141
+13 423
+3 590
cfi=(32) ./string/../sysdeps/x86_64/multiarch/../multiarch/strcmp-sse2.S
cfn=(94) strcmp
calls=77 +9 
* 3837
* 154
+4 141
+1 282
+2 278
+19 278
+1 1112
+2 2
+43 140
+1 1152
-18 4
+2 4
+1 2
-1 4
+1 6
-1 4
-68 2
+39 414
cfi=(32)
cfn=(94)
calls=138 -19 
* 3752
* 276
-44 12
+5 6

fn=(274)
347 1350
+1 150
-1 600
+6 150
-6 150
+65 150
-58 150
+11 150
+50 150
-3 300
+3 300
-50 150
+50 600
-19 1845
+8 615
-4 615
+1 615
+3 2460
+1 1230
+3 615
-3 615
+4 1230
+4 1230
-2 615
+5 2460
+3 4305
+99 1431
358 1234
+3 1234
+4 1250
+21 1230
+4 1230
+71 1120
fi=(4) ./elf/../sysdeps/generic/ldsodefs.h
139 280
+1 420
fe=(78)
476 280
fi=(80) ./elf/../sysdeps/generic/dl-protected.h
29 560
fe=(78)
483 1044
+16 280
+1 140
+22 140
-21 140
+21 980
-99 447
-1 298
+2 298
+2 146
+6 584
-6 146
+6 1022
+7 573
-10 1655
+2 144
+1 432
-1 144
+1 288
-1 144
+1 144
+1 144
-1 144
+1 144
-1 1008
cfn=(276)
calls=144 70 
* 16457
+4 432
+3 8
+31 48
+52 10
-1 10
+1 70
-35 57

fl=(15) ./elf/../sysdeps/x86/dl-get-cpu-features.c
fn=(34) _dl_x86_init_cpu_features
37 1
+2 3
+2 1
cfi=(16) ./elf/../sysdeps/x86/cpu-features.c
cfn=(36) init_cpu_features.constprop.0
calls=1 682 
* 7344

fn=(546) __x86_cpu_features
71 1
-32 3
+32 2

fl=(8) ./elf/./elf/dl-setup_hash.c
fn=(14) _dl_setup_hash
25 5
+3 5
-3 5
+3 10
+3 15
+1 10
+2 5
-1 5
+3 15
+1 5
+1 10
+7 5
-5 5
-2 5
+3 10
+2 5
+2 10
+5 5

fl=(71) ./malloc/./malloc/scratch_buffer_set_array_size.c
fn=(228) __libc_scratch_buffer_set_array_size
30 39
+4 3
+1 6
+10 6
+18 3
-17 3
+17 15

fl=(317) ./elf/./elf/dl-fini.c
fn=(1194) _dl_fini
26 5
+17 1
-17 6
+20 13
+3 2
cob=(2) /usr/lib/x86_64-linux-gnu/libc.so.6
cfi=(318) ./nptl/./nptl/pthread_mutex_lock.c
cfn=(1196) pthread_mutex_lock@@GLIBC_2.2.5
calls=1 +28 
* 44
+2 1
+3 2
+2 5
+7 3
-2 1
+2 1
cfi=(48)
cfn=(566)
calls=1 -22 
* 11
+5 15
+5 1
-5 1
+5 3
+2 10
+2 10
+2 10
+1 5
+1 5
+4 5
-12 15
+14 6
+1 4
+6 6
cfi=(13) ./elf/./elf/dl-sort-maps.c
cfn=(232) _dl_sort_maps
calls=1 298 
* 398
+9 2
cob=(2)
cfi=(319) ./nptl/./nptl/pthread_mutex_unlock.c
cfn=(1198) pthread_mutex_unlock@@GLIBC_2.2.5
calls=1 367 
* 34
+5 6
+2 1
+2 2
-2 4
+2 8
+2 20
cfi=(320) ./elf/./elf/dl-call_fini.c
cfn=(1200) _dl_call_fini
calls=5 -90 
* 469
+3 10
cfi=(48)
cfn=(1226)
calls=5 -20 
* 25
-9 10
+14 5
-14 15
+18 3
cfi=(48)
cfn=(566)
calls=1 -85 
* 11
* 2
+6 4
+2 1
-2 2
+6 2
+7 8
-77 2

fl=(70) ./io/../sysdeps/unix/sysv/linux/pread64_nocancel.c
fn=(224) __pread64_nocancel
25 4
+1 8
+1 2

fl=(165)
fn=(528)
95 10
+1 10
+1 5
+6 25
+1 145
+1 100
+2 15
+5 5

fl=(54) ./io/../sysdeps/unix/sysv/linux/read_nocancel.c
fn=(174) __read_nocancel
25 3
+1 12
+1 3

fl=(169) ./elf/./elf/dl-lookup-direct.c
fn=(544) _dl_lookup_direct
74 30
+2 3
-2 6
+4 3
-4 3
+2 3
+2 9
+37 3
-37 9
+1 6
+2 12
+3 25
+2 6
-54 3
+54 3
-54 3
+54 3
-54 9
+1 9
+2 6
+1 6
+12 9
+3 3
+2 6
-2 3
+2 9
cfi=(32)
cfn=(94)
calls=3 +45 
* 209
* 6
+4 6
+1 3
-1 3
+1 18
+1 9
cfi=(32)
cfn=(94)
calls=3 +39 
* 198
* 6
+57 27
-23 6

fl=(73) ./elf/./elf/dl-version.c
fn=(240) _dl_check_all_versions
392 7
+4 5
-2 1
+4 30
cfn=(242) _dl_check_map_versions
calls=5 155 
* 9135
-2 5
+2 15
-1 5
-1 10
+5 7

fn=(242)
155 50
+15 15
+2 25
+2 5
+1 5
+2 10
+3 6
-16 6
+20 3
-4 3
-24 3
+28 21
+16 6
36 3
200 3
36 21
200 4
36 2
200 2
36 14
+1 16
-1 32
+2 63
cfi=(52) ./elf/./elf/dl-misc.c
cfn=(168) _dl_name_match_p
calls=21 +30 
* 2151
* 47
208 15
+5 5
fi=(325) ./elf/../sysdeps/generic/_itoa.h
76 15
fe=(73)
213 10
+4 10
+1 10
-1 10
+4 5
-3 5
+3 5
-3 15
-1 28
+1 28
-1 28
+4 14
-3 14
+3 14
-3 92
56 76
+8 57
+6 57
+16 19
+1 38
+2 19
+5 133
+14 534
+12 744
+4 248
-30 496
231 76
+3 57
+5 14
-24 14
110 19
+3 95
cfi=(32)
cfn=(94)
calls=19 -15 
* 687
* 57
224 57
+1 3
cfi=(32)
cfn=(94)
calls=1 98 
* 71
* 2
+3 12
+15 15
+5 2
-50 2
+59 15
+3 6
+3 21
+3 12
+4 3
-7 12
+3 9
+4 59
-7 236
+3 180
+8 9
+6 8
fi=(28)
44 4
fe=(73)
280 8
fi=(28)
44 4
cfi=(27)
cfn=(74)
calls=4 +36 
* 164
fe=(73)
281 8
-2 4
fi=(28)
44 4
fe=(73)
281 4
+13 4
-3 4
+3 16
+2 8
+3 12
+4 15
+7 19
+1 19
-1 57
+1 19
+1 19
-2 19
+2 38
+1 57
+3 57
+5 14
-15 14
+2 14
-2 14
+2 14
-2 14
+2 28
-2 5
+2 5
-2 5
+2 5
-2 5
+2 10
+16 15
+5 2
-28 2
+33 6
+3 6
+4 62
+6 62
+1 62
+1 62
-1 186
+1 62
-1 62
+1 62
+1 62
+3 186
+4 62
-14 130
+10 9
+12 6
+1 6
+1 6
+1 4
+19 45
164 2
-8 2
257 5
+17 3
+60 2
-40 2
+76 4
+2 4
+4 2
-4 120
+1 60
+2 1
+1 2
-1 1
+1 1
cfi=(32)
cfn=(244) strncmp
calls=1 98 
* 32
* 2

fl=(1) ???
fn=(0) 0x000000000001f540
0 2
cfi=(2) ./elf/./elf/rtld.c
cfn=(2) _dl_start
calls=1 517 
0 195936
0 8
cfi=(76) ./elf/../sysdeps/x86_64/dl-cet.c
cfn=(576) _dl_cet_setup_features
calls=1 331 
0 4
0 10
cfi=(178) ./elf/./elf/dl-init.c
cfn=(580) _dl_init
calls=1 81 
0 493
0 3
cob=(6) /home/tobiasosborne/Projects/convexfeld/build-prof/benchmarks/bench_netlib
cfi=(185) ???
cfn=(616) (below main)
calls=1 0 
0 86270453

fl=(58) ./misc/../sysdeps/unix/sysv/linux/setvmaname.c
fn=(184) __set_vma_name
33 2
+2 7
-2 4
+7 1
-7 2
+7 1
-7 2
+7 1
-7 1
+7 1
cfi=(11)
cfn=(28)
calls=1 387 
* 24
* 3
+7 1
+2 6

fl=(76)
fn=(576)
331 1
+3 2
+16 1

fn=(260) _dl_cet_check
361 8
-76 1
-10 2
+2 2
-1 1
+6 1
+3 1
+8 1
-11 1
+1 1
-1 1
+1 1
-1 1
+1 1
+10 4
+3 1
+4 2
+2 2
-1 1
+2 2
+2 2
-1 2
+4 1
+2 1
+3 2
145 2
+12 2
+16 1
+6 1
363 6

fl=(24)
fn=(256) __tls_init_tp
68 2
fi=(326) ./elf/../include/list.h
-24 1
fe=(24)
+24 3
fi=(326)
-25 1
fe=(24)
+26 1
+3 1
fi=(326)
-29 1
+1 1
+1 1
+2 1
fe=(24)
+28 4
+1 2
+1 1
+5 2
+5 1
+6 1
-3 1
+3 1
-6 3
+6 1
+12 4
cfi=(11)
cfn=(28)
calls=1 387 
* 24
fi=(75) ./elf/../sysdeps/unix/sysv/linux/rseq-internal.h
-73 3
+8 1
fe=(24)
+81 3
+7 2
+1 3
fi=(75)
-95 7
+3 2
fe=(24)

fn=(86)
42 10
+2 20

fn=(68) __tls_pre_init_tp
53 3
+3 8
+5 1
-5 1
+5 1
+1 1
-6 1
+8 1

fl=(44) ./string/./string/strdup.c
fn=(138) strdup
40 24
+1 4
cfi=(22)
cfn=(62)
calls=4 +16 
* 150
* 4
fi=(327) ./string/../include/rtld-malloc.h
+15 8
cfi=(27)
cfn=(78)
calls=4 -20 
* 120
fe=(44)
-12 8
+3 12
+1 12
-1 4
cfi=(29)
cfn=(82) memcpy
calls=4 210 
* 52

fl=(77) ./elf/./elf/dl-reloc.c
fn=(262) _dl_relocate_object
207 66
+1 12
+12 5
+4 20
-4 5
+6 15
+3 5
-1 5
+1 10
+22 25
+4 4
+7 6
fi=(6) ./elf/../sysdeps/x86_64/dl-machine.h
81 8
fi=(4)
-2 5
fe=(77)
301 10
fi=(4)
79 10
fe=(77)
301 9884
fi=(4)
79 2
fe=(77)
301 2
fi=(4)
79 4
fe=(77)
301 202
-80 10
fi=(6)
393 10
fe=(77)
190 5
+31 5
-31 5
fi=(6)
393 15
fi=(5) ./elf/./elf/do-rel.h
49 5
fe=(77)
301 5
fi=(5)
50 5
+30 5
-31 10
+4 5
-3 5
+3 5
-3 5
+3 15
+27 10
-31 5
fe=(77)
301 5
fi=(5)
50 5
+30 5
-31 10
+4 5
-3 5
+3 5
-3 5
+3 15
+27 10
fe=(77)
301 30
fi=(5)
51 5
fi=(4)
+28 25
fi=(6)
730 10
+4 8
fe=(77)
304 25
+24 5
+3 10
+17 15
+2 48
-98 10
+3 6
+7 3
-9 3
+9 6
fi=(6)
81 6
fi=(5)
+33 30
+9 18
+1 2
fi=(6)
498 2
fi=(5)
124 2
fi=(6)
498 4
fi=(5)
124 4
fi=(6)
498 4
fi=(5)
124 4
fi=(6)
498 8
+5 12
+1 6
fi=(5)
123 6
fi=(6)
504 6
-5 6
fi=(5)
123 12
+3 30
+3 32
+2 28
fe=(77)
+59 8
fi=(5)
73 4
fe=(77)
190 4
fi=(5)
72 4
fe=(77)
190 36
fi=(5)
-57 8
+1 4
+1 4
-2 4
+2 4
+3 4
-5 4
+2 4
-2 4
+1 8
+2 4
-2 4
+2 12
+2 8
-5 452
+1 226
+1 226
-2 226
+2 226
+3 226
-5 226
+2 226
-2 226
+1 452
+2 226
-2 226
+2 678
+2 452
+9 162
fi=(6)
267 324
+7 324
+4 324
fe=(77)
170 648
fi=(4)
-30 441
fe=(77)
+31 294
+3 294
+8 280
-8 1242
+12 272
-3 136
+1 136
+2 552
-3 4
+1 4
+2 156
+1 140
-1 140
+2 280
-1 560
+3 840
cfi=(78)
cfn=(270)
calls=140 772 
* 82357
+3 140
+1 280
-4 140
+4 700
fi=(6)
+93 582
+3 141
-3 438
+3 156
-3 156
+5 328
+25 972
423 24
fi=(5)
150 24
fi=(6)
423 270
fi=(5)
150 445
-19 932
+33 16
+1 72
+1 252
+3 136
+4 68
-1 68
-3 68
+2 136
+2 68
-2 136
fe=(77)
-1 272
fi=(6)
287 68
+3 68
-3 68
+4 136
476 136
+2 68
cfi=(15)
cfn=(546)
calls=1 71 
* 6
cob=(3)
cfi=(162)
cfn=(518)
calls=1 26 
* 8
cob=(3)
cfi=(146)
cfn=(514)
calls=1 27 
* 9
cob=(3)
cfi=(161)
cfn=(510)
calls=1 26 
* 9
cob=(3)
cfi=(160)
cfn=(506)
calls=1 27 
* 9
cob=(3)
cfi=(159)
cfn=(502)
calls=1 26 
* 9
cob=(3)
cfi=(156)
cfn=(498)
calls=1 27 
* 8
cob=(3)
cfi=(158)
cfn=(496)
calls=1 49 
* 6
cob=(3)
cfi=(157)
cfn=(492)
calls=1 26 
* 9
cob=(3)
cfi=(156)
cfn=(488)
calls=1 35 
* 8
cob=(3)
cfi=(155)
cfn=(484)
calls=1 27 
* 9
cob=(3)
cfi=(154)
cfn=(480)
calls=1 26 
* 9
cob=(3)
cfi=(153)
cfn=(476)
calls=1 27 
* 9
cob=(3)
cfi=(151)
cfn=(472)
calls=1 27 
* 8
cob=(3)
cfi=(150)
cfn=(468)
calls=1 30 
* 9
cob=(3)
cfi=(149)
cfn=(464)
calls=1 26 
* 9
cob=(3)
cfi=(148)
cfn=(460)
calls=1 27 
* 9
cob=(3)
cfi=(147)
cfn=(456)
calls=1 27 
* 9
cob=(3)
cfi=(146)
cfn=(452)
calls=1 34 
* 9
cob=(3)
cfi=(145)
cfn=(448)
calls=1 27 
* 9
cob=(3)
cfi=(143)
cfn=(444)
calls=1 27 
* 9
cob=(3)
cfi=(141)
cfn=(440)
calls=1 26 
* 9
cob=(2)
cfi=(139) ./string/../sysdeps/x86_64/multiarch/strncase.c
cfn=(432) strncasecmp
calls=1 31 
* 21
cob=(2)
cfi=(138) ./string/../sysdeps/x86_64/multiarch/mempcpy.c
cfn=(428) mempcpy
calls=1 33 
* 22
cob=(2)
cfi=(137) ./wcsmbs/../sysdeps/x86_64/multiarch/wcpcpy.c
cfn=(424) wcpncpy
calls=1 31 
* 18
cob=(2)
cfi=(136) ./string/../sysdeps/x86_64/multiarch/strspn.c
cfn=(422) strspn
calls=1 29 
* 7
cob=(2)
cfi=(134) ./string/../sysdeps/x86_64/multiarch/memchr.c
cfn=(418) memchr
calls=1 29 
* 23
cob=(2)
cfi=(133) ./string/../sysdeps/x86_64/multiarch/memmove.c
cfn=(414) memmove
calls=1 29 
* 22
cob=(2)
cfi=(132) ./string/../sysdeps/x86_64/multiarch/stpcpy.c
cfn=(410) stpcpy
calls=1 33 
* 17
cob=(2)
cfi=(131) ./debug/../sysdeps/x86_64/multiarch/memmove_chk.c
cfn=(406) __memmove_chk
calls=1 29 
* 22
cob=(2)
cfi=(129) ./wcsmbs/../sysdeps/x86_64/multiarch/wmemcmp.c
cfn=(402) wmemcmp
calls=1 29 
* 24
cob=(2)
cfi=(128) ./string/../sysdeps/x86_64/multiarch/strncpy.c
cfn=(398) strncpy
calls=1 29 
* 19
cob=(2)
cfi=(127) ./string/../sysdeps/x86_64/multiarch/strlen.c
cfn=(394) strlen
calls=1 29 
* 25
cob=(2)
cfi=(100) ./wcsmbs/../sysdeps/x86_64/multiarch/wcscat.c
cfn=(390) wcscat
calls=1 31 
* 18
cob=(2)
cfi=(126) ./string/../sysdeps/x86_64/multiarch/strcasecmp_l.c
cfn=(386) strcasecmp_l
calls=1 31 
* 21
cob=(2)
cfi=(125) ./string/../sysdeps/x86_64/multiarch/strcpy.c
cfn=(382) strcpy
calls=1 29 
* 17
cob=(2)
cfi=(123) ./wcsmbs/../sysdeps/x86_64/multiarch/wmemset.c
cfn=(378) wmemset
calls=2 31 
* 20
cob=(2)
cfi=(121) ./string/../sysdeps/x86_64/multiarch/memcmp.c
cfn=(374) bcmp
calls=1 29 
* 24
cob=(2)
cfi=(120) ./string/../sysdeps/x86_64/multiarch/strchrnul.c
cfn=(370) strchrnul
calls=1 31 
* 25
cob=(2)
cfi=(119) ./string/../sysdeps/x86_64/multiarch/strncase_l.c
cfn=(366) strncasecmp_l
calls=1 31 
* 21
cob=(2)
cfi=(117) ./string/../sysdeps/x86_64/multiarch/strcat.c
cfn=(362) strcat
calls=1 29 
* 17
cob=(2)
cfi=(116) ./wcsmbs/../sysdeps/x86_64/multiarch/wcscpy.c
cfn=(360) wcscpy
calls=1 60 
* 16
cob=(2)
cfi=(115) ./string/../sysdeps/x86_64/multiarch/strcspn.c
cfn=(358) strcspn
calls=1 29 
* 7
cob=(2)
cfi=(113) ./string/../sysdeps/x86_64/multiarch/strcasecmp.c
cfn=(354) strcasecmp
calls=1 31 
* 21
cob=(2)
cfi=(112) ./string/../sysdeps/x86_64/multiarch/strncmp.c
cfn=(352) strncmp
calls=1 67 
* 21
cob=(2)
cfi=(110) ./wcsmbs/../sysdeps/x86_64/multiarch/wmemchr.c
cfn=(348) wmemchr
calls=2 31 
* 46
cob=(2)
cfi=(108) ./string/../sysdeps/x86_64/multiarch/stpncpy.c
cfn=(344) stpncpy
calls=1 31 
* 19
cob=(2)
cfi=(107) ./wcsmbs/../sysdeps/x86_64/multiarch/wcscmp.c
cfn=(340) wcscmp
calls=1 30 
* 25
cob=(2)
cfi=(106) ./string/../sysdeps/x86_64/multiarch/strrchr.c
cfn=(336) rindex
calls=1 28 
* 25
cob=(2)
cfi=(104) ./debug/../sysdeps/x86_64/multiarch/memset_chk.c
cfn=(332) __memset_chk
calls=1 29 
* 24
cob=(2)
cfi=(103) ./string/../sysdeps/x86_64/multiarch/strchr.c
cfn=(330) index
calls=1 65 
* 19
cob=(2)
cfi=(100)
cfn=(324) wcschr
calls=2 31 
* 50
cob=(2)
cfi=(98) ./string/../sysdeps/x86_64/multiarch/memcmpeq.c
cfn=(320) memcpy@@GLIBC_2.14
calls=1 29 
* 22
cob=(2)
cfi=(96) ./wcsmbs/../sysdeps/x86_64/multiarch/wcsncpy.c
cfn=(316) wcsncpy
calls=1 31 
* 18
cob=(2)
cfi=(95) ./string/../sysdeps/x86_64/multiarch/memrchr.c
cfn=(312) memrchr
calls=1 29 
* 25
cob=(2)
cfi=(94) ./debug/../sysdeps/x86_64/multiarch/memcpy_chk.c
cfn=(308) __memcpy_chk
calls=1 29 
* 22
cob=(2)
cfi=(92) ./debug/../sysdeps/x86_64/multiarch/mempcpy_chk.c
cfn=(304) __mempcpy_chk
calls=1 29 
* 22
cob=(2)
cfi=(91) ./wcsmbs/../sysdeps/x86_64/multiarch/wcslen.c
cfn=(300) wcslen
calls=1 29 
* 19
cob=(2)
cfi=(89) ./string/../sysdeps/x86_64/multiarch/memset.c
cfn=(296) memset
calls=1 29 
* 24
cob=(2)
cfi=(87) ./wcsmbs/../sysdeps/x86_64/multiarch/wcsnlen.c
cfn=(292) wcsnlen
calls=1 30 
* 19
cob=(2)
cfi=(86) ./string/../sysdeps/x86_64/multiarch/strcmp.c
cfn=(290) strcmp
calls=1 79 
* 19
cob=(2)
cfi=(85) ./string/../sysdeps/x86_64/multiarch/strpbrk.c
cfn=(288) strpbrk
calls=1 29 
* 7
cob=(2)
cfi=(83) ./string/../sysdeps/x86_64/multiarch/strnlen.c
cfn=(284) strnlen
calls=2 31 
* 50
cob=(2)
cfi=(81) ./string/../sysdeps/x86/cacheinfo.c
cfn=(280) __x86_cacheinfo
calls=1 86 
* 28
fi=(5)
165 68
fi=(6)
479 68
fi=(5)
165 145
-14 174
fi=(6)
460 6
+5 4
-1 6
+1 4
-1 2
cfi=(29)
cfn=(82)
calls=2 210 
* 22
+2 10
+1 4
-67 51
+2 68
+4 17
+9 17
-9 34
+9 17
fi=(5)
150 34
fi=(6)
320 58
+3 58
-36 75
fi=(5)
141 68
+1 68
-1 204
+2 68
fi=(6)
287 340
fe=(77)
175 63
+3 7
-1 7
+19 7
-18 14
fi=(6)
295 16
+1 24
+11 16
+7 8
cob=(2)
cfi=(163) ./string/../sysdeps/x86_64/multiarch/strstr.c
cfn=(522) strstr
calls=1 64 
* 10
cob=(2)
cfi=(98)
cfn=(320)
calls=1 29 
* 22
cob=(2)
cfi=(94)
cfn=(308)
calls=1 29 
* 22
cob=(2)
cfi=(86)
cfn=(290)
calls=1 79 
* 19
cob=(2)
cfi=(89)
cfn=(296)
calls=1 29 
* 24
cob=(2)
cfi=(127)
cfn=(394)
calls=1 29 
* 25
cob=(2)
cfi=(112)
cfn=(352)
calls=1 67 
* 21
cob=(2)
cfi=(128)
cfn=(398)
calls=1 29 
* 19
* 32
fe=(77)
+42 25
+3 5
-3 5
+3 5
+4 10
+1 20
cfi=(140) ./misc/../sysdeps/unix/syscall-template.S
cfn=(436) mprotect
calls=5 117 
* 30
* 10
-63 9
fi=(5)
180 7
fe=(77)
+10 2
fi=(5)
73 1
fe=(77)
190 3
fi=(6)
436 7
fi=(5)
182 2
+1 2
-1 1
+3 1
-3 4
+3 2
-3 10
+1 10
-1 5
+3 5
-3 20
+3 10
+8 6
fi=(6)
+74 12
+7 12
+4 12
fe=(77)
170 24
fi=(4)
-30 18
fe=(77)
+31 12
+3 12
+8 12
-8 54
+12 12
-3 6
+1 6
+2 36
+4 24
-4 6
+4 18
cfi=(78)
cfn=(270)
calls=6 772 
* 3235
+3 6
+1 12
-4 6
+4 30
fi=(6)
+93 20
+3 2
-3 6
+3 2
-3 2
+5 4
+25 36
423 6
fi=(5)
196 18
-16 24
+31 7
fe=(77)
-33 7
-3 21

fl=(170) ./elf/./elf/dl-call-libc-early-init.c
fn=(548) _dl_call_libc_early_init
27 1
+2 2
-2 1
+6 3
-6 3
+6 1
-6 2
+6 1
cfi=(169)
cfn=(544)
calls=1 +41 
* 225
+4 2
+2 3
+2 1
-1 1
-1 1
+2 2
-1 1
cob=(2)
cfi=(171) ./elf/./elf/libc_early_init.c
cfn=(550) __libc_early_init
calls=1 -7 
* 353

fl=(178)
fn=(582) call_init.part.0
26 60
+17 5
+3 5
-3 10
+3 10
+5 8
+8 12
+1 12
cob=(4)
cfi=(176)
cfn=(604) 0x000000000485f000
calls=1 -60 
* 7
cob=(4)
cfi=(176)
cfn=(584) 0x000000000483d000
calls=1 -60 
* 7
+3 4
+1 8
+6 6
+2 6
-2 3
+3 19
+1 4
cob=(2)
cfi=(183) ./libio/./libio/vtables.c
cfn=(602) check_stdfiles_vtables
calls=1 545 
* 12
* 12
cob=(3)
cfi=(184)
cfn=(608)
calls=1 -74 
* 12
cob=(2)
cfi=(180) ./csu/./csu/init-first.c
cfn=(594) _init_first
calls=1 -28 
* 79
cob=(5) /usr/libexec/valgrind/vgpreload_core-amd64-linux.so
cfi=(179) ???
cfn=(588) 0x0000000000001110
calls=1 -74 
* 12
-1 12
+3 40
-29 2

fn=(580)
81 13
+1 1
+1 1
+3 3
+8 2
+25 1
+1 8
+1 10
-92 10
+6 15
+2 22
+83 8
cfn=(582)
calls=4 -94 
* 290
* 8
+7 8
-98 2
+60 2
-54 3
+2 7
cfn=(582)
calls=1 -11 
* 77
* 2

fl=(50) ./elf/./elf/dl-catch.c
fn=(160) _dl_catch_exception
204 36
58 6
204 12
+3 12
+22 6
-1 6
+1 6
58 12
235 18
cfi=(51) ./setjmp/../sysdeps/x86_64/setjmp.S
cfn=(162) __sigsetjmp
calls=6 31 
* 144
* 18
+2 18
cfi=(64) ./elf/./elf/dl-deps.c
cfn=(206) openaux
calls=5 61 
* 11319
cfi=(2)
cfn=(164) map_doit
calls=1 641 
* 2662
69 6
+1 6
-1 6
+1 6
239 24
-25 6
+34 18
59 12
+11 18

fn=(158) _dl_catch_error
254 6
+2 1
-2 6
+2 1
cfn=(160)
calls=1 -52 
* 2728
+1 2
+1 1
+1 1
-1 1
+1 1
+2 6

fn=(236) _dl_receive_error
186 2
58 1
186 4
+2 1
-2 1
58 1
+1 1
+11 1
192 1
+2 1
cfi=(2)
cfn=(238) version_check_doit
calls=1 674 
* 9235
69 2
+1 1
198 1
-1 1
+1 3

fl=(168) ./elf/../sysdeps/nptl/dl-mutex.c
fn=(542) __rtld_mutex_init
30 2
+10 3
-10 3
+10 1
-10 1
+10 1
-10 1
+7 1
+3 2
cfi=(169)
cfn=(544)
calls=1 +34 
* 233
+4 2
+1 8
+2 3
-2 1
+2 3
cfi=(169)
cfn=(544)
calls=1 +27 
* 223
+4 2
+1 7
+1 6

fl=(27)
fn=(74)
80 10
+4 10
-4 40
+7 10
+1 30
fi=(28)
-32 10
cfi=(27)
cfn=(78)
calls=10 -20 
* 407
fe=(27)

fn=(78)
36 232
+1 87
+11 84
+3 28
-3 28
+3 56
-3 2
+3 1
-3 1
+3 110
+19 29
+1 29
+2 174
-17 8
+1 4
+2 2
+1 14
cfi=(57)
cfn=(182)
calls=2 -13 
* 52
* 2
+2 4
+2 8
cfi=(58)
cfn=(184)
calls=2 -31 
* 56
+1 6
+2 2
+4 2
-4 4
-24 1
-1 1
+1 1
+1 2
-2 2

fn=(142) __minimal_free
97 1
+2 4

fl=(43)
fn=(130)
132 8
+1 40
+5 8
+1 8
+3 2
+1 2
244 2
+1 2
+12 2
+3 2
+1 2
+12 2
+1 2
+13 2
+1 2
+2 2
+3 1
+3 2
+3 1
+1 1
+1 1
+1 1
+1 1
+1 1
+1 1
-6 34
+1 34
+1 34
+1 34
+1 34
+1 34
+1 34
+3 2
+1 2
+1 2
+1 2
+5 2
+34 6
+2 6
+1 6
+39 6
+1 6
+2 6

fl=(320)
fn=(1200)
24 40
+4 10
+6 5
-2 5
+3 10
+3 3
+1 3
-1 3
+1 6
+3 12
+1 3
cob=(3)
cfi=(184)
cfn=(1246)
calls=1 -43 
* 98
cob=(5)
cfi=(179)
cfn=(1228) 0x00000000000010d0
calls=1 -43 
* 98
cob=(6)
cfi=(185)
cfn=(1202) 0x0000000000001e10
calls=1 -43 
* 98
-1 12
+5 5
+1 10
+1 6
+1 15
-1 3
cob=(4)
cfi=(176)
cfn=(1262) 0x00000000048dd3a8
calls=1 -49 
* 4
cob=(4)
cfi=(176)
cfn=(1244) 0x000000000483d294
calls=1 -49 
* 4
cob=(4)
cfi=(176)
cfn=(1224) 0x0000000000112ebc
calls=1 -49 
* 4
+1 12

fl=(30) ./elf/./elf/dl-load.c
fn=(136) expand_dynamic_string_token
385 18
241 4
385 2
241 2
cfi=(41)
cfn=(118)
calls=2 32 
* 72
+3 4
410 2
-11 2
+11 12
-11 2
cfi=(44)
cfn=(138)
calls=2 40 
* 180

fn=(132) fillin_rpath.isra.0
468 9
+4 1
-4 8
+6 3
cfi=(7) ./elf/./elf/dl-minimal.c
cfn=(134) strsep
calls=1 239 
* 240
* 3
cfi=(7)
cfn=(134)
calls=1 239 
* 8
* 6
+7 2
+2 3
cfn=(136)
calls=1 -98 
* 125
* 1
+4 2
+5 2
cfi=(22)
cfn=(62)
calls=1 57 
* 17
* 1
+1 2
+7 5
+9 15
+1 8
fi=(28)
50 2
cfi=(27)
cfn=(142)
calls=1 +47 
* 5
+1 1
fe=(30)
528 4
+4 4
fi=(28)
56 1
cfi=(27)
cfn=(78)
calls=1 -20 
* 30
* 1
fe=(30)
534 2
+5 1
+1 2
-1 1
-1 1
+2 1
cfi=(29)
cfn=(126)
calls=1 197 
* 13
+3 1
-3 1
+1 1
+2 1
+6 1
+1 1
-1 3
+1 5
+1 1
-1 1
+1 1
-1 3
+1 1
-1 2
+1 1
+2 2
+1 3
+1 1
+6 2
+1 1
+3 3
-60 2
-22 2
+88 1
+3 8
-24 2

fn=(176) _dl_map_object_from_fd
944 30
+15 3
-15 6
+15 3
-15 6
+15 6
+77 12
+10 6
+7 21
cfi=(26) ./elf/./elf/dl-object.c
cfn=(72) _dl_new_object
calls=3 59 
* 1184
* 3
+1 6
+11 3
+5 3
-4 3
-1 3
+2 3
+2 3
-2 3
+2 6
+1 9
+1 4
+19 4
-2 2
+2 22
-2 1
+2 37
+10 3
-10 3
+10 9
+27 3
-33 3
-3 3
+2 3
-1 3
+35 3
+9 3
-50 3
+41 3
+9 3
-36 3
+63 15
-62 124
+26 84
+8 24
+1 12
-1 12
+1 48
+1 12
-1 12
+1 12
+2 12
-2 12
+2 12
+2 12
-4 12
+1 12
+3 12
-4 12
+4 60
+2 24
+13 24
+1 45
+5 9
+1 81
-28 18
-35 27
+62 3
+1 27
-28 6
-35 72
+1 185
1213 3
1100 3
1213 6
1100 9
1218 21
+10 9
+1 3
-1 3
+1 3
-1 9
+1 9
-1 9
+1 9
-1 27
1066 6
1235 6
+10 12
+7 12
fi=(59) ./elf/./dl-map-segments.h
28 3
fe=(30)
1252 9
fi=(59)
28 6
+1 24
cfi=(57)
cfn=(182)
calls=3 +18 
* 84
+73 6
-1 3
-72 3
+73 3
+3 6
+1 3
+2 3
-3 3
+1 3
+2 3
+17 3
-44 3
fi=(60) ./elf/./dl-load.h
+10 24
fi=(59)
+58 48
+6 3
+2 3
-2 3
+1 3
+2 6
-1 6
+3 6
+5 6
+3 9
+8 18
cfi=(43)
cfn=(130)
calls=3 -44 
* 301
* 3
+6 6
+12 12
-59 72
+2 36
+2 72
cfi=(57)
cfn=(182)
calls=9 -92 
* 189
* 18
fe=(30)
1264 3
fi=(56) ./elf/../sysdeps/posix/dl-fileid.h
37 6
cfi=(55)
cfn=(178)
calls=3 -7 
* 18
* 6
fe=(30)
989 6
fi=(56)
40 9
fe=(30)
989 3
fi=(56)
40 3
fe=(30)
989 39
+1 18
fi=(56)
49 24
fe=(30)
1519 27
1074 13
+1 2
-1 1
+1 1
-1 1
+1 1
cfi=(70)
cfn=(224)
calls=1 25 
* 7
* 2
+46 2
+1 1
-15 6
+7 3
+2 3
-2 3
+1 3
+1 3
-1 6
+1 24
+60 3
+5 1
-1 2
+5 1
-5 2
-66 1
+71 4
+1 1
+3 1
-3 1
+8 4
+15 6
+1 3
1008 6
1268 12
+1 9
fi=(61) ./elf/./elf/get-dynamic-info.h
39 6
+6 3
-2 3
+11 3
+1 3
-10 6
+8 6
+15 6
-23 24
+23 76
-23 304
+4 164
+3 23
-1 46
+3 68
+1 56
+1 15
+16 12
+12 11
+1 12
+1 12
+1 12
+1 11
+1 11
+1 11
+1 12
+12 3
+7 3
-7 21
+7 7
+5 4
+7 4
+1 9
+6 9
+1 6
+17 9
+5 4
+2 4
+2 4
+2 4
+4 9
+2 9
+1 6
+9 6
+6 6
+4 6
fe=(30)
1275 6
+1 6
+2 6
+10 9
+19 9
+2 18
+52 9
+1 2
+6 27
+1 60
+6 12
cfn=(88) _dl_process_pt_gnu_property
calls=3 868 
* 244
-7 75
+1 36
+6 36
-6 72
fi=(31) ./elf/../sysdeps/x86/dl-prop.h
149 12
fe=(30)
1380 6
cfi=(62) ./io/../sysdeps/unix/sysv/linux/close_nocancel.c
cfn=(194) __GI___close_nocancel
calls=3 25 
* 18
* 6
+13 6
+2 12
+2 6
+16 6
cfi=(8)
cfn=(14)
calls=3 25 
* 81
+4 6
+1 6
+17 6
+1 1
+3 1
+5 1
-5 1
+5 1
-5 2
+5 2
-5 2
+5 2
+5 6
+12 24
+10 6
+1 4
+5 2
cfi=(46)
cfn=(226)
calls=1 125 
* 12
+7 9
cfi=(26)
cfn=(84) _dl_add_to_namespace_list
calls=3 31 
* 165
+3 6
+4 6
cfi=(45) ./elf/./elf/dl-debug.c
cfn=(196) _dl_debug_update
calls=3 38 
* 21
* 3
+1 9
+22 21
+1 9
cfi=(48)
cfn=(198)
calls=3 77 
* 15
* 3
fi=(60)
92 8
+2 2
-1 2
+1 2
-1 2
+1 2
-1 2
+1 2
-1 4
+3 8
fi=(61)
-37 12
+3 12
+2 12
181 6
-22 4
fe=(30)
1510 6
1074 2
fi=(59)
186 8
cfi=(57)
cfn=(182)
calls=1 47 
* 21
+3 2
fe=(30)
1462 9
+2 2
-1 10
+1 2
-1 2
+1 2
-1 2
cfi=(32)
cfn=(94)
calls=2 98 
* 70
* 4
+2 5

fn=(106) _dl_init_paths
706 11
+14 1
-14 2
+14 2
cfi=(37) ./elf/./elf/dl-hwcaps.c
cfn=(108) _dl_important_hwcaps
calls=1 172 
* 1244
fi=(28)
56 1
fe=(30)
720 1
fi=(28)
56 1
cfi=(27)
cfn=(78)
calls=1 -20 
* 30
fe=(30)
725 1
+2 3
+8 2
-1 3
+5 3
fi=(28)
56 1
cfi=(27)
cfn=(78)
calls=1 -20 
* 30
fe=(30)
739 1
+2 4
+7 1
+8 1
+2 1
+12 2
-23 1
+9 1
+11 1
-4 1
-5 1
+3 2
+7 2
+2 2
-11 1
+11 3
-8 1
+4 1
+1 3
+1 16
cfi=(43)
cfn=(130)
calls=4 132 
* 56
+2 15
-14 3
+10 3
+4 9
-12 3
-2 3
+2 3
+4 3
-3 3
+3 3
+1 3
-2 3
+5 9
+1 6
+3 1
+15 1
-8 1
+5 1
-6 1
+9 2
+2 4
+2 3
+36 5
+2 2
cfi=(22)
cfn=(62)
calls=1 57 
* 17
* 9
-19 1
-2 1
+2 2
+19 9
cfi=(29)
cfn=(82)
calls=1 210 
* 11
* 1
+5 4
-1 2
+2 1
+1 2
-2 4
+1 13
+1 26
-2 52
+5 1
fi=(28)
56 1
cfi=(27)
cfn=(78)
calls=1 -20 
* 30
fe=(30)
836 1
fi=(28)
56 1
fe=(30)
838 2
+6 6
cfn=(132)
calls=1 468 
* 581
+3 3
+6 1
+4 8
-35 2
+5 2

fn=(88)
868 4
+8 4
-8 8
+8 4
-6 4
+12 8
-13 4
+13 4
-13 4
+13 8
+3 12
+1 8
+1 8
+3 12
+1 12
+4 4
+1 8
+22 4
+2 4
-2 8
+2 12
-20 14
+1 7
+3 14
+3 7
+1 28
fi=(31)
95 28
+7 14
+16 7
-3 14
254 8
+1 4
+2 16
+3 4
-8 6
+5 3
-4 3
+4 9
+3 3
-2 1
fe=(30)

fn=(208) open_path
1812 16
+1 2
-1 6
+1 2
+6 4
+5 34
+67 4
-74 2
+7 6
+57 2
-65 2
+65 2
+10 4
-64 4
+8 12
+7 4
-11 2
+12 2
-1 8
cfi=(29)
cfn=(126)
calls=2 197 
* 26
+1 20
+50 2
-2 4
-48 22
+3 12
+5 28
cfi=(29)
cfn=(126)
calls=4 197 
* 52
* 16
cfi=(29)
cfn=(126)
calls=4 197 
* 52
+3 8
+6 12
+3 28
cfn=(170) open_verify.constprop.0
calls=4 1572 
* 224
* 4
+2 12
+2 6
+93 18
-88 6
+1 21
+6 3
+2 6
-2 6
+2 3
cfi=(65) ./io/../sysdeps/unix/sysv/linux/stat64.c
cfn=(210) stat
calls=3 28 
* 46
* 3
+3 3
-3 6
+1 2
+9 8
+2 1
-2 2
+2 4
+44 16
+6 4
-2 2
+2 4
+3 6
1822 4
+2 4

fn=(204) _dl_dst_count
238 10
+3 5
-3 25
+7 5
-7 10
+3 5
cfi=(41)
cfn=(118)
calls=5 32 
* 168
+3 10
+20 45

fn=(166) _dl_map_object
1967 72
+8 12
+1 24
+3 111
+5 126
+2 54
cfi=(52)
cfn=(168)
calls=18 68 
* 2019
* 36
+4 30
+1 45
+4 6
-1 30
+1 6
+1 6
-1 6
+1 12
cfi=(32)
cfn=(94)
calls=6 98 
* 207
* 12
2270 57
2011 9
-1 6
+9 3
-50 3
+50 6
+17 6
-2 3
+2 3
cfi=(41)
cfn=(118)
calls=3 32 
* 72
* 6
2202 2
-1 3
cfn=(136)
calls=1 385 
* 175
+6 1
-7 1
+1 1
+2 2
+4 7
cfn=(170)
calls=1 1572 
* 106
+3 2
-3 1
+3 1
+12 4
+45 1
+1 5
-1 1
+1 8
cfn=(176)
calls=1 944 
* 1940
-1 2
+1 10
-1 2
+1 16
cfn=(176)
calls=2 944 
* 4412
* 9
2040 4
cfi=(22)
cfn=(62)
calls=2 57 
* 34
* 4
+2 4
+7 8
+51 26
cfn=(208)
calls=2 1812 
* 824
+6 2
-6 2
+6 4
2222 8
+46 4
682 2
2107 2
682 4
2135 4
cfi=(67) ./elf/./elf/dl-cache.c
cfn=(214) _dl_load_cache_lookup
calls=2 403 
* 2840
* 2
+2 4
+4 4
+31 2
-23 4
+23 14
cfn=(170)
calls=2 1572 
* 246
+4 4
-4 2
+4 2
+1 2
+17 4
2074 10
682 2
2075 2
682 6
2099 4
+1 4
-47 2
+1 2
696 10
2058 6
682 2
2059 2
682 4
2073 10
+1 4
+41 2
+14 4
+2 6
-47 4

fn=(170)
1572 70
+32 7
-32 14
+32 14
+19 28
cfi=(53) ./io/../sysdeps/unix/sysv/linux/open64_nocancel.c
cfn=(172) __open_nocancel
calls=7 28 
* 152
* 7
+2 14
+8 3
+1 6
+5 3
-5 3
+5 15
cfi=(54)
cfn=(174)
calls=3 25 
* 18
+2 6
+2 6
+2 6
+6 6
+17 39
+81 6
+5 6
+6 12
+6 6
+6 3
+1 3
-1 9
+1 9
+26 63
-22 13
+1 2
-1 1
+1 1
cfi=(70)
cfn=(224)
calls=1 25 
* 7
* 2
1668 6
-59 8
1777 2

fl=(29)
fn=(82)
210 23
+1 23
+6 23
+1 23
+2 14
+1 14
+1 14
+2 8
+1 8
+1 8
+2 8
+80 9
+1 9
+2 1
+4 1
+1 1
+1 1
+1 1
+1 1
+4 1
+2 1
+39 8
+1 8
+1 8
+1 8
+1 8
+7 6
+1 6
+1 6
+1 6
+1 6
+1 6
+1 6
+11 6
+1 6
+2 6
+1 6
+1 6

fn=(126)
197 17
+1 17
+1 17
+1 17
+17 17
+1 17
+2 6
+1 6
+1 6
+2 5
+1 5
+1 5
+2 5
+80 11
+1 11
+2 2
+4 2
+1 2
+1 2
+8 2
+39 9
+1 9
+1 9
+1 9
+1 9
+7 1
+1 1
+1 1
+1 1
+1 1
+1 1
+1 1
+11 1
+1 1
+2 1
+1 1
+1 1

fl=(53)
fn=(172)
28 16
+3 8
-3 16
+3 48
+8 56
+2 8
-2 12
+2 8

fl=(51)
fn=(162)
31 6
+2 6
+9 6
+1 12
+1 6
+4 6
+1 6
+1 6
+1 6
+1 6
+2 12
+2 6
+1 6
+1 6
+2 12
+2 6
+8 6
+3 6
+1 6
+7 6
+1 6

fl=(140)
fn=(570) munmap
117 5
+5 1

fn=(436)
117 25
+5 5

fl=(42) ./string/../sysdeps/x86_64/multiarch/../multiarch/memcmp-sse2.S
fn=(122) bcmp
59 1
+12 1
+1 1
+22 1
+1 1
+45 1
+1 1
+2 1
+1 1
+2 1
+1 1
+2 1
+1 1
+47 1
+1 1
+1 1
+1 1
+1 1
+1 1

fl=(67)
fn=(222) _dl_cache_libcmp
357 22
+1 22
+32 22
-33 22
+1 48
+2 106
+2 106
-2 212
+20 208
+2 208
-12 84
+2 84
+14 84
+1 84
-29 168
+32 6
-28 4
+6 2
+2 2
-2 2
+1 2
-1 2
+1 2
-1 2
+2 6
+2 2
-3 2
+3 6
+2 4
+9 60

fn=(568) _dl_unload_cache
525 1
+1 4
-1 1
+3 1
-3 1
+3 1
cfi=(140)
cfn=(570)
calls=1 117 
* 6
+7 1
-6 1
+4 1
+2 1

fn=(214)
403 20
+2 4
+3 6
+69 3
+5 2
205 2
482 4
+3 6
fi=(69) ./elf/../sysdeps/x86/dl-procinfo.h
39 4
+3 6
cfi=(32)
cfn=(94)
calls=2 +56 
* 50
* 8
fe=(67)
208 12
cfi=(11)
cfn=(28)
calls=2 387 
* 46
* 2
+12 2
-10 2
-2 2
+12 4
-7 10
+9 10
+1 2
-32 4
+36 2
-4 2
+4 4
-5 90
+1 18
-32 36
+36 18
-4 18
+4 36
+4 60
cfn=(222)
calls=20 357 
* 1438
+1 40
346 18
+3 9
220 18
347 9
220 22
+2 20
+20 4
+3 4
+2 8
cfn=(222)
calls=2 357 
* 146
* 4
-7 4
-30 6
+1 2
fi=(328) ./elf/../sysdeps/x86/dl-isa-level.h
28 4
fe=(67)
210 4
fi=(328)
28 2
fe=(67)
210 2
+1 2
-1 6
+76 6
fi=(328)
28 6
fe=(67)
259 4
+10 6
+1 8
+16 2
fi=(68) ./elf/../sysdeps/generic/dl-cache.h
125 2
fe=(67)
286 6
+9 4
+3 4
+3 2
+1 6
+28 4
500 4
+12 4
cfi=(22)
cfn=(62)
calls=2 57 
* 70
+1 2
-1 2
+1 24
+1 2
-1 2
+1 2
-1 2
+1 2
cfi=(29)
cfn=(82)
calls=2 210 
* 22
* 2
+1 2
cfi=(44)
cfn=(138)
calls=2 40 
* 218
+1 16
411 4
cfi=(52)
cfn=(216) _dl_sysdep_read_whole_file
calls=1 36 
* 103
* 1
+8 5
+1 8
+3 3
+1 1
-1 3
fi=(68)
194 1
+1 5
fe=(67)
431 1
+1 2

fl=(32)
fn=(244)
98 1
+27 1
+1 1
+1 1
+1 1
+1 1
+2 1
+1 1
+2 1
+1 1
+21 1
+1 1
+1 1
+1 1
+1 1
+1 1
+1 1
+1 1
+17 1
+1 1
+1 1
+1 1
+1 1
+1 1
+1 1
2104 1
+3 1
+1 1
+2 1
+1 1
+8 1
+1 1

fn=(94)
98 338
+33 338
+1 338
+2 338
+1 338
+21 338
+1 338
+1 273
+1 273
+1 241
+1 241
+1 241
+1 241
+17 241
+1 241
+1 241
+1 241
+1 241
+1 241
+1 241
+5 15
+1 45
+9 15
+1 15
+1 15
+1 15
+1 15
+1 15
+1 15
+1 15
-7 97
+1 97
+1 97
+1 97
+1 97
+1 97
+1 97
+1 97
+1 105
+1 52
+1 52
+1 52
+2 52
+1 52
+1 52
+1 52
+1 52
+1 52
-5 53
+1 53
+1 53
+1 53
+1 53
+1 53
+10 7
+1 7
+1 7
+2 7
+6 7
+1 7
+1 7
+1 7
+1 7
+5 7
+2 2
+1 2
+1 4
+8 2
+1 2
+3 2
+1 2
+1 2
+1 2
+1 2
+1 2
+31 6
+1 6
+1 6
+1 6
+1 6
+2 6
+1 6
+1 6
+1 6
+1 6
+1 6
+1 6
+1 6
+3 6
+1 6
+1 6
+6 6
+1 6
+1 12
+4 6
+1 6
+3 6
+1 6
+1 6
+2 6
+1 6
+1 6
+4 6
+1 6
+1 6
+1 6
+1 6
+1 6
661 5
+1 5
+1 5
+1 5
+1 5
+2 5
+1 5
+1 5
+1 5
+1 5
+1 5
+1 5
+1 1
+4 1
+1 1
+1 1
+6 1
+1 1
+1 2
+4 1
+1 1
+3 1
+1 1
+1 1
+2 1
+1 1
+1 1
+4 1
+1 1
+1 1
+1 1
+1 1
+1 1
+69 3
+1 3
+1 3
+1 3
+1 3
+2 3
+1 3
+1 3
+1 3
+1 3
+1 3
+1 3
899 4
+1 4
+1 4
+1 4
+1 4
+2 4
+1 4
+1 4
+1 4
+1 4
+1 4
+1 4
+1 3
+4 3
+1 3
+1 3
+6 3
+1 3
+1 6
+4 3
+1 3
+3 3
+1 3
+1 3
+2 3
+1 3
+1 3
+4 3
+1 3
+1 3
+1 3
+1 3
+1 3
+7 1
+1 1
+2 1
+1 1
+2 1
+1 1
+1 1
+2 1
+1 1
+1 1
+4 1
+1 1
+1 1
+1 1
+1 1
+1 1
+41 4
+1 4
+1 4
+1 4
+1 4
+2 4
+1 4
+1 4
+1 4
+1 4
+1 4
+1 4
+1 3
+4 3
+1 3
+1 3
+6 3
+1 3
+1 6
+4 3
+1 3
+3 3
+1 3
+1 3
+2 3
+1 3
+1 3
+4 3
+1 3
+1 3
+1 3
+1 3
+1 3
+69 4
+1 4
+1 4
+1 4
+1 4
+2 4
+1 4
+1 4
+1 4
+1 4
+1 4
+1 4
+1 1
+4 1
+1 1
+1 1
+6 1
+1 1
+1 2
+4 1
+1 1
+3 1
+1 1
+1 1
+2 1
+1 1
+1 1
+4 1
+1 1
+1 1
+1 1
+1 1
+1 1
+69 12
+1 12
+1 12
+1 12
+1 12
+2 12
+1 12
+1 12
+1 12
+1 12
+1 12
+1 12
+1 2
+4 2
+1 2
+1 2
+6 2
+1 2
+1 4
+4 2
+1 2
+3 2
+1 2
+1 2
+2 2
+1 2
+1 2
+4 2
+1 2
+1 2
+1 2
+1 2
+1 2
+69 4
+1 4
+1 4
+1 4
+1 4
+2 4
+1 4
+1 4
+1 4
+1 4
+1 4
+1 4
+1 4
+4 4
+1 4
+1 4
+6 4
+1 4
+1 8
+4 4
+1 4
+3 4
+1 4
+1 4
+2 4
+1 4
+1 4
+4 4
+1 4
+1 4
+1 4
+1 4
+1 4
+69 8
+1 8
+1 8
+1 8
+1 8
+2 8
+1 8
+1 8
+1 8
+1 8
+1 8
+1 8
+1 7
+4 7
+1 7
+1 7
+6 7
+1 7
+1 14
+4 7
+1 7
+3 7
+1 7
+1 7
+2 7
+1 7
+1 7
+4 7
+1 7
+1 7
+1 7
+1 7
+1 7
+69 15
+1 15
+1 15
+1 15
+1 15
+2 15
+1 15
+1 15
+1 15
+1 15
+1 15
+1 15
+1 6
+4 6
+1 6
+1 6
+6 6
+1 6
+1 12
+4 6
+1 6
+3 6
+1 6
+1 6
+2 6
+1 6
+1 6
+4 6
+1 6
+1 6
+1 6
+1 6
+1 6
+7 1
+1 1
+2 1
+1 1
+2 1
+1 1
+1 1
+2 1
+1 1
+1 1
+4 1
+1 1
+1 1
+1 1
+1 1
+1 1
+41 10
+1 10
+1 10
+1 10
+1 10
+2 10
+1 10
+1 10
+1 10
+1 10
+1 10
+1 10
+1 8
+4 8
+1 8
+1 8
+6 8
+1 8
+1 16
+4 8
+1 8
+3 8
+1 8
+1 8
+2 8
+1 8
+1 8
+4 8
+1 8
+1 8
+1 8
+1 8
+1 8
+7 1
+1 1
+2 1
+1 1
+2 1
+1 1
+1 1
+2 1
+1 1
+1 1
+4 1
+1 1
+1 1
+1 1
+1 1
+1 1
+41 11
+1 11
+1 11
+1 11
+1 11
+2 11
+1 11
+1 11
+1 11
+1 11
+1 11
+1 11
+1 4
+4 4
+1 4
+1 4
+6 4
+1 4
+1 8
+4 4
+1 4
+3 4
+1 4
+1 4
+2 4
+1 4
+1 4
+4 4
+1 4
+1 4
+1 4
+1 4
+1 4
+69 19
+1 19
+1 19
+1 19
+1 19
+2 19
+1 19
+1 19
+1 19
+1 19
+1 19
+1 19
+2 4
+4 4
+1 4
+1 4
+6 4
+1 4
+2 8
+4 4
+1 4
+3 4
+1 4
+1 4
+2 4
+1 4
+1 4
+4 4
+1 4
+1 4
+1 4
+1 4
+1 4
+71 51
+2 51
+1 51
+1 51
+1 51
-3 61
+1 61
+1 61
+1 61
+1 104
+5 52
+6 52
+1 52
+8 52
+1 52
-16 286
+6 286
+1 286
+8 286
+1 286

fl=(62)
fn=(194)
25 4
+1 16
+1 4

fl=(65)
fn=(210)
28 6
+1 12
cfi=(66) ./io/../sysdeps/unix/sysv/linux/fstatat64.c
cfn=(212) fstatat
calls=3 146 
* 28

fl=(9) ./elf/../sysdeps/unix/sysv/linux/dl-sysdep.c
fn=(16) _dl_sysdep_start
102 5
+4 1
-4 1
+1 1
+3 1
cfn=(18) _dl_sysdep_parse_arguments
calls=1 -28 
* 444
+4 2
cfi=(11)
cfn=(22) __GI___tunables_init
calls=1 261 
* 30561
+3 1
cfi=(13)
cfn=(26) _dl_sort_maps_init
calls=1 289 
* 38
+2 2
cfi=(14) ./elf/../sysdeps/unix/sysv/linux/brk.c
cfn=(30) brk
calls=1 -79 
* 8
fi=(6)
220 1
cfi=(15)
cfn=(34)
calls=1 37 
* 7349
fe=(9)
-98 3
+1 1
cfi=(22)
cfn=(62)
calls=1 -66 
* 17
* 1
+2 2
cfi=(23) ./elf/../misc/sbrk.c
cfn=(64) sbrk
calls=1 -88 
* 16
* 3
+12 3
+3 5
cfi=(2)
cfn=(66) dl_main
calls=1 1346 
* 156793
+3 4

fn=(564) _dl_sysdep_start_cleanup
147 1
+1 1

fn=(18)
78 1
+2 1
-2 6
+1 1
+1 1
-1 1
+2 2
+2 1
-2 1
+2 2
-1 1
+1 2
-1 49
+1 98
+7 56
fi=(10) ./elf/../sysdeps/unix/sysv/linux/dl-parse_auxv.h
-49 1
fe=(9)
+45 1
fi=(10)
-54 1
fe=(9)
+54 1
fi=(10)
-54 1
+1 1
+1 1
+7 3
+1 44
+1 22
-2 22
+2 22
-2 67
fe=(9)
+52 3
+1 1
+1 2
fi=(10)
-49 1
+1 1
fe=(9)
+46 1
fi=(10)
-45 1
+3 1
+1 1
+1 1
+1 1
+2 1
-5 1
-4 1
+1 1
+4 1
+1 1
+3 1
-7 1
-4 1
+1 1
+8 1
fe=(9)
+40 1
-1 1
+2 1
+1 6

fl=(20) ./elf/../sysdeps/x86/dl-cacheinfo.h
fn=(52) intel_check_word.constprop.0
123 48
-4 72
+10 24
-10 96
+10 48
-10 24
+10 24
-10 24
+10 24
+2 48
+71 48
fi=(21) ./elf/../bits/stdlib-bsearch.h
32 24
fe=(20)
202 120
-71 96
+2 60
+2 120
+8 120
+51 96
+22 48
fi=(21)
28 48
-1 96
+2 216
+2 168
+1 84
fe=(20)
+78 168
+3 324
fi=(21)
-78 264
-6 528
+2 480
+1 240
fe=(20)
+78 480
+15 12
246 144
fi=(21)
37 120
fe=(20)
155 36
+3 36
-6 12
+3 39
+9 18
+23 21
-32 63
+3 63
+4 58
+2 116
+3 84
+1 48
+1 48
+1 30
+2 11
+2 22
+6 14
+3 8
+1 12
-20 15
+12 4
+2 4
+1 4
-2 4
-1 4
+2 8
-2 4
+3 4
-2 12
+2 12
+11 2
-9 12

fn=(50) handle_intel.constprop.0
255 24
-5 12
+17 12
-17 96
+11 12
+1 12
+5 36
+4 24
+34 96
-29 12
+3 24
-3 12
+3 36
cfn=(52)
calls=12 123 
* 4092
+2 24
+3 60
cfn=(52)
calls=12 123 
* 1272
+2 24

fn=(56) get_common_cache_info.constprop.0
571 11
+17 1
+1 1
+9 1
-12 1
+2 1
+2 1
+8 1
-11 1
+3 1
+11 2
-5 3
+17 1
+5 3
+4 2
770 5
+1 5
+4 2
+8 1
-1 1
+1 1
+1 1
+1 7
627 5
+3 6
-32 5
+75 4
+8 5
+2 2
-2 1
+6 3
+3 1
+1 5
-4 4
+21 2
-21 4
+2 1
+2 4
-4 1
+6 4
+3 2
+5 1
+2 2
+1 1
+1 1
-2 2
+1 1
-19 4
+46 2
+1 1
+1 2
+1 1
+25 3
630 3
+10 6
+14 2
+4 1
+3 1
+1 1
-4 2
+3 3
+6 4
-37 12
+7 6
-7 3
+7 2
+3 20
+5 2
+4 1
+1 1
-1 2
+1 1
+61 2
+7 1
+2 2
-16 1
+22 1
-6 2
+1 1
+5 1
-30 5

fl=(49) ./string/../string/strcspn.c
fn=(156) strcspn
32 6
+1 3
+1 2
+5 6
+1 4
+1 4
+1 4
+2 1
+3 3
+1 2
-1 6
+1 4
+3 4
+1 4
+1 4
+1 4
+2 3
+6 1
-1 1
+1 1
+2 2
-1 2
+2 1
+2 6
-5 12
-1 12
+1 12
+2 24
-1 24
+2 12
+2 72
+2 1
+1 3
+1 2
-1 1
+1 1

fl=(52)
fn=(216)
36 2
+3 1
-3 7
+3 1
-3 2
+3 1
cfi=(53)
cfn=(172)
calls=1 -11 
* 20
+1 2
+23 8
-21 4
cfi=(55)
cfn=(178)
calls=1 -12 
* 6
* 2
+2 2
+3 2
+13 2
cfi=(62)
cfn=(194)
calls=1 -35 
* 6
* 1
-11 6
cfi=(57)
cfn=(182)
calls=1 -2 
* 26
* 2

fn=(168)
68 273
+1 78
cfi=(32)
cfn=(94)
calls=39 +29 
* 1283
* 78
+3 39
+2 78
+6 39
-6 78
+1 141
cfi=(32)
cfn=(94)
calls=47 +23 
* 1794
* 94
+8 8
-13 8
+13 55
-1 31
+1 93

fl=(7)
fn=(12) __rtld_malloc_init_stubs
42 1
+1 2
+1 2
+1 2
+1 2
+1 1

fn=(134)
239 2
+3 4
+2 2
+1 4
+4 3
-2 2
+4 28
+5 84
-2 56
+13 1
+4 4
-22 14
+15 14
-15 30

fn=(538) lookup_malloc_symbol
61 8
+3 4
-3 12
+3 4
-3 12
+3 4
-3 4
+2 4
+1 16
cfi=(78)
cfn=(270)
calls=4 772 
* 2368
+4 28
+1 28
+2 4
fi=(167) ./elf/./dl-sym-post.h
-30 8
+12 12
fe=(7)
+19 24

fn=(534) __rtld_malloc_init_real
76 2
+10 1
fi=(166) ./elf/../sysdeps/generic/dl-hash.h
-41 1
-1 1
fe=(7)
+32 8
+11 1
-1 1
fi=(166)
-43 1
+5 3
+14 4
-17 3
+3 15
+14 20
-17 15
fe=(7)
+46 2
fi=(166)
-24 1
fe=(7)
+22 1
+2 2
fi=(166)
-19 1
fe=(7)
+19 1
cfn=(538)
calls=1 -30 
* 617
+1 3
-1 1
+1 1
cfn=(538)
calls=1 -31 
* 606
+1 3
-1 1
+1 1
cfn=(538)
calls=1 -32 
* 691
+1 3
-1 1
+1 1
cfn=(538)
calls=1 -33 
* 626
+5 1
+1 1
+1 1
+1 1
+1 8

fl=(37)
fn=(108)
172 6
+3 1
-3 3
+3 1
-3 5
+2 1
cfi=(38) ./elf/../sysdeps/x86_64/dl-hwcaps-subdirs.c
cfn=(110) _dl_hwcaps_subdirs_active
calls=1 29 
* 49
+1 1
fi=(40) ./elf/./dl-hwcaps.h
43 1
fe=(37)
174 1
fi=(40)
45 2
+32 1
+1 1
+1 1
fe=(37)
-27 2
cfi=(39)
cfn=(114)
calls=1 -1 
* 23
* 2
fi=(40)
-9 1
+2 1
-2 1
+34 2
+1 2
+1 1
fe=(37)
-24 2
-1 2
+1 2
+1 2
+1 2
-5 4
cfi=(39)
cfn=(114)
calls=2 -1 
* 130
* 2
cfi=(39)
cfn=(114)
calls=1 -1 
* 125
* 6
+48 4
fi=(28)
-44 2
cfi=(27)
cfn=(78)
calls=1 -20 
* 30
fe=(37)
+46 2
-2 1
+2 1
+3 1
+3 1
fi=(40)
-65 1
+2 1
fe=(37)
+67 1
fi=(40)
-66 1
fe=(37)
+66 2
cfi=(39)
cfn=(120)
calls=1 -87 
* 13
* 2
fi=(40)
-69 1
+2 1
-2 1
+34 2
+1 2
+1 1
fe=(37)
+48 10
+1 4
+1 2
+1 2
-1 2
-4 4
cfi=(39)
cfn=(114)
calls=2 -74 
* 130
* 2
cfi=(39)
cfn=(114)
calls=1 -74 
* 125
* 6
+8 3
+9 5
+3 8
-2 6
+14 1
+4 1
+1 1
+1 1
-20 3
+19 1
+1 1
-20 2
+8 2
+4 2
-4 3
+4 2
cfi=(42)
cfn=(122)
calls=1 -96 
* 19
+1 3
-14 8
+47 1
-4 2
+4 2
-3 1
+7 1
-7 2
+7 1
fi=(28)
56 1
cfi=(27)
cfn=(78)
calls=1 -20 
* 30
* 1
fe=(37)
194 2
+8 1
fi=(40)
43 1
fe=(37)
201 1
80 1
fi=(40)
-35 1
fe=(37)
+35 1
202 1
fi=(40)
77 1
+1 1
fe=(37)
202 3
fi=(40)
79 1
fe=(37)
-2 2
cfi=(39)
cfn=(114)
calls=1 -26 
* 23
* 2
fi=(40)
-34 1
+2 1
fe=(37)
+35 2
fi=(40)
-37 1
+34 2
+1 2
+1 3
fe=(37)
+1 4
+7 2
-7 8
cfi=(29)
cfn=(126)
calls=2 197 
* 26
+4 2
+2 2
+2 2
-2 4
-9 4
cfi=(39)
cfn=(114)
calls=2 -26 
* 130
* 2
cfi=(39)
cfn=(114)
calls=1 -26 
* 125
* 6
213 2
-5 1
+1 1
-1 1
+5 1
+3 9

fl=(64)
fn=(206)
61 30
+7 5
-4 15
+1 5
-1 35
cfi=(30)
cfn=(166)
calls=5 1967 
* 11209
* 5
+5 15

fn=(202) _dl_map_object_deps
143 4
+1 2
-1 1
+1 1
-1 2
+1 1
-1 1
+1 1
-1 4
+1 3
-1 1
+1 7
-8 1
+8 2
-8 1
-6 1
-2 1
+16 1
-8 1
-7 1
+1 1
+6 1
+24 4
-28 3
-2 1
+31 1
-33 2
+2 2
+30 2
-30 1
-1 4
+7 4
+24 3
+28 3
-6 1
+46 1
fi=(72) ./elf/../include/scratch_buffer.h
77 1
fe=(64)
+87 1
fi=(72)
-87 1
+1 1
fe=(64)
184 1
+44 4
-31 1
-4 1
+4 6
-4 4
+4 8
+11 14
-18 2
+18 4
417 10
+2 3
+3 3
-3 9
+3 3
-3 3
fi=(28)
56 3
cfi=(27)
cfn=(78)
calls=3 -20 
* 90
fe=(64)
423 9
fi=(28)
56 3
fe=(64)
423 3
+6 3
+1 15
cfi=(29)
cfn=(82)
calls=3 210 
* 33
+1 15
cfi=(29)
cfn=(82)
calls=3 210 
* 33
+3 3
+1 6
+4 15
188 8
442 12
-1 5
+1 10
183 6
+27 12
+7 3
+4 3
-6 3
+1 3
+1 3
+1 6
+3 9
-2 3
-29 15
+32 184
+6 20
cfi=(30)
cfn=(204)
calls=5 +10 
* 283
* 15
+4 10
-2 5
+2 10
cfi=(50)
cfn=(160)
calls=5 -28 
* 11649
+1 10
+9 5
+2 10
+5 15
+6 3
+2 3
-8 6
+3 3
+1 3
+1 3
+1 3
+4 3
-3 3
+3 9
+4 15
+1 9
-43 377
+7 10
+38 261
fi=(72)
85 3
fe=(64)
448 5
+1 1
+3 4
+11 5
fi=(28)
56 1
cfi=(27)
cfn=(78)
calls=1 -20 
* 30
fe=(64)
465 3
fi=(28)
56 1
fe=(64)
465 1
+5 2
+1 1
-1 3
+4 3
-2 2
+13 4
+5 4
-16 12
+11 4
-7 4
+7 4
-2 8
-5 1
+7 1
-2 2
+2 1
-11 1
+11 1
+5 1
-16 3
+21 3
+37 2
+15 2
-14 2
+20 1
-1 4
+1 4
-1 5
cfi=(13)
cfn=(232)
calls=1 298 
* 349
+5 1
+2 1
+1 1
+1 2
-2 1
+2 1
+7 3
+3 2
+3 8
198 32
+3 3
fi=(72)
-70 12
cfi=(71)
cfn=(228)
calls=3 30 
* 75
fe=(64)
+70 9
+4 6
547 4
cfi=(29)
cfn=(82)
calls=1 210 
* 19
* 3
-53 2
144 2

fl=(2)
fn=(66)
1346 2
197 1
1346 11
199 1
302 1
+1 1
197 1
+99 3
1357 1
cfi=(24)
cfn=(68)
calls=1 53 
* 17
2749 1
2538 1
2749 2
2598 1
+2 2
+15 1
-13 2
cfi=(25) ./elf/./elf/dl-environ.c
cfn=(70) _dl_next_ld_env_entry
calls=1 28 
* 53
* 4
cfi=(25)
cfn=(70)
calls=2 28 
* 291
* 9
+4 6
-2 2
+2 6
+1 2
-1 6
+1 17
-1 89
+9 12
2727 3
1373 1
+1 2
-1 2
+1 2
2687 3
-47 2
+10 2
1637 9
cfi=(26)
cfn=(72)
calls=1 59 
* 210
* 1
+2 2
+1 3
+6 1
-5 2
+1 3
+4 1
cfi=(26)
cfn=(84)
calls=1 31 
* 42
+1 2
1116 1
-1 1
1351 1
1143 1
-21 2
+21 2
-19 1
+1 1
-3 1
+21 2
+57 1
-82 1
+25 1
-3 1
+4 1
+19 1
+37 4
-56 102
+56 4
-1 4
+1 8
-1 4
+2 8
+1 1
+2 12
+1 14
+4 8
+1 8
+1 4
+4 12
-72 27
1253 2
+1 22
+6 4
cfi=(30)
cfn=(88)
calls=1 868 
* 90
-7 26
+1 13
+6 13
-6 26
fi=(31)
235 4
+1 2
-87 4
fe=(2)
1148 1
-5 1
+5 2
-5 2
+30 1
-9 2
+2 1
-3 1
+10 2
+18 2
-38 2
-10 1
+10 1
+1 9
-11 2
+1 14
1247 1
1143 1
1247 2
1143 3
1266 4
+3 3
+2 3
1672 3
+2 2
-1 1
+1 1
+1 3
-2 2
cfi=(32)
cfn=(94)
calls=1 98 
* 25
* 2
+7 1
+3 1
-5 1
+3 1
+2 1
+1 2
+4 2
+2 2
fi=(3) ./elf/./get-dynamic-info.h
39 4
+4 1
+2 1
+9 1
+1 1
-10 2
+23 27
-23 108
+4 54
+3 6
-1 12
+3 24
+1 20
fe=(2)
1243 1
1143 1
1243 1
1143 2
fi=(3)
72 4
+43 2
+7 3
+1 4
+6 3
+18 4
+5 2
+2 2
+2 2
+2 2
+1 2
+3 4
+2 3
+1 2
+9 2
+6 2
+1 3
+3 3
fe=(2)
1698 4
+7 2
cfi=(8)
cfn=(14)
calls=1 25 
* 27
+3 2
fi=(33) ./elf/./setup-vdso.h
24 2
fi=(36) ./elf/./dl-main.h
+85 2
fi=(35) ./elf/../sysdeps/unix/sysv/linux/dl-vdso-setup.h
-64 1
fi=(36)
+64 3
cfi=(30)
cfn=(106)
calls=1 706 
* 2322
fe=(2)
1733 3
cfi=(45)
cfn=(144) _dl_debug_initialize
calls=1 56 
* 34
+7 1
-5 1
-2 1
+7 1
+4 1
+1 1
+2 1
-3 3
+1 2
+3 1
+11 1
-13 1
+13 1
+1 2
+5 1
-3 2
+2 1
+1 2
+5 3
+1 5
-1 2
224 1
+1 1
-1 1
+1 3
+1 2
1788 2
+5 1
-1 1
1352 1
1793 1
+24 1
cfi=(46)
cfn=(146)
calls=1 192 
* 6
* 1
fi=(47) ./elf/../sysdeps/generic/dl-debug.h
29 4
+1 1
fe=(2)
1823 1
+1 1
cfi=(45)
cfn=(150) _dl_debug_state
calls=1 116 
* 2
+1 1
+4 3
cfi=(48)
cfn=(152)
calls=1 29 
* 17
+5 3
+2 1
+2 2
+9 2
+16 4
cfi=(63)
cfn=(200)
calls=1 25 
* 9
* 2
+76 4
+16 3
85 1
1965 1
85 2
1965 1
85 1
1965 5
85 1
1965 2
cfi=(64)
cfn=(202)
calls=1 143 
* 14085
92 1
+9 1
1971 1
92 2
+9 2
1971 2
+1 6
-1 4
+1 8
-1 16
+4 3
+1 2
+1 1
+2 18
+1 8
+46 1
-42 2
+8 3
+1 2
+2 1
+2 3
+2 1
-4 1
+5 1
-1 2
+14 2
+1 2
+1 3
-25 1
+36 2
+2 1
-2 1
+2 2
-2 1
+1 2
+1 1
-1 2
+1 1
cfi=(50)
cfn=(236)
calls=1 186 
* 9257
+10 1
+1 1
-1 1
+1 1
+3 2
837 1
fi=(329) ./elf/../sysdeps/unix/sysv/linux/dl-osinfo.h
39 2
fe=(2)
839 1
fi=(329)
52 1
fe=(2)
848 1
+7 1
-5 1
2047 3
2246 2
+4 1
-4 1
+10 1
-6 1
+6 1
-6 1
+9 2
+8 2
fi=(31)
36 2
+1 3
+3 3
+13 7
-13 4
+9 8
-9 1
+9 20
+4 16
-16 15
+34 1
fe=(2)
2279 1
fi=(31)
71 1
cfi=(76)
cfn=(260)
calls=1 361 
* 55
fe=(2)
2282 1
-3 2
+5 1
-2 2
+2 2
+1 6
cfi=(77)
cfn=(262)
calls=1 207 
* 71333
85 2
2292 1
85 2
2292 1
+1 20
+2 10
+5 10
+2 10
+6 5
+2 10
+1 32
cfi=(77)
cfn=(262)
calls=4 207 
* 46906
+4 12
+1 2
-23 1
+23 1
cfi=(46)
cfn=(438)
calls=1 1017 
* 28
-23 3
92 3
+1 1
2325 1
93 1
2325 1
+4 4
+2 1
+7 4
cfi=(46)
cfn=(524)
calls=1 523 
* 149
+3 2
+4 3
+2 2
+33 3
cfi=(170)
cfn=(548)
calls=1 27 
* 603
+7 1
cfi=(9)
cfn=(564)
calls=1 147 
* 2
+3 3
cfi=(48)
cfn=(566)
calls=1 41 
* 11
+4 2
cfi=(45)
cfn=(196)
calls=1 38 
* 7
+1 1
-1 1
+2 1
cfi=(45)
cfn=(150)
calls=1 116 
* 2
+1 1
+4 1
cfi=(67)
cfn=(568)
calls=1 525 
* 19
+5 8
2304 1
+1 1
-3 2
226 2
-2 1
+1 1
1773 1
+6 1
-6 2
+6 1
fi=(3)
56 5
+3 4
fi=(34) ./elf/../sysdeps/unix/sysv/linux/dl-vdso.h
-19 2
+1 5
fi=(35)
-11 1
+3 1
+3 1
+3 1
fi=(34)
+16 2
fi=(3)
+17 3
+12 3
+1 5
+1 5
+1 5
+1 4
+1 5
+1 5
+1 5
+12 2
+7 1
-7 7
+7 2
fe=(2)
1743 4
2357 1
cfi=(164)
cfn=(526)
calls=1 561 
* 723
+5 3
cfi=(7)
cfn=(534)
calls=1 76 
* 2651
+3 1
cfi=(168)
cfn=(542)
calls=1 30 
* 503
85 1
2371 1
+1 3
85 3
2372 2
cfi=(77)
cfn=(262)
calls=1 207 
* 1699
92 3
+9 3
2687 2
+2 1
+1 1
-1 1
+1 1
+1 1
2040 2
cfn=(246) init_tls
calls=1 734 
* 836
* 2
2650 2
+2 2
+1 1
fi=(3)
62 4
+2 4
fe=(2)
1943 10
85 1
1842 2
85 3
1842 2
cfn=(154) handle_preload_list
calls=1 869 
* 3098
* 1
92 3
+9 3
1943 6
+1 1
-1 1
+4 3
+1 1
+1 2
+1 2
-7 2

fn=(154)
869 11
+5 1
-5 2
+5 2
-4 3
+7 3
cfi=(49)
cfn=(156)
calls=1 32 
* 254
* 1
+1 3
+9 1
183 1
889 2
183 2
891 2
-80 1
+5 1
-6 1
-4 1
+10 2
-6 1
+4 1
+2 2
-5 1
+1 1
+4 1
cfi=(50)
cfn=(158)
calls=1 254 
* 2754
+1 3
+8 3
+67 1
-18 2
+21 9
-15 4
cfi=(29)
cfn=(82)
calls=1 210 
* 19
+1 2

fn=(246)
734 1
+6 1
-6 3
+2 2
+4 2
+11 1
fi=(28)
44 1
fe=(2)
746 1
+4 1
fi=(28)
44 1
cfi=(27)
cfn=(74)
calls=1 +36 
* 41
fe=(2)
761 1
-12 1
+6 1
-9 1
+11 1
+4 1
+2 3
-1 2
+3 10
+4 1
+2 1
-2 2
-5 1
-1 2
+10 3
+3 2
cfi=(46)
cfn=(248)
calls=1 97 
* 86
+3 1
cfi=(46)
cfn=(250)
calls=1 216 
* 79
+7 1
cfi=(46)
cfn=(252)
calls=1 417 
* 469
* 1
+1 2
+6 1
fi=(74) ./elf/../sysdeps/generic/dl-call_tls_init_tp.h
31 2
fe=(2)
793 1
fi=(74)
31 6
+2 1
cfi=(24)
cfn=(256)
calls=1 +35 
* 79
fe=(2)
800 1
-3 1
+3 4
-36 4
-1 9

fn=(238)
674 2
+2 1
-2 4
+2 3
cfi=(73)
cfn=(240)
calls=1 392 
* 9220
* 2
+4 3

fn=(2)
517 16
85 1
547 4
85 1
543 1
fi=(6)
55 1
fe=(2)
+30 1
546 1
85 1
fi=(3)
-40 1
fe=(2)
546 1
fi=(3)
45 2
+23 18
-23 72
+4 36
+3 5
-1 10
+3 20
+1 16
+1 5
fi=(4)
+23 1
fi=(3)
+31 1
-38 3
+12 4
+1 3
+1 4
+1 4
+1 5
+1 3
+1 4
+1 4
+12 7
+7 2
-51 4
+64 3
+6 3
+1 3
+3 2
+1 3
+5 5
+3 5
fe=(2)
563 154
fi=(4)
79 1
fe=(2)
563 1
fi=(4)
79 2
fe=(2)
563 27
fi=(6)
287 3
fi=(5)
49 1
fe=(2)
563 1
fi=(5)
50 1
-1 2
+4 1
-3 1
+3 4
+3 2
-7 1
fe=(2)
563 1
fi=(5)
50 1
-1 2
+4 1
-3 1
+3 4
+3 2
+7 3
+2 3
-2 6
fi=(6)
278 3
fi=(5)
64 6
fi=(6)
278 6
+9 24
+3 6
+1 6
+26 8
+6 2
fi=(5)
61 13
fe=(2)
563 6
fi=(5)
51 1
fi=(4)
+28 2
fi=(3)
-17 4
+2 4
fe=(2)
565 1
+13 1
cfi=(7)
cfn=(12)
calls=1 42 
* 10
458 2
85 1
476 2
85 3
476 1
cfi=(8)
cfn=(14)
calls=1 25 
* 27
+2 1
+16 2
-17 1
+11 1
-10 1
+16 1
cfi=(9)
cfn=(16)
calls=1 102 
* 195263
* 1
+2 2
+89 9
fi=(3)
103 3
fe=(2)

fn=(164)
641 2
+2 1
-2 4
+2 1
+1 2
-1 2
+1 3
cfi=(30)
cfn=(166)
calls=1 1967 
* 2643
* 1
+2 3

fl=(16)
fn=(36)
682 1
+17 1
-17 7
+3 1
+1 1
+1 1
+3 1
+9 2
+3 6
1001 3
+1 2
+3 2
+1 2
+6 1
+1 1
+1 1
+1 1
fi=(20)
792 1
+1 1
+2 1
+14 2
+85 1
+1 1
+15 1
-5 1
+5 1
-10 1
-6 1
+2 1
+14 1
-15 1
+2 1
-1 1
+2 1
-1 1
+2 1
-1 1
+1 1
+2 1
+1 1
+1 1
+1 1
+35 2
-15 3
+8 2
+27 6
+9 2
+19 2
+8 6
cfi=(11)
cfn=(28)
calls=1 387 
* 23
* 1
+2 2
+3 4
cfi=(11)
cfn=(28)
calls=1 387 
* 23
* 1
+2 2
+3 4
cfi=(11)
cfn=(28)
calls=1 387 
* 23
* 1
+1 5
+16 2
-12 5
cfi=(11)
cfn=(28)
calls=1 387 
* 23
* 1
+1 3
+6 3
+3 1
-3 2
cfi=(11)
cfn=(28)
calls=1 387 
* 23
* 1
+3 5
-3 1
+3 5
cfi=(11)
cfn=(58) __GI___tunable_set_val
calls=1 153 
* 62
+1 10
cfi=(11)
cfn=(58)
calls=1 153 
* 62
+1 11
cfi=(11)
cfn=(58)
calls=1 153 
* 62
+3 10
cfi=(11)
cfn=(58)
calls=1 153 
* 62
+2 10
cfi=(11)
cfn=(58)
calls=1 153 
* 62
+13 1
+2 1
fe=(16)
-23 1
fi=(20)
+21 1
+3 1
fe=(16)
-24 1
fi=(20)
+26 1
-5 1
+2 1
-2 1
+3 1
fe=(16)
-24 1
fi=(20)
+25 1
+3 1
-1 1
fe=(16)
-27 1
cfi=(11)
cfn=(28)
calls=1 387 
* 22
+3 4
cfi=(11)
cfn=(28)
calls=1 387 
* 24
+6 3
+54 1
-1 1
+1 1
+45 4
cfi=(11)
cfn=(28)
calls=1 387 
* 22
+2 4
cfi=(11)
cfn=(28)
calls=1 387 
* 22
+6 4
cfi=(11)
cfn=(28)
calls=1 387 
* 24
+7 8
fi=(20)
974 12
fe=(16)
+68 1
-1 2
+1 3
+44 3
+27 2
-10 2
+1 2
+2 3
+1 2
+2 3
+1 2
fi=(20)
811 2
cfn=(50)
calls=1 255 
* 455
+1 1
-1 1
+1 1
cfn=(50)
calls=1 255 
* 503
+1 1
-1 1
+1 1
cfn=(50)
calls=1 255 
* 530
+4 1
-4 1
+1 2
+3 1
cfn=(50)
calls=1 255 
* 476
+2 1
-2 1
+2 1
cfn=(50)
calls=1 255 
* 468
+3 1
-3 1
+1 2
+2 1
cfn=(50)
calls=1 255 
* 446
+2 1
-2 1
+2 1
cfn=(50)
calls=1 255 
* 447
+3 1
-2 1
-1 1
+3 1
cfn=(50)
calls=1 255 
* 494
+2 1
-2 1
+2 1
cfn=(50)
calls=1 255 
* 495
+1 1
+2 1
-3 1
+1 1
+2 1
cfn=(50)
calls=1 255 
* 521
+2 1
-2 1
+2 1
cfn=(50)
calls=1 255 
* 522
+2 1
-2 1
+2 1
cfn=(50)
calls=1 255 
* 523
+2 4
-2 1
+2 1
cfn=(56)
calls=1 571 
* 223
+93 1
-6 3
+6 1
-6 2
+6 2
-6 2
+6 2
-1 2
fe=(16)
708 6
cfn=(38) get_common_indices.constprop.0
calls=1 398 
* 74
376 3
+1 2
+1 6
+5 2
713 1
cfn=(42) update_active.constprop.0
calls=1 72 
* 222
+2 1
+2 1
1015 1
715 2
878 2
+7 2
+2 2
+4 2
+6 2
+2 1
706 2
-3 1
384 6
+5 2
+1 7
717 1
fi=(20)
987 1
-48 1
fe=(16)
717 1
fi=(20)
987 2
fe=(16)
717 6
+4 7
+78 1
-25 3
+92 2
+3 2
fi=(20)
+38 1
fe=(16)
-37 1
-89 2
+51 2

fn=(38)
398 3
+4 4
+3 3
+5 2
-5 1
+5 1
-5 1
+4 1
+1 1
+1 4
+1 4
+1 3
+1 2
+7 2
+2 5
+5 1
-5 1
+5 1
-5 1
+5 1
-5 2
+5 1
+7 1
-7 4
+7 1
+1 3
+6 1
-6 4
+6 1
fi=(17) ./elf/../sysdeps/unix/sysv/linux/x86/dl-minsigstacksize.h
24 2
+3 2
+1 2
+37 3
+7 1
+2 1
fe=(16)
457 3

fn=(42)
72 8
+4 1
+10 1
+9 1
+9 1
-19 1
-1 1
+29 1
-4 1
-24 1
+9 1
+9 1
+9 1
-28 2
+25 1
-15 1
-9 1
+9 1
+9 1
+9 1
-3 1
+7 1
-13 1
+9 1
+4 2
-22 1
+22 2
-13 1
+6 1
+3 1
+5 1
+12 1
-8 1
-4 1
+7 1
-3 4
+1 1
+2 1
-2 2
+1 3
+5 1
+2 1
-2 4
+1 1
+1 1
-1 2
+1 1
-1 1
+3 2
+1 4
+14 2
356 2
+4 3
fi=(18) ./elf/../sysdeps/unix/sysv/linux/x86/dl-hwcap2.h
25 2
fi=(19) ./elf/../sysdeps/x86/get-isa-level.h
+5 1
-2 1
+2 3
fe=(16)
369 1
+1 8
151 2
+1 2
-1 5
+1 2
+2 3
+90 1
+1 1
-1 2
+17 4
+16 2
+5 1
-1 2
+4 4
+4 2
+4 3
+1 2
+3 1
-1 1
+9 1
-5 1
+2 1
-2 1
+5 1
+51 1
fi=(19)
31 1
fe=(16)
356 2
fi=(19)
32 3
+4 3
fe=(16)
158 4
+3 1
+3 2
+14 1
+2 1
+10 3
-12 1
+12 1
-12 1
+2 2
-2 1
+2 1
+8 1
-8 1
+6 3
+2 1
-2 1
+2 3
+7 5
fi=(19)
39 2
+1 4
-2 1
+7 4
+2 1
+1 2
+3 5
+2 4
+1 2
+1 2
+3 1
-1 1
+1 3
fe=(16)
171 1
-5 2
+4 1

fl=(14)
fn=(30)
36 1
fi=(330) ./elf/../sysdeps/unix/sysv/linux/brk_call.h
-12 2
fe=(14)
+13 1
+1 2
+6 1
+1 1

fl=(45)
fn=(196)
38 4
+3 4
-1 8
+4 8
+4 4

fn=(144)
56 3
+3 2
+4 1
+22 1
+10 1
-32 2
+1 1
+21 2
+5 2
+1 1
+4 1
-4 1
-1 1
+2 1
+3 1
+4 2
+8 2
-50 1
+4 2
+35 6

fn=(150)
116 2
+1 2

fl=(26)
fn=(72)
59 60
+3 8
+18 6
+3 3
cfi=(22)
cfn=(62)
calls=3 -26 
* 69
+4 3
-4 3
+4 3
+5 3
-9 9
fi=(28)
-39 6
cfi=(27)
cfn=(74)
calls=3 +36 
* 224
fe=(26)
+39 1
fi=(28)
-39 2
cfi=(27)
cfn=(74)
calls=1 +36 
* 47
* 4
fe=(26)
+51 8
+5 4
+4 4
-6 4
+2 4
+4 4
-5 4
+4 4
+1 4
-1 4
+1 8
cfi=(29)
cfn=(82)
calls=4 210 
* 55
* 4
+15 4
-15 4
+2 4
+13 8
+6 1
+2 7
+3 2
-3 21
+3 6
+2 4
+4 4
+3 12
+2 12
-2 8
+2 8
-2 16
+16 8
-5 4
+5 4
-6 4
+6 4
-6 4
+6 8
+2 6
+3 6
-3 6
+7 12
+4 9
+8 1
+13 1
-10 2
+10 6
-10 6
+10 9
+2 3
cfi=(22)
cfn=(62)
calls=3 57 
* 105
+21 3
-21 9
+17 3
-13 9
+50 9
cfi=(29)
cfn=(126)
calls=3 -48 
* 47
* 3
+5 6
+1 6
-1 100
+1 100
+4 6
+1 3
+3 3
+4 36
131 8
-8 3
-4 6
+34 1
+7 4
+8 12
fi=(28)
56 6
cfi=(27)
cfn=(78)
calls=3 -20 
* 90
* 3
fe=(26)
200 6
-1 6
64 2
+2 3
+1 2
+4 6
+6 2

fn=(84)
31 16
+2 4
-2 8
+2 4
-2 12
+2 4
cfi=(24)
cfn=(86)
calls=4 +9 
* 12
+2 35
+3 36
+2 3
+2 3
+4 3
+4 3
-4 6
+1 6
+1 6
+3 15
-1 3
cfi=(24)
cfn=(86)
calls=3 -8 
* 9
-4 1
+4 1
-4 2
+1 2
+1 2
+3 5
-1 1
cfi=(24)
cfn=(86)
calls=1 -8 
* 3
-5 2

fl=(13)
fn=(234) dfs_traversal.part.0
135 90
+10 10
-2 10
+2 20
+2 28
-7 34
+7 68
+9 20
+15 30
+1 10
+1 60
-17 15

fn=(232)
298 24
+8 2
-8 2
+8 4
+4 16
-99 2
-28 2
-2 2
+1 4
+29 2
-28 8
+1 2
-1 2
+1 2
-1 4
+1 8
-1 8
+1 8
-1 16
+28 30
+8 6
-3 2
+2 2
+1 4
-3 2
+5 32
+2 10
-83 50
cfn=(234)
calls=10 -5 
* 395
+86 30
+18 8
+32 8
+7 2
+27 2
-47 6
cfi=(29)
cfn=(82)
calls=2 -53 
* 38
* 2

fn=(26)
289 2
+1 2
-1 2
+1 2
cfi=(11)
cfn=(28)
calls=1 +97 
* 24
+2 3
-1 1
+2 2

fl=(25)
fn=(70)
28 3
+1 3
+3 58
+13 48
-13 96
+2 100
+1 28
+5 2
-3 2
+3 2
+2 2

fl=(66)
fn=(212)
146 6
-55 6
+70 7
+1 1
-2 4
+1 4

fl=(22)
fn=(62)
57 20
+44 20
+1 20
+1 20
+1 20
+1 20
+1 20
+1 20
+2 20
+2 20
+31 19
+1 19
+1 19
+1 19
+1 19
+1 11
+2 11
+4 8
+1 8
+1 8
+1 8
+1 8
+1 8
+1 8
+1 8
+1 8
+1 8
+1 8
+1 8
+5 64
+4 1
+1 14
+1 6
+15 1
+1 1
+1 2
+51 1
+1 1
+1 1
+1 1
+1 1
+1 1
+1 1
+1 1
+16 1
+2 1
+1 14
+2 1
+1 1
+1 1
+2 1

fl=(11)
fn=(58)
153 15
-81 40
+81 15
-81 10
+10 5
fi=(331) ./elf/./dl-tunable-types.h
+2 5
fe=(11)
+9 40
+1 25
fi=(12) ./elf/./elf/dl-tunables.h
+47 10
fe=(11)
-26 25
+1 5
+1 5
+1 5
+39 15
fi=(12)
-15 10
fe=(11)
-45 10
+3 5
fi=(12)
+51 5
fe=(11)
-51 5
+4 10
+7 10
+1 10
-12 25

fn=(28)
387 38
+3 76
-3 38
+3 304
+9 35
-9 70
+19 23
+7 228
+2 38
-19 15
+1 15
+9 6

fn=(22)
261 8
+22 1
-22 1
128 1
283 1
-22 1
+6 4
42 255
+6 50
-3 50
+3 4521
+4 100
+4 100
fi=(12)
160 50
fe=(11)
56 100
fi=(12)
161 22
-1 116
+1 172
-1 100
fe=(11)
281 8200
+6 14850
fi=(12)
160 500
+1 1000
-1 35
+1 140
-1 175
fe=(11)
304 8

fl=(23)
fn=(64)
37 4
+3 1
-3 2
+21 2
+4 2
+16 5

fl=(38)
fn=(110)
29 1
fi=(19)
+2 1
fe=(38)
+7 1
fi=(19)
-8 4
fe=(38)
+22 1
fi=(19)
-20 3
+4 1
fe=(38)
+2 1
fi=(19)
-2 2
+3 4
+1 4
+5 1
fe=(38)
-7 1
fi=(19)
+7 3
fe=(38)
-2 1
fi=(19)
+5 2
+3 5
+2 4
+1 2
+1 2
+3 1
fe=(38)
-10 1
fi=(19)
+10 3
fe=(38)

ob=(6)
fl=(256) /home/tobiasosborne/Projects/convexfeld/src/api/env.c
fn=(1182) cxf_freeenv
130 1
+1 2
-1 5
+6 3
+11 1
+2 2
cfi=(257) /home/tobiasosborne/Projects/convexfeld/src/memory/alloc.c
cfn=(1006) cxf_free
calls=1 -43 
* 89
+2 1
-1 1
+1 2

fn=(910) cxf_loadenv
75 1
+3 2
-3 1
+9 1
-9 4
+7 1
+2 2
cfi=(257)
cfn=(912) cxf_calloc
calls=1 -31 
* 272
+1 2
-49 1
-3 1
-2 1
+7 1
-7 1
+5 1
+5 1
+4 1
-9 1
+15 1
-13 1
+13 1
+17 1
-27 1
+5 1
+3 1
+1 1
+9 1
+3 1
+2 1
+3 1
+5 1
-4 1
+23 1
+1 1
+1 3

fl=(271) /home/tobiasosborne/Projects/convexfeld/src/api/optimize_api.c
fn=(1018) cxf_optimize_internal
48 8
+5 1
cfi=(259) /home/tobiasosborne/Projects/convexfeld/src/api/model.c
cfn=(938) cxf_checkmodel
calls=1 177 
* 8
* 1
+1 2
+5 1
+1 2
+5 6
cfi=(272) /home/tobiasosborne/Projects/convexfeld/src/logging/output.c
cfn=(1020) cxf_log_printf
calls=1 -36 
* 1163
+1 7
cfi=(272)
cfn=(1020)
calls=1 -37 
* 1622
+4 1
+3 2
cfi=(276) /home/tobiasosborne/Projects/convexfeld/src/error/terminate.c
cfn=(1042) cxf_reset_terminate
calls=1 -3 
* 6
+6 1
-3 1
+3 1
cfi=(277) /home/tobiasosborne/Projects/convexfeld/src/callbacks/invoke.c
cfn=(1044) cxf_pre_optimize_hook
calls=1 -37 
* 25
+1 2
+10 2
cfi=(278) /home/tobiasosborne/Projects/convexfeld/src/simplex/solve_lp.c
cfn=(1046) cxf_solve_lp
calls=1 -53 
* 79502049
+3 1
-3 1
+3 1
cfi=(277)
cfn=(1142) cxf_post_optimize_hook
calls=1 +31 
* 25
+3 2
+9 1
+3 7
-11 5
cfi=(272)
cfn=(1020)
calls=1 -68 
* 931
+1 5
+1 1
-1 1
cfi=(272)
cfn=(1020)
calls=1 -69 
* 3621
+1 1

fl=(282) /home/tobiasosborne/Projects/convexfeld/src/simplex/context.c
fn=(1132) cxf_simplex_final
147 1
+1 3
cfn=(1134) cxf_simplex_final.part.0
calls=1 -1 
* 30527

fn=(1134)
147 5
+6 2
cob=(4)
cfi=(176)
cfn=(1008) 0x0000000000109250
calls=1 0 
* 170
+1 2
cob=(4)
cfi=(176)
cfn=(1008)
calls=1 0 
* 170
+1 2
cob=(4)
cfi=(176)
cfn=(1008)
calls=1 0 
* 170
+1 2
cob=(4)
cfi=(176)
cfn=(1008)
calls=1 0 
* 170
+1 2
cob=(4)
cfi=(176)
cfn=(1008)
calls=1 0 
* 203
+1 2
cob=(4)
cfi=(176)
cfn=(1008)
calls=1 0 
* 203
+1 2
cob=(4)
cfi=(176)
cfn=(1008)
calls=1 0 
* 6
+1 2
cob=(4)
cfi=(176)
cfn=(1008)
calls=1 0 
* 203
+1 2
cob=(4)
cfi=(176)
cfn=(1008)
calls=1 0 
* 203
+3 2
cfi=(283) /home/tobiasosborne/Projects/convexfeld/src/basis/basis_state.c
cfn=(1136) cxf_basis_free
calls=1 -67 
* 28792
+6 2
cob=(4)
cfi=(176)
cfn=(1008)
calls=1 0 
* 6
+3 1
+1 2
-1 1
cob=(4)
cfi=(176)
cfn=(1008)
calls=1 0 
* 200

fn=(1064) cxf_simplex_init
34 1
+4 2
-4 9
+4 2
+4 2
+5 1
-3 1
+3 6
cob=(4)
cfi=(176)
cfn=(914) 0x0000000000109330
calls=1 -47 
* 408
* 1
+1 2
+6 1
-1 1
+3 1
-2 1
+8 1
-3 1
+2 1
+3 1
-2 1
+10 2
+1 1
+2 2
+31 4
cob=(4)
cfi=(176)
cfn=(914)
calls=1 0 
* 421
* 1
+1 2
+6 3
cob=(4)
cfi=(176)
cfn=(932) 0x00000000001093a0
calls=1 0 
* 315
+1 1
-1 2
+1 1
cob=(4)
cfi=(176)
cfn=(932)
calls=1 0 
* 325
* 1
+1 4
+7 3
cfi=(283)
cfn=(1068) cxf_basis_create
calls=1 -90 
* 2673
* 1
+1 2
+6 1
+10 1
-7 1
+1 1
+1 1
+1 1
+1 1
+2 1
+2 8
-64 6
cob=(4)
cfi=(176)
cfn=(932)
calls=1 -76 
* 301
+1 1
-1 2
+1 1
cob=(4)
cfi=(176)
cfn=(932)
calls=1 -77 
* 330
+1 1
-1 2
+1 1
cob=(4)
cfi=(176)
cfn=(932)
calls=1 -78 
* 319
+1 2
-1 2
+1 1
cob=(4)
cfi=(176)
cfn=(914)
calls=1 -79 
* 3911
+1 2
-1 2
+1 1
cob=(4)
cfi=(176)
cfn=(914)
calls=1 -80 
* 3868
+2 2
-2 2
+2 1
+1 1
-1 2
+1 1
-1 2
+1 7
+7 3
+8 8
cob=(4)
cfi=(176)
cfn=(1004) 0x0000000000109300
calls=1 -98 
* 94
* 11
+1 1
-2 4
+2 1
-2 1
+2 1
-2 2
+2 85
-2 85
+2 85
-2 170
+3 5
cob=(4)
cfi=(176)
cfn=(1004)
calls=1 0 
* 94
+5 2
-14 1
fi=(253) /usr/include/x86_64-linux-gnu/bits/string_fortified.h
-62 2
fe=(282)
+62 1
fi=(253)
-62 5
cob=(4)
cfi=(176)
cfn=(1058) 0x0000000000109350
calls=1 -29 
* 242
* 5
cob=(4)
cfi=(176)
cfn=(1058)
calls=1 -29 
* 242
* 5
cob=(4)
cfi=(176)
cfn=(1058)
calls=1 -29 
* 242
fe=(282)
+68 4

fl=(276)
fn=(1042)
70 1
+1 2
+3 1
+1 2

fl=(288) /home/tobiasosborne/Projects/convexfeld/src/simplex/phase_loop.c
fn=(1080) cxf_run_phase_one
150 10
+1 1
+1 1
+2 8
+26 266
+2 266
-28 532
+2 536
-1 134
+1 402
+3 402
cfi=(289) /home/tobiasosborne/Projects/convexfeld/src/simplex/iterate.c
cfn=(1082) cxf_log_iteration_progress
calls=134 -35 
* 68990686
+2 268
-93 1
+1 1
-1 1
+1 2
cfn=(1114) compute_true_infeasibility.isra.0
calls=1 -41 
* 3173362
+3 1
-3 1
+3 1
+92 2
-1 2
+1 1
cob=(4)
cfi=(176)
cfn=(1116) 0x0000000000109280
calls=1 0 
* 8
+5 3
+18 3
+2 1
-1 1
+1 7

fn=(1114)
28 6
+3 3
+2 1
+10 3
+6 1
+2 1
-21 1
+14 1
-11 1
+11 3
-11 346
+1 346
-2 346
+2 173
+1 173
+1 346
-2 45153
+1 45153
+1 90306
+1 90652
-1 1642050
+1 1101450
+1 16875
-5 135978
+10 692
+1 519
+2 519
+2 560
+3 420
+1 453
-21 173
+23 173
-23 346
+26 7
-10 132

fn=(1122) cxf_run_phase_two
191 12
+2 1
-1 1
+3 2
+2 132
-1 33
+1 99
+3 99
cfi=(289)
cfn=(1082)
calls=33 -76 
* 2861145
+2 66
+1 64
+1 64
+1 64
-10 98
+7 1
+6 3
+1 1
+1 8

fl=(301) /home/tobiasosborne/Projects/convexfeld/src/simplex/refine.c
fn=(1126) cxf_simplex_refine
27 1
+2 4
+7 1
+1 1
-10 3
+7 1
+6 3
+1 5
-6 2
+7 173
+1 173
-3 786
+1 1834
+3 534
-4 4
+12 1048
+1 173
+1 173
-3 786
+8 2
+1 695
+1 43
+1 43
-3 519
+8 8
+1 1048
+1 136
+1 136
-3 786
+8 1
+2 6
-1 1
+1 2
-1 2
+1 522
-1 261
+1 522
-1 522
+5 2
+1 2
-1 1
+1 1

fl=(185)
fn=(1202)
0 9
cob=(4)
cfi=(176)
cfn=(1208) 0x0000000000109230
calls=1 0 
0 80
0 1
cfn=(1218) 0x0000000000001da0
calls=1 0 
0 5
0 3

fn=(628) 0x0000000000001e50
0 12

fn=(1218)
0 5

fn=(616)
0 12
cob=(2)
cfi=(186) ./csu/../csu/libc-start.c
cfn=(618) __libc_start_main@@GLIBC_2.34
calls=1 242 
0 86270441

fl=(291) /home/tobiasosborne/Projects/convexfeld/src/simplex/ratio_test.c
fn=(1088) cxf_ratio_test
39 1650
+12 1155
+1 990
+5 165
+2 165
+10 165
-11 165
+1 165
+10 330
+34 165
-4 330
-30 165
+34 330
-41 165
+1 165
+40 165
-4 330
-10 2114
+10 2114
-10 2114
+10 4228
+9 2114
+6 2114
-6 2114
+6 6342
+1 8456
-46 78663
+1 28545
+3 114180
+5 4438
+4 4438
-4 4438
+4 4438
-4 4438
+5 17752
+14 4438
-9 8876
+9 4438
+6 6972
-13 4648
+15 4648
-36 6972
+52 330
+12 165
-2 165
+33 330
-33 165
-1 165
+3 165
+31 165
-4 165
-29 165
+29 165
-27 495
+3 330
+3 660
-3 56760
+3 113520
+8 4438
-3 4438
+3 4438
+1 17752
+10 4438
-5 13314
+5 4438
-4 4228
+6 4228
+9 4228
+6 4228
+1 2355
-41 76308
+57 165
+1 165
+2 165
-2 330
+3 1155
-32 4648
-9 4648
+11 4648
-31 6972
+48 785
+1 1570
-49 785
+49 785
-49 1571

fl=(261) /home/tobiasosborne/Projects/convexfeld/src/matrix/sparse_stub.c
fn=(934) cxf_sparse_create
22 1
+1 3
cob=(4)
cfi=(176)
cfn=(914)
calls=1 -23 
* 237

fn=(1000) cxf_sparse_init_csc
76 1
+1 2
+3 3
-4 8
+4 2
+4 2
+5 1
-4 1
+4 1
-3 1
+3 2
cob=(4)
cfi=(176)
cfn=(914)
calls=1 -89 
* 2326
* 2
+1 2
+5 2
+15 1
+1 7
-15 3
cob=(4)
cfi=(176)
cfn=(914)
calls=1 -96 
* 13737
+1 2
-1 2
+1 1
cob=(4)
cfi=(176)
cfn=(914)
calls=1 -97 
* 16878
* 1
+2 4

fn=(1180) cxf_sparse_free
40 1
+1 2
-1 5
+6 2
cob=(4)
cfi=(176)
cfn=(1008)
calls=1 -46 
* 200
+1 2
cob=(4)
cfi=(176)
cfn=(1008)
calls=1 -47 
* 203
+1 2
cob=(4)
cfi=(176)
cfn=(1008)
calls=1 -48 
* 9465
+3 2
cob=(4)
cfi=(176)
cfn=(1008)
calls=1 -51 
* 166
+1 2
cob=(4)
cfi=(176)
cfn=(1008)
calls=1 -52 
* 197
+1 2
cob=(4)
cfi=(176)
cfn=(1008)
calls=1 -53 
* 197
+3 2
cob=(4)
cfi=(176)
cfn=(1008)
calls=1 -56 
* 194
+1 2
cob=(4)
cfi=(176)
cfn=(1008)
calls=1 -57 
* 206
+3 1
+1 2
-1 1
cob=(4)
cfi=(176)
cfn=(1008)
calls=1 -60 
* 106

fl=(283)
fn=(1068)
32 2
+1 1
-1 7
+1 4
+4 3
cob=(4)
cfi=(176)
cfn=(914)
calls=1 -37 
* 328
* 1
+1 2
+4 1
+1 1
+1 1
+2 1
+1 1
+2 1
+1 1
+3 2
+19 2
+15 9
-33 4
cob=(4)
cfi=(176)
cfn=(914)
calls=1 -54 
* 210
+1 2
-1 2
+1 1
cob=(4)
cfi=(176)
cfn=(914)
calls=1 -55 
* 574
+1 1
-1 2
+1 1
cob=(4)
cfi=(176)
cfn=(932)
calls=1 -56 
* 404
+1 1
-1 1
+1 11
+9 2
+1 1
-1 4
+1 172
-1 259
+7 3
cob=(4)
cfi=(176)
cfn=(932)
calls=1 -73 
* 523
* 2
+1 2
+8 7
cob=(4)
cfi=(176)
cfn=(1004)
calls=1 -82 
* 115
* 1

fn=(1136)
97 1
+1 2
-1 7
+6 1
+1 3
+1 2
+1 2
cob=(4)
cfi=(176)
cfn=(1008)
calls=1 0 
* 106
-1 128
+1 128
cob=(4)
cfi=(176)
cfn=(1008)
calls=64 0 
* 8335
+1 130
cob=(4)
cfi=(176)
cfn=(1008)
calls=65 0 
* 10191
+1 130
cob=(4)
cfi=(176)
cfn=(1008)
calls=65 0 
* 7020
-4 130
+9 2
cfi=(295) /home/tobiasosborne/Projects/convexfeld/src/basis/lu_factors.c
cfn=(1138) cxf_lu_free
calls=1 -35 
* 1599
+3 2
cob=(4)
cfi=(176)
cfn=(1008)
calls=1 0 
* 176
+1 2
cob=(4)
cfi=(176)
cfn=(1008)
calls=1 0 
* 170
+1 2
cob=(4)
cfi=(176)
cfn=(1008)
calls=1 0 
* 203
+1 2
cob=(4)
cfi=(176)
cfn=(1008)
calls=1 0 
* 203
+2 1
-1 1
+1 4
-1 1
cob=(4)
cfi=(176)
cfn=(1008)
calls=1 0 
* 108

fl=(302) /home/tobiasosborne/Projects/convexfeld/src/solver_state/extract.c
fn=(1128) cxf_extract_solution
36 1
+2 2
-2 7
+2 2
+4 1
+1 2
+3 2
+2 1
+1 1
-1 2
+8 3
fi=(253)
-27 1
cob=(4)
cfi=(176)
cfn=(1078) 0x0000000000109360
calls=1 -29 
* 235
fe=(302)
+36 2
+2 1
+1 2
-1 2
fi=(253)
-38 1
cob=(4)
cfi=(176)
cfn=(1078)
calls=1 -29 
* 163
fe=(302)
+55 1
+4 1
-4 1
+4 1
+5 1
+1 6
-5 2
-21 3
cfi=(257)
cfn=(930) cxf_malloc
calls=1 -35 
* 436
+1 2
-1 2
+1 1
+6 3

fl=(285) /home/tobiasosborne/Projects/convexfeld/src/simplex/perturbation.c
fn=(1124) cxf_simplex_unperturb
171 1
+2 4
+5 1
+1 1
-1 2
-7 7
+12 1
+1 5
+4 6
+1 2
fi=(253)
29 1
cob=(4)
cfi=(176)
cfn=(1078)
calls=1 -29 
* 235
fe=(285)
191 6
+1 2
fi=(253)
29 1
cob=(4)
cfi=(176)
cfn=(1078)
calls=1 -29 
* 235
fe=(285)
197 1
+3 1
-1 1
+1 5

fn=(1072) cxf_simplex_perturbation
71 1
+2 4
+5 3
+4 1
+1 2
+10 1
+1 3
+9 1
+1 1
+1 1
+3 2
-37 2
+39 5
+6 1
+1 1
-70 1
+24 2
+78 1
-31 1
-47 1
+53 1
-14 1048
+10 262
-4 524
+1 524
-77 262
+7 524
-7 524
+1 262
+1 786
-3 262
+1 262
+3 262
-3 524
+1 262
+3 524
+3 262
-5 262
+5 262
-5 524
+1 262
+4 262
-3 524
+3 262
+93 262
-93 262
+85 262
-85 262
+86 262
+7 524
+1 786
+2 786
+5 786
-40 1048
-24 1
+75 1
-80 1
+80 3

fl=(289)
fn=(1082)
124 2171
+2 167
+1 167
+4 668
+5 167
-1 334
+3 334
+5 167
-1 167
+1 167
+3 334
+6 668
+5 334
+3 334
+1 334
+5 334
+1 334
+8 501
+72 334
+12 330
+23 330
-12 495
-11 330
+11 165
+12 165
-22 165
+3 495
-3 165
+3 165
-3 165
+3 495
cfn=(1084) extract_column_ext
calls=165 90 
* 34881
+1 660
cfi=(290) /home/tobiasosborne/Projects/convexfeld/src/basis/ftran.c
cfn=(1086) cxf_ftran
calls=165 92 
* 2963094
+1 330
+5 1485
cfi=(291)
cfn=(1088)
calls=165 39 
* 691930
+2 660
+5 330
+5 495
-8 165
+8 660
-96 167
+6 167
-6 167
+6 334
-44 2
457 1837
287 330
+5 330
-4 165
+1 165
-2 165
+1 165
+2 165
-2 165
+4 165
+1 330
+5 495
+3 495
+3 660
+11 330
-28 165
+93 165
-93 165
+92 165
-21 330
+13 52
+9 52
-1 104
+4 52
-3 52
-1 52
+1 52
+4 104
-4 113
-1 226
+4 113
-3 113
-1 113
+1 113
+4 226
+1 825
cfi=(287) /home/tobiasosborne/Projects/convexfeld/src/basis/btran.c
cfn=(1090) cxf_btran
calls=165 118 
* 2648684
+5 825
-5 165
+5 165
cfi=(292) /home/tobiasosborne/Projects/convexfeld/src/simplex/step.c
cfn=(1092) cxf_simplex_step
calls=165 57 
* 1165388
+1 330
+7 330
+8 165
-8 495
+8 330
+1 165
+3 330
+6 165
-3 330
+3 165
-9 165
+6 165
-3 165
+3 330
+3 1155
+1 286770
+1 285780
+3 86130
-1 12650
+10 25300
+1 12650
+1 50600
+2 12650
+4 50600
-22 50600
+22 121660
-22 236665
+34 330
+5 165
+1 330
216 501
+1 334
+1 167
+7 334
-7 334
-1 217935
+1 217935
+5 43754
+2 43754
-1 43754
+1 131262
+4 78928
+2 78928
+7 78928
+2 514
-1 514
+2 1028
421 30415
-1 30415
+1 60830
+1 60830
+1 30415
+1 60830
+2 30415
-1 30415
+1 60830
-1 30415
+1 60830
-2 30415
+1 30415
-1 60830
+1 411845
+1 823690
-2 411845
+1 411845
-1 884520
305 330
+1 330
+20 825
+34 113
-1 339
+1 452
+6 226
+85 3
cfi=(294) /home/tobiasosborne/Projects/convexfeld/src/basis/refactor.c
cfn=(1096) cxf_solver_refactor
calls=1 96 
* 58545296
+1 2
cfi=(286) /home/tobiasosborne/Projects/convexfeld/src/simplex/reduced_costs.c
cfn=(1074) cxf_compute_reduced_costs
calls=1 36 
* 43751
* 1

fn=(1084)
90 1155
fi=(253)
-31 165
fe=(289)
+31 825
+2 165
-2 495
fi=(253)
-31 330
cob=(4)
cfi=(176)
cfn=(1004)
calls=165 -59 
* 15510
fe=(289)
+35 330
+2 330
+1 330
+1 165
+2 330
+1 165
+1 660
-2 165
+2 165
-2 330
+2 3982
-2 1991
+2 1991
-2 3982
+14 1320

fl=(293) /home/tobiasosborne/Projects/convexfeld/src/basis/pivot_eta.c
fn=(1094) cxf_pivot_with_eta
42 1650
+2 660
+4 495
+3 660
+5 165
+1 330
-1 165
+1 660
+9 330
+1 165
-1 165
-1 330
+2 85470
+1 28380
-1 28380
+1 85140
-2 85635
+7 990
cob=(4)
cfi=(176)
cfn=(914)
calls=165 -73 
* 38300
* 165
+1 330
+6 165
+1 165
-2 165
-1 165
+2 165
+2 165
+1 165
+1 165
+1 165
-4 165
+7 330
+25 165
+2 165
-1 165
-1 165
+5 330
+1 165
+1 165
-1 165
+1 165
+3 165
-2 165
+3 1320
-35 990
cob=(4)
cfi=(176)
cfn=(914)
calls=165 -89 
* 40071
* 165
+1 330
-1 330
+1 165
cob=(4)
cfi=(176)
cfn=(914)
calls=165 -90 
* 43440
* 165
+2 165
-2 330
+2 1155
+11 330
-2 330
+2 198990
+1 4278
+2 4278
-2 4278
+1 4278
-3 85800

fl=(262) /home/tobiasosborne/Projects/convexfeld/src/api/mps_parser.c
fn=(936) cxf_readmps
15 9
+6 1
cfi=(259)
cfn=(938)
calls=1 177 
* 8
* 1
+1 2
+2 4
+5 3
cob=(4)
cfi=(176)
cfn=(728) 0x0000000000109400
calls=1 -29 
* 465
* 1
+1 2
+5 1
cfi=(263) /home/tobiasosborne/Projects/convexfeld/src/api/mps_state.c
cfn=(940) mps_state_create
calls=1 +40 
* 33442
* 1
+1 2
+6 3
cfi=(264) /home/tobiasosborne/Projects/convexfeld/src/api/mps_parse.c
cfn=(942) mps_parse_file
calls=1 146 
* 5762126
+1 1
-1 1
+1 1
cob=(4)
cfi=(176)
cfn=(848) 0x00000000001092b0
calls=1 -43 
* 588
+2 2
+6 3
cfi=(267) /home/tobiasosborne/Projects/convexfeld/src/api/mps_build.c
cfn=(994) mps_build_model
calls=1 +61 
* 178803
* 1
+1 2
cfi=(263)
cfn=(1010) mps_state_free
calls=1 +43 
* 162613
+3 7

fl=(290)
fn=(1086)
92 2145
+2 1485
+4 165
+3 330
+1 165
+88 1815
-84 165
fi=(253)
-77 165
fe=(290)
+77 165
fi=(253)
-77 495
cob=(4)
cfi=(176)
cfn=(1078)
calls=165 -29 
* 26895
fe=(290)
+80 855
+2 300
+2 400
+1 300
-1 300
+1 51600
-1 51600
+6 165
+1 330
+8 326
+9 128
+2 384
-13 128
+13 128
-13 128
+13 256
-13 163
+12 326
+1 13734
+1 7030
+1 14060
-2 7030
+1 7030
-1 14060
+22 978
-13 163
+1 163
+1 163
+3 326
-5 6867
+1 6867
+1 6867
+3 27794
+8 49210
+12 7030
+6 7030
-6 14060
+1 7030
+5 14060
+1 42180
-1 7030
+1 35150
-1 14060
+1 369868
-1 184934
+1 924670
-1 369868
-32 21090
+38 326
+1 35
cob=(4)
cfi=(176)
cfn=(1008)
calls=35 0 
* 3045
* 35
34 130
cob=(4)
cfi=(176)
cfn=(932)
calls=65 -34 
* 26125
* 65
+1 130
+2 130
+1 520
-1 195
+1 44720
-1 33800
+7 33735
+1 56225
+1 6180
+1 16
+1 48
-2 16
+2 64
-2 48
+2 32
-2 16
+2 80
-2 32
+2 356
-2 178
+2 890
-2 372
+8 65
+2 65
+5 390
-5 44980
+1 3835
+1 23010
-2 3835
+2 7670
-2 7670
+2 41535
-2 13845
+2 27690
-2 27690
+5 56225
+1 33735
-8 45110
+16 390
-1 260
+1 33540
-1 44720
+4 65
cob=(4)
cfi=(176)
cfn=(1008)
calls=65 -73 
* 12796
* 65
+56 105
cob=(4)
cfi=(176)
cfn=(932)
calls=35 0 
* 3805
* 35
+1 70
+7 35
+2 105

fl=(263)
fn=(960) hash_table_add
62 3488
-40 436
+40 436
-40 1308
-2 872
+3 436
-1 1308
+1 436
-1 1308
+1 1887
-1 5661
+1 1887
-1 5661
+3 872
+39 872
cfi=(257)
cfn=(930)
calls=436 -31 
* 99550
+1 872
fi=(253)
+30 1744
cob=(4)
cfi=(176)
cfn=(926) 0x0000000000109260
calls=436 -95 
* 16132
fe=(263)
-25 436
fi=(253)
+25 436
fe=(263)
-27 436
+1 436
+1 1308
+1 436
+1 436
+1 2616

fn=(1010)
95 1
+1 2
-1 7
+2 4
+1 2
-1 2
+1 2
cfi=(257)
cfn=(1006)
calls=1 +8 
* 89
* 522
-1 522
+1 522
cfi=(257)
cfn=(1006)
calls=261 +8 
* 40791
+1 786
cfi=(257)
cfn=(1006)
calls=262 +7 
* 43157
-2 524
+4 4
cfi=(257)
cfn=(1006)
calls=1 +5 
* 172
+1 2
cfi=(257)
cfn=(1006)
calls=1 +4 
* 205
-70 1
+1 1
+1 2
-1 2047
+1 4255
+1 322
+1 161
cfi=(257)
cfn=(1006)
calls=161 +70 
* 17710
-1 26
+1 13
cfi=(257)
cfn=(1006)
calls=13 +70 
* 1430
-2 348
-2 6146
+1 1
+1 2
-1 2047
+1 4332
+1 476
+1 238
cfi=(257)
cfn=(1006)
calls=238 +70 
* 26180
-1 48
+1 24
cfi=(257)
cfn=(1006)
calls=24 +70 
* 2640
-2 524
-2 6144
+75 1
-1 1
+1 4
-1 1
cfi=(257)
cfn=(1006)
calls=1 * 
* 172

fn=(980) mps_add_col
141 2358
+1 524
+2 262
-2 524
+1 3
+1 9
cfi=(257)
cfn=(964) cxf_realloc
calls=3 -67 
* 38122
* 3
+1 6
+1 3
+1 3
+2 3
+1 3
fi=(253)
-91 3
+36 6
fe=(263)
+55 6
fi=(253)
-91 12
+36 3
cob=(4)
cfi=(176)
cfn=(926)
calls=3 -95 
* 111
fe=(263)
+55 259
fi=(253)
-91 259
+36 518
fe=(263)
+55 518
fi=(253)
-91 1036
+36 259
cob=(4)
cfi=(176)
cfn=(926)
calls=259 -95 
* 9583
fe=(263)
+63 524
fi=(253)
-63 262
fe=(263)
+60 524
+3 524
cfn=(960)
calls=262 -96 
* 96865
* 524
+4 262
+2 1834

fn=(988) mps_find_row
109 3543
+1 7086
cfn=(978) hash_table_find
calls=3543 -64 
* 323794

fn=(976) mps_find_col
113 1800
+1 3600
cfn=(978)
calls=1800 -68 
* 160601

fn=(978)
46 21372
-24 5343
+24 5343
-24 16029
-2 10686
+3 5343
-1 16029
+1 5343
-1 16029
+1 22144
-1 66432
+1 22144
-1 66432
+26 16029
+1 10924
+4 192
-4 384
+1 15819
cob=(4)
cfi=(176)
cfn=(648) 0x0000000000109340
calls=5273 -50 
* 125117
* 10546
+1 5081
+5 20586
-1 262
+1 786

fn=(958) mps_add_row
117 1566
+1 174
-1 174
+1 174
+2 174
-2 348
+1 2
+1 6
cfi=(257)
cfn=(964)
calls=2 -43 
* 1492
* 2
+1 4
+1 2
+1 2
+2 2
+1 2
fi=(253)
-31 4
fe=(263)
+31 4
fi=(253)
-31 2
cob=(4)
cfi=(176)
cfn=(926)
calls=2 -95 
* 74
fe=(263)
+31 172
fi=(253)
-31 344
fe=(263)
+31 344
fi=(253)
-31 172
cob=(4)
cfi=(176)
cfn=(926)
calls=172 -95 
* 6364
fe=(263)
+38 522
-5 174
+1 174
+1 174
+3 174
cfn=(960)
calls=174 -71 
* 54841
* 348
+4 174
+2 1218

fn=(940)
75 2
+1 2
-1 3
+1 1
cfi=(257)
cfn=(912)
calls=1 -23 
* 33055
+1 2
+2 3
cfi=(257)
cfn=(930)
calls=1 -46 
* 180
+1 1
-1 1
+1 1
cfi=(257)
cfn=(930)
calls=1 -47 
* 178
+1 1
-1 1
+1 4
+8 1
-1 1
+1 1
+4 4

fn=(990) mps_add_coeff
166 30375
+1 6750
-1 3375
+1 3375
+1 6750
+2 3375
-2 6750
+13 2825
-1 2825
+1 8475
+2 2825
-1 5650
+2 22600
-4 550
+1 1650
+2 550
-1 1100
+2 4400
-15 1886
+1 786
cfi=(257)
cfn=(964)
calls=262 -93 
* 51844
* 864
cfi=(257)
cfn=(964)
calls=288 -93 
* 82545
+1 1100
-1 550
+1 550
cfi=(257)
cfn=(964)
calls=550 -94 
* 151136
+1 2750
+4 550
+4 550
-3 550
+1 1100
-9 288
+1 576
+1 576

fl=(295)
fn=(1098) cxf_lu_create
22 9
+1 2
+5 2
+3 1
-3 2
+1 2
-1 1
+3 1
-2 1
+2 1
cob=(4)
cfi=(176)
cfn=(914)
calls=1 -31 
* 171
* 1
+1 2
+4 1
+6 2
-5 1
+5 1
-4 1
+4 1
-3 1
+3 1
cob=(4)
cfi=(176)
cfn=(914)
calls=1 -42 
* 16790
+1 1
-1 2
+1 1
cob=(4)
cfi=(176)
cfn=(932)
calls=1 -43 
* 217
+1 1
-1 2
+1 1
cob=(4)
cfi=(176)
cfn=(932)
calls=1 -44 
* 421
+3 2
-3 2
+3 1
cob=(4)
cfi=(176)
cfn=(914)
calls=1 -47 
* 574
+1 1
-1 2
+1 1
cob=(4)
cfi=(176)
cfn=(932)
calls=1 -48 
* 462
+1 1
-1 2
+1 1
cob=(4)
cfi=(176)
cfn=(932)
calls=1 -49 
* 446
+1 1
-1 2
+1 1
cob=(4)
cfi=(176)
cfn=(932)
calls=1 -50 
* 446
+3 1
-3 2
+3 2
cob=(4)
cfi=(176)
cfn=(932)
calls=1 -53 
* 47
+1 1
-1 2
+1 1
cob=(4)
cfi=(176)
cfn=(932)
calls=1 -54 
* 370
+3 3
-3 1
+3 1
-3 1
+3 1
+1 1
-1 3
+2 1
-2 2
+2 1
-2 2
+2 1
-1 2
+1 1
-1 2
+1 1
-1 2
+1 9
+7 1
+1 1
-2 3
+1 172
+1 172
-2 516
+6 9

fn=(1140) cxf_lu_free.part.0
78 5
+5 2
cob=(4)
cfi=(176)
cfn=(1008)
calls=1 -83 
* 170
+1 2
cob=(4)
cfi=(176)
cfn=(1008)
calls=1 -84 
* 170
+1 2
cob=(4)
cfi=(176)
cfn=(1008)
calls=1 -85 
* 203
+1 2
cob=(4)
cfi=(176)
cfn=(1008)
calls=1 -86 
* 200
+1 2
cob=(4)
cfi=(176)
cfn=(1008)
calls=1 -87 
* 203
+1 2
cob=(4)
cfi=(176)
cfn=(1008)
calls=1 -88 
* 170
+1 2
cob=(4)
cfi=(176)
cfn=(1008)
calls=1 -89 
* 170
+1 2
cob=(4)
cfi=(176)
cfn=(1008)
calls=1 -90 
* 87
+1 2
cob=(4)
cfi=(176)
cfn=(1008)
calls=1 -91 
* 87
+1 1
+1 2
-1 1
cob=(4)
cfi=(176)
cfn=(1008)
calls=1 -92 
* 108

fn=(1138)
78 1
+1 3
cfn=(1140)
calls=1 -1 
* 1595

fl=(292)
fn=(1092)
57 1320
+4 990
+4 495
+5 165
+5 165
-5 330
+5 165
+17 165
-16 165
-6 165
+5 165
+1 495
+1 165
+3 330
-3 28380
+3 113850
+4 171270
-8 85635
+14 330
+2 165
-2 330
+2 165
+14 990
cfi=(293)
cfn=(1094)
calls=165 -64 
* 753713
+9 1320
+1 165
+5 165
-5 165
+2 330
-1 165
+4 165
+1 165
-1 165
+1 165
-1 165
+3 330
+7 165
+1 990
-40 660

fl=(277)
fn=(1044)
42 1
+2 2
-2 8
+7 1
+1 2
+5 1
+1 2
+44 1
-55 1
+55 6

fn=(1142)
124 1
+2 2
-2 8
+7 1
+1 2
+5 1
+1 2
+41 1
-52 1
+52 6

fl=(279) /home/tobiasosborne/Projects/convexfeld/src/simplex/presolve.c
fn=(1060) get_row_coeffs
20 1211
+1 173
-1 346
fi=(253)
+39 173
fe=(279)
-39 173
fi=(253)
+39 519
cob=(4)
cfi=(176)
cfn=(1004)
calls=173 -59 
* 365895
fe=(279)
-37 173
fi=(253)
+37 173
fe=(279)
-37 1384
+1 173
+1 173
+1 519
+1 173
+1 346
-1 3202
+1 19904
-2 10125
+13 1038

fn=(1048) cxf_check_obvious_infeasibility
57 9
+1 1
+1 2
+1 1
+3 2
-2 1
-1 1
+3 1
+5 5
cob=(4)
cfi=(176)
cfn=(932)
calls=1 -68 
* 337
+1 1
-1 1
+1 1
cob=(4)
cfi=(176)
cfn=(932)
calls=1 -69 
* 347
* 1
+1 4
+3 12
+2 5
cfn=(1060)
calls=1 -55 
* 2171
* 860
cfn=(1060)
calls=172 -55 
* 403702
+1 865
-2 346
+10 173
-8 346
+6 3272
-1 3272
+1 6544
+3 3375
-9 135978
+1 45326
+1 135978
+1 3375
+1 3375
-1 6750
+2 6750
-1 3375
+4 515
+4 865
+1 692
+1 519
+3 560
+3 280
+1 1120
-24 692
+31 6
+33 8
-47 99
-20 2
cob=(4)
cfi=(176)
cfn=(1008)
calls=1 -70 
* 170
* 2
cob=(4)
cfi=(176)
cfn=(1008)
calls=1 -70 
* 227
-11 2
+55 1
-50 2
cfi=(280) /home/tobiasosborne/Projects/convexfeld/src/matrix/row_major.c
cfn=(1050) cxf_prepare_row_data
calls=1 -30 
* 129275
* 3
+1 2
cfi=(280)
cfn=(1054) cxf_build_row_major
calls=1 +29 
* 59108
* 2

fn=(1062) cxf_check_obvious_unboundedness
139 1
+1 1
+1 2
+2 1
-1 1
+3 2
-6 1
+37 4
+2 1
-20 1
-19 5
+7 1
+1 4
-2 786
+1 524
+3 524
+18 827
+19 1
-45 1
+45 5

fl=(296) /home/tobiasosborne/Projects/convexfeld/src/basis/lu_factorize.c
fn=(1100) cxf_lu_factorize
34 10
+1 7
+5 1
+2 2
+5 1
+1 5
+8 1
-3 1
+3 6
cob=(4)
cfi=(176)
cfn=(914)
calls=1 -56 
* 427
+1 3
+5 3
cob=(4)
cfi=(176)
cfn=(914)
calls=1 -62 
* 402
+1 2
-1 2
+1 1
cob=(4)
cfi=(176)
cfn=(914)
calls=1 -63 
* 414
+1 2
-1 1
+1 1
cob=(4)
cfi=(176)
cfn=(914)
calls=1 -64 
* 556
+1 2
-1 1
+1 1
cob=(4)
cfi=(176)
cfn=(914)
calls=1 -65 
* 265
+2 3
-2 1
+2 3
+1 4
+10 3
+1 6
+12 76
+1 152
+3 608
-17 400
+1 344
+2 344
-2 2
+2 2
+2 582
+1 485
+1 194
-1 694
+1 1388
+1 4746
-3 2470
-5 399
+24 30102
+1 119716
+1 867
+1 867
-3 89787
-1 692
+10 2
+1 1
-1 1
+1 1
-1 1
+1 1
-1 2
+1 1
cob=(4)
cfi=(176)
cfn=(932)
calls=1 0 
* 446
+1 1
-1 2
+1 1
cob=(4)
cfi=(176)
cfn=(932)
calls=1 0 
* 442
+1 1
-1 2
+1 1
cob=(4)
cfi=(176)
cfn=(932)
calls=1 0 
* 442
+3 3
-3 2
+3 11
+11 1
-13 1
+13 15
-1 2
+4 2
-4 1
+1 2
+1 5
-2 344
+4 344
-4 172
+1 344
+1 860
+2 74390
+1 119716
+3 30102
-3 30102
+3 30102
+2 7811469
+1 5222697
+1 3481798
-3 10415292
+6 45153
+2 75255
+11 45272
+1 10879
+4 10879
-4 10879
+4 130548
-13 10413328
+1 7811469
+1 6963596
+2 3481798
+1 91526
+1 45763
-1 45763
+1 91526
-1 45763
+3 91526
+3 491
-11 491
+13 491
-3 491
+2 491
-12 1474
-16 60204
+35 1557
+9 173
+1 346
+3 346
-4 173
+1 173
-1 173
+1 173
+7 173
-7 173
+3 346
+3 173
+34 173
-34 173
+34 346
-40 346
+40 865
-30 89787
+1 74390
+1 59512
+2 422
+3 844
+13 844
+1 422
+5 422
+1 422
-4 422
-3 422
+1 844
+1 844
+5 844
+1 291602
+1 219018
+1 89961
+1 119948
+24 1
+2 5
+1 1
-3 1
+2 2
+1 2
+3 4
+2 104662
+1 272
-3 44634
-3 172
-1 344
+1 172
+3 516
+7 1
+3 2
+1 8
cob=(4)
cfi=(176)
cfn=(966) 0x00000000001093e0
calls=1 0 
* 205
+2 2
-2 1
+2 3
cob=(4)
cfi=(176)
cfn=(966)
calls=1 0 
* 205
+2 10
+8 2
+1 1
+4 1
+17 1
-17 2
+3 3
+1 2
+1 3
-4 1
+5 8
+1 4
-1 1368
+1 684
-1 58824
+1 58824
+1 544
+1 544
+1 272
-6 44634
-1 344
+1 516
+13 1
+3 1
-3 1
+3 2
+1 9
cob=(4)
cfi=(176)
cfn=(966)
calls=1 0 
* 957
+2 2
-2 1
+2 1
cob=(4)
cfi=(176)
cfn=(966)
calls=1 0 
* 921
+2 8
+8 1
+4 3
-4 1
fi=(253)
59 2
fe=(296)
309 1
fi=(253)
59 4
cob=(4)
cfi=(176)
cfn=(1004)
calls=1 -59 
* 94
fe=(296)
315 1
+1 8
-1 1
+1 1
-1 2
+1 421
-1 421
+1 421
-1 842
+5 2
+1 7
-1 1
+1 1
-1 2
+1 172
-1 172
+1 172
-1 344
+5 7
cob=(4)
cfi=(176)
cfn=(914)
calls=1 0 
* 479
+1 5
-1 1
+1 1
+7 3
+2 2
+1 1
+1 4
-2 6
+3 1
-3 1
+1 1
+2 1
-2 2
+1 2
-4 1
+4 1
-4 2
+2 2526
+3 421
-3 421
+1 421
+2 421
-2 842
+1 842
-4 421
+4 421
-4 846
+8 1
cob=(4)
cfi=(176)
cfn=(1008)
calls=1 0 
* 194
+6 3
cob=(4)
cfi=(176)
cfn=(932)
calls=1 0 
* 356
+1 5
-1 1
+1 1
+6 2
+1 5
-1 3
+1 344
-1 516
+3 7
+1 1
-1 1
+1 2
-1 2
+1 421
-1 421
+1 842
-1 845
+3 1
cob=(4)
cfi=(176)
cfn=(1008)
calls=1 0 
* 87
+2 2
cob=(4)
cfi=(176)
cfn=(1008)
calls=1 0 
* 74
+1 2
cob=(4)
cfi=(176)
cfn=(1008)
calls=1 0 
* 87
* 2
cob=(4)
cfi=(176)
cfn=(1008)
calls=1 0 
* 87
+1 2
cob=(4)
cfi=(176)
cfn=(1008)
calls=1 0 
* 87
* 2
cob=(4)
cfi=(176)
cfn=(1008)
calls=1 0 
* 87
+1 2
cob=(4)
cfi=(176)
cfn=(1008)
calls=1 0 
* 200
* 2
cob=(4)
cfi=(176)
cfn=(1008)
calls=1 0 
* 203
* 2
cob=(4)
cfi=(176)
cfn=(1008)
calls=1 0 
* 239
+2 2
44 1
369 8
185 239086
+9 2
+1 13
cob=(4)
cfi=(176)
cfn=(966)
calls=1 0 
* 847
+1 2
-1 1
+1 1
cob=(4)
cfi=(176)
cfn=(966)
calls=1 0 
* 963
+1 2
-1 1
+1 2
cob=(4)
cfi=(176)
cfn=(966)
calls=1 0 
* 1048
+1 18
+6 6
+29 1384
125 863

fl=(259)
fn=(1178) cxf_freemodel.part.0
146 5
+6 2
cfi=(261)
cfn=(1180)
calls=1 40 
* 10962
+3 2
cfi=(257)
cfn=(1006)
calls=1 -49 
* 205
+1 2
cfi=(257)
cfn=(1006)
calls=1 -50 
* 371
+1 2
cfi=(257)
cfn=(1006)
calls=1 -51 
* 172
+1 2
cfi=(257)
cfn=(1006)
calls=1 -52 
* 89
+1 2
cfi=(257)
cfn=(1006)
calls=1 -53 
* 205
+1 2
cfi=(257)
cfn=(1006)
calls=1 -54 
* 201
+3 2
cfi=(257)
cfn=(1006)
calls=1 -57 
* 8
+1 2
cfi=(257)
cfn=(1006)
calls=1 -58 
* 8
+1 2
cfi=(257)
cfn=(1006)
calls=1 -59 
* 8
+1 2
cfi=(257)
cfn=(1006)
calls=1 -60 
* 8
+5 1
-2 1
+5 1
-4 1
+1 1
+4 2
-1 1
cfi=(257)
cfn=(1006)
calls=1 -68 
* 89

fn=(1176) cxf_freemodel
146 1
+1 3
cfn=(1178)
calls=1 -1 
* 12361

fn=(922) cxf_newmodel
76 11
+4 6
+4 2
+4 2
+2 4
cfi=(257)
cfn=(912)
calls=1 -37 
* 264
* 1
+1 2
-57 1
+1 1
+3 2
fi=(253)
+57 4
cob=(4)
cfi=(176)
cfn=(926)
calls=1 -95 
* 42
fe=(259)
-55 1
+58 1
-39 1
-13 1
+52 1
-47 1
+47 1
-46 1
+1 1
+50 1
-4 1
-34 1
+37 1
-45 1
+45 1
-44 1
+8 1
+3 1
+2 1
-12 2
+43 1
cfi=(257)
cfn=(930)
calls=1 -69 
* 193
+2 1
-2 1
+2 1
cfi=(257)
cfn=(930)
calls=1 -71 
* 193
+2 1
-2 1
+2 1
cfi=(257)
cfn=(930)
calls=1 -73 
* 193
+2 1
-2 1
+2 1
cfi=(257)
cfn=(930)
calls=1 -75 
* 196
+2 1
-2 1
+2 1
cfi=(257)
cfn=(930)
calls=1 -77 
* 193
+3 1
-3 1
+3 5
+1 4
+6 1
cfi=(261)
cfn=(934)
calls=1 -98 
* 241
* 1
+1 2
+6 2
+15 1
+1 1
+1 8

fn=(938)
177 2
+1 4
+6 10

fl=(284) /home/tobiasosborne/Projects/convexfeld/src/simplex/phase_one.c
fn=(1070) cxf_setup_phase_one
30 10
+3 1
+2 1
-4 1
+2 1
+1 2
+4 2
+1 1
+2 2
+1 3
-3 1
+1 2
-1 261
+1 522
+1 262
+1 262
-4 786
+9 1
-2 1
+2 2
+2 2
+54 1
-50 1
+50 2
-50 1
+13 1
-17 1
+58 3
-4 2
-35 2
+35 1
-24 1
+24 1
-25 1
+25 1
-35 3
-20 2
+5 1
-5 1
+2 2
+3 2
-5 344
+5 172
-5 172
+2 344
+3 517
+2 346
-1 173
+3 346
-3 346
+3 173
+1 173
+1 346
-2 45153
+1 45153
+1 90306
+1 90652
-1 1642050
+1 1108200
+2 3375
-7 3375
+7 3375
-7 6750
+7 41951
-7 41951
+7 41951
-7 83902
+10 519
+3 346
-2 519
+1 346
+1 173
+3 519
+11 560
+13 280
+1 280
-1 140
+8 140
-6 140
+6 140
-1 140
+1 140
+1 68
+3 346
+1 173
-61 692
+64 5
+1 6
cob=(4)
cfi=(176)
cfn=(1004)
calls=1 0 
* 2115
+4 1
-1 1
+1 10
+2 519
+1 560
-3 519
+6 1
+8 9
-74 83902
+16 33
+3 33
-3 33
+2 33
+1 66
+14 66

fn=(1120) cxf_transition_to_phase_two
138 8
+1 1
-1 1
+2 1
+10 1
-9 1
+3 3
+1 7
-1 3
+1 522
-1 783
+8 3
-7 1
+14 1
-8 2
+3 1
+1 2
-1 172
+1 1036
+1 519
+1 280
-5 692
+15 2
+4 1
+1 3
+1 7
-1 1
+1 2
-1 2
+1 522
-1 261
+1 522
-1 522
+3 1
+5 1
-4 1
+4 6
-22 132

fl=(281) /home/tobiasosborne/Projects/convexfeld/src/matrix/sparse_matrix.c
fn=(1052) cxf_sparse_validate
28 1
+1 2
+5 2
+5 9
+10 1
-5 2
+5 3
+5 4
+5 790
+1 1048
-16 2
-9 1
+31 9
+6 6750
-1 10125
+1 10125
-37 2

fl=(280)
fn=(1050)
34 9
+1 3
+5 1
cfi=(281)
cfn=(1052)
calls=1 -12 
* 28876
* 1
+1 2
+35 9
-30 2
cob=(4)
cfi=(176)
cfn=(1008)
calls=1 -46 
* 6
+1 2
cob=(4)
cfi=(176)
cfn=(1008)
calls=1 -47 
* 6
+1 2
cob=(4)
cfi=(176)
cfn=(1008)
calls=1 -48 
* 6
+6 1
-4 1
+4 1
-4 1
+4 3
cob=(4)
cfi=(176)
cfn=(914)
calls=1 -54 
* 59084
* 2
+1 4
+5 3
+1 3
cob=(4)
cfi=(176)
cfn=(914)
calls=1 -61 
* 13864
+1 2
-1 2
+1 1
cob=(4)
cfi=(176)
cfn=(914)
calls=1 -62 
* 27373
* 1
+2 4

fn=(1054)
94 1
+1 2
-1 9
+5 3
+5 2
+5 1
+1 1
-1 2
+1 1
-1 1
+1 1
-1 2
+1 3374
-1 3374
+1 3374
-1 6748
+5 2
+5 1
-5 6
+1 1
-1 1
+1 1
-1 2
+1 172
-1 172
+1 172
-1 344
+5 2
cob=(4)
cfi=(176)
cfn=(932)
calls=1 0 
* 413
+1 2
fi=(253)
-91 5
cob=(4)
cfi=(176)
cfn=(1058)
calls=1 -29 
* 170
* 1
fe=(280)
129 3
+1 1313
+1 262
+2 262
+1 786
-2 262
+2 262
-4 262
+2 786
+1 262
-1 262
+2 262
-4 524
+2 3113
+2 3113
-4 3113
+2 9339
+1 3113
-1 3113
+2 3113
-4 6226
-1 786
+9 2
cob=(4)
cfi=(176)
cfn=(1008)
calls=1 0 
* 197
-33 1
+35 8

fl=(192) /home/tobiasosborne/Projects/convexfeld/benchmarks/bench_netlib.c
fn=(646) main
168 12
+5 2
-3 3
+3 1
-3 1
-1 1
+2 1
-2 2
+5 3
+1 3
-2 9
+1 18
cob=(4)
cfi=(176)
cfn=(648)
calls=3 0 
* 66
* 6
+2 6
cob=(4)
cfi=(176)
cfn=(648)
calls=2 0 
* 44
* 7
+1 4
+1 3
cob=(4)
cfi=(176)
cfn=(648)
calls=1 0 
* 22
* 5
+1 3
+59 11
fi=(194) /usr/include/x86_64-linux-gnu/bits/stdio2.h
86 4
cob=(4)
cfi=(176)
cfn=(654) 0x00000000001093f0
calls=1 -86 
* 2419
* 4
cob=(4)
cfi=(176)
cfn=(654)
calls=1 -86 
* 293
fe=(192)
-51 3
cob=(4)
cfi=(176)
cfn=(728)
calls=1 -35 
* 607
* 1
+1 2
fi=(194)
200 5
cob=(4)
cfi=(176)
cfn=(756) 0x0000000000109320
calls=1 0 
* 646
fe=(192)
43 2
+10 4
fi=(194)
200 4
cob=(4)
cfi=(176)
cfn=(756)
calls=1 0 
* 183
* 456
cob=(4)
cfi=(176)
cfn=(756)
calls=114 0 
* 21266
fe=(192)
48 572
+5 1026
cob=(4)
cfi=(176)
cfn=(784) 0x00000000001093c0
calls=114 -53 
* 501672
* 228
+1 342
+1 228
fi=(194)
-1 228
fe=(192)
+1 114
fi=(194)
-1 228
fe=(192)
+1 114
fi=(194)
-1 114
cob=(4)
cfi=(176)
cfn=(838) 0x00000000001092f0
calls=114 -54 
* 42376
fe=(192)
+2 570
+2 114
-2 114
+2 114
-1 114
-1 114
+2 114
+5 2
cob=(4)
cfi=(176)
cfn=(848)
calls=1 -63 
* 584
+1 1
193 2
fi=(194)
86 4
cob=(4)
cfi=(176)
cfn=(654)
calls=1 -86 
* 639
fe=(192)
199 2
cob=(4)
cfi=(176)
cfn=(886) 0x00000000001092c0
calls=1 0 
* 265
* 1
+1 2
+5 1
fi=(253)
29 1
fe=(192)
205 3
+2 3
+2 2
cob=(4)
cfi=(176)
cfn=(892) 0x0000000000109390
calls=1 0 
* 59
* 232
cob=(4)
cfi=(176)
cfn=(892)
calls=116 0 
* 4771
* 234
+1 116
+1 232
cob=(4)
cfi=(176)
cfn=(898) 0x00000000001092d0
calls=116 0 
* 1858
+2 688
cob=(4)
cfi=(176)
cfn=(648)
calls=114 0 
* 2640
* 228
+4 114
fi=(253)
29 228
fe=(192)
217 228
fi=(253)
29 1566
fe=(192)
219 48
+2 144
-2 66
+2 540
cob=(4)
cfi=(176)
cfn=(902) 0x0000000000109420
calls=114 0 
* 5669
* 228
fi=(194)
54 10
cob=(4)
cfi=(176)
cfn=(906) 0x0000000000109240
calls=1 -54 
* 594
fe=(192)
+14 34
+1 27
cob=(4)
cfi=(176)
cfn=(648)
calls=9 -69 
* 198
* 18
+38 2
-4 1
+1 1
+3 1
cfi=(256)
cfn=(910)
calls=1 -32 
* 314
+1 2
+6 11
cfi=(259)
cfn=(922)
calls=1 -38 
* 1612
+1 3
+7 3
cfi=(262)
cfn=(936)
calls=1 15 
* 6138093
+1 2
-39 4
cob=(4)
cfi=(176)
cfn=(1012) 0x00000000001092a0
calls=1 -84 
* 13
+1 2
+47 1
-47 5
+47 1
cfi=(270) /home/tobiasosborne/Projects/convexfeld/src/api/api_stub.c
cfn=(1016) cxf_optimize
calls=1 26 
* 79509518
-48 3
cob=(4)
cfi=(176)
cfn=(1012)
calls=1 -84 
* 13
+1 2
+50 1
-50 3
+50 1
-50 1
+48 1
+2 2
fi=(253)
29 247
fe=(192)
230 2
cob=(4)
cfi=(176)
cfn=(1184) 0x0000000000109310
calls=1 0 
* 191
fi=(194)
86 4
cob=(4)
cfi=(176)
cfn=(654)
calls=1 -86 
* 293
* 10
cob=(4)
cfi=(176)
cfn=(654)
calls=1 -86 
* 1527
* 5
cob=(4)
cfi=(176)
cfn=(654)
calls=1 -86 
* 611
fe=(192)
237 6
-10 2
-91 2
-59 1
+1 1
-1 3
+1 5
+1 3
fi=(194)
+7 6
cob=(4)
cfi=(176)
cfn=(654)
calls=1 -86 
* 6332
fe=(192)
+54 1
+24 2
cfi=(259)
cfn=(1176)
calls=1 -18 
* 12365
+1 2
cfi=(256)
cfn=(1182)
calls=1 -35 
* 107
* 1

fl=(270)
fn=(1016)
26 1
+1 2
+5 1
cfi=(271)
cfn=(1018)
calls=1 +16 
* 79509514

fl=(257)
fn=(964)
77 1130
+2 2260
+5 1212
+5 606
cob=(4)
cfi=(176)
cfn=(966)
calls=606 -89 
* 257057
-55 1048
+3 1048
cob=(4)
cfi=(176)
cfn=(932)
calls=524 -37 
* 76252

fn=(1006)
106 977
+1 977
cob=(4)
cfi=(176)
cfn=(1008)
calls=977 0 
* 132306

fn=(930)
33 447
+1 894
+3 447
cob=(4)
cfi=(176)
cfn=(932)
calls=447 -37 
* 100437

fn=(912)
53 4
+1 16
+3 4
cob=(4)
cfi=(176)
cfn=(914)
calls=4 -57 
* 36103

fl=(287)
fn=(1076) cxf_btran_vec
226 39
+2 27
+4 3
+3 6
+1 3
+76 33
-72 3
fi=(253)
29 3
fe=(287)
240 3
fi=(253)
29 6
cob=(4)
cfi=(176)
cfn=(1078)
calls=3 -29 
* 489
fe=(287)
243 3
+1 6
+5 2
+8 1
-10 2
+12 3
-12 1
+11 2
+1 64
+1 33
+1 66
-2 33
+1 33
-1 66
+20 5
-13 1
+1 1
+1 1
+3 2
-5 32
+1 32
+1 32
+3 130
+8 231
+11 33
-1 33
+1 66
+1 66
-2 33
+2 165
-1 33
+1 33
-1 66
+1 2892
-1 964
+1 964
-1 1928
+5 33
-30 33
+30 132
-30 66
+34 2
+6 15
+1 6
cfn=(1112) apply_lu_btran
calls=2 35 
* 26744
* 2
+1 3
94 4
+1 3
-1 3
+1 516
-1 517

fn=(1090)
118 1980
+2 990
+3 990
+12 165
fi=(253)
-76 330
fe=(287)
+76 165
fi=(253)
-76 165
cob=(4)
cfi=(176)
cfn=(1004)
calls=165 -59 
* 15510
fe=(287)
+77 165
+3 165
-3 165
+4 330
+5 326
+8 128
-10 256
+12 419
-12 163
+11 326
+1 13734
+1 7030
+1 14060
-2 7030
+1 7030
-1 14060
+20 815
-13 163
+1 163
+1 163
+3 326
-5 6867
+1 6867
+1 6867
+3 27794
+8 49210
+11 7030
-1 7030
+1 14060
+1 14060
-2 7030
+2 35150
-1 7030
+1 7030
-1 14060
+1 554802
-1 184934
+1 184934
-1 369868
+5 7030
-30 7030
+30 28120
-30 14060
+34 326
+1 70
cob=(4)
cfi=(176)
cfn=(1008)
calls=35 0 
* 3045
* 35
+5 690
+2 500
95 300
-1 300
+1 51600
-1 51600
207 165
+1 1815
-62 105
cob=(4)
cfi=(176)
cfn=(932)
calls=35 0 
* 1645
* 35
+1 70
+6 35
+2 105
+47 195
cfn=(1112)
calls=65 35 
* 887808
* 65

fn=(1112)
35 536
+1 67
-1 134
+1 67
-1 67
+1 134
cob=(4)
cfi=(176)
cfn=(932)
calls=67 -36 
* 26999
+1 268
+4 134
+1 469
-1 201
+1 46096
-1 34639
+8 268
+6 335
-6 57955
+1 34773
+5 46364
+1 3953
+1 15812
-2 3953
+2 19765
-2 7906
+2 28542
-2 14271
+2 71355
-2 28542
-7 46431
+16 134
+3 46632
+1 2546
+1 15276
-2 2546
+2 5092
-2 5092
+2 77184
-2 25728
+2 51456
-2 51456
-3 46364
+14 402
-1 268
+1 34572
-1 46096
+5 469
-1 67
cob=(4)
cfi=(176)
cfn=(1008)
calls=67 -81 
* 13136

fl=(286)
fn=(1074)
36 6
+9 3
-9 24
+2 3
+3 3
-3 3
+3 3
-3 3
+1 6
+1 3
+5 3
-5 3
+2 3
+3 3
cob=(4)
cfi=(176)
cfn=(914)
calls=3 -45 
* 1575
+1 6
+11 6
-4 6
+1 12
+1 1557
-2 1557
+1 519
+1 2076
+2 12
cfi=(287)
cfn=(1076)
calls=3 226 
* 36752
+1 6
+4 6
cob=(4)
cfi=(176)
cfn=(1008)
calls=3 -62 
* 591
+4 6
+1 9
+1 9
-1 6
+1 6
-2 1305
+2 1305
-2 5220
+1 1305
+1 2610
-1 2610
+3 1572
+1 2690
+7 454
+1 454
+1 908
+2 681
+3 227
+3 24
-16 1118
+1 559
+1 1118
+1 4472
-1 559
+1 559
-1 1118
+1 22011
-1 7337
+1 7337
-1 15792

fl=(272)
fn=(1020)
29 59
+5 2
-5 9
+5 14
+5 8
+5 12
+5 4
fi=(194)
+19 16
fe=(272)
-19 4
fi=(194)
+19 8
fe=(272)
-19 4
fi=(194)
+19 4
fe=(272)
-19 12
fi=(194)
+19 4
cob=(4)
cfi=(176)
cfn=(1022) 0x00000000001093d0
calls=4 -68 
* 4422
+18 16
fe=(272)
-32 4
fi=(194)
+32 4
cob=(4)
cfi=(176)
cfn=(654)
calls=4 -86 
* 1951
fe=(272)
-25 8
cob=(4)
cfi=(176)
cfn=(1028) 0x00000000001093b0
calls=4 -61 
* 728
+3 12
+3 32

fl=(294)
fn=(1096)
96 1
+1 2
-1 9
+1 3
-60 1
+65 1
-64 3
+1 2
+1 2
cob=(4)
cfi=(176)
cfn=(1008)
calls=1 -40 
* 176
-1 198
+1 198
cob=(4)
cfi=(176)
cfn=(1008)
calls=99 -40 
* 12000
+1 200
cob=(4)
cfi=(176)
cfn=(1008)
calls=100 -41 
* 11751
+1 200
cob=(4)
cfi=(176)
cfn=(1008)
calls=100 -42 
* 10798
-4 200
+74 1
-66 1
+1 1
+1 1
+60 1
+1 1
+1 1
+1 1
+1 1
+3 2
+7 3
+15 138
+3 68
+25 2
cfi=(296)
cfn=(1100)
calls=1 34 
* 58488389
+1 2
+7 8
-49 1
+1 1
-1 1
+1 2
cfi=(295)
cfn=(1098)
calls=1 22 
* 20921
* 2
+1 2

fl=(264)
fn=(942)
146 9
+2 1
-2 5
+5 2
-44 3
fi=(194)
+93 5
cob=(4)
cfi=(176)
cfn=(756)
calls=1 0 
* 646
* 10065
cob=(4)
cfi=(176)
cfn=(756)
calls=2013 0 
* 379294
fe=(264)
-49 4028
19 8052
cob=(4)
cfi=(176)
cfn=(944) 0x0000000000109430
calls=2013 -19 
* 12078
* 64648
153 4026
+2 4026
+12 13538
-90 7200
-3 1800
+3 5400
cfn=(952) next_token
calls=1800 -53 
* 238962
* 3600
+79 3602
39 20
cob=(4)
cfi=(176)
cfn=(948) 0x0000000000109270
calls=5 -39 
* 132
* 10
+1 16
cob=(4)
cfi=(176)
cfn=(948)
calls=4 -40 
* 105
* 8
+1 12
cob=(4)
cfi=(176)
cfn=(948)
calls=3 -41 
* 78
* 6
+1 6
+1 4
cob=(4)
cfi=(176)
cfn=(948)
calls=1 -43 
* 27
* 2
+1 4
cob=(4)
cfi=(176)
cfn=(948)
calls=1 -44 
* 27
156 4
-49 204
-3 34
+6 34
-3 34
cfn=(952)
calls=34 -83 
* 5338
* 68
+3 335
cfn=(952)
calls=67 -86 
* 13305
* 134
fi=(266) /usr/include/x86_64-linux-gnu/bits/stdlib-float.h
-83 201
cob=(4)
cfi=(176)
cfn=(984) 0x0000000000109290
calls=67 -27 
* 29620
fe=(264)
+86 134
fi=(266)
-86 67
fe=(264)
+86 67
cfi=(263)
cfn=(988)
calls=67 -4 
* 6612
+1 134
-5 505
cfn=(952)
calls=101 -85 
* 12178
* 202
+47 68
53 696
-3 174
+3 522
cfn=(952)
calls=174 -29 
* 12702
* 348
156 350
+4 4
-2 1
+2 2
cfn=(952)
calls=1 24 
* 241
fi=(253)
-65 4
cob=(4)
cfi=(176)
cfn=(926)
calls=1 -95 
* 39
fe=(264)
+61 1
+6 2
+14 1
+1 11
54 1044
cfn=(952)
calls=174 -30 
* 25820
* 348
+3 943
+8 519
cfi=(263)
cfn=(958)
calls=173 +52 
* 69007
+1 346
+13 5400
cfi=(263)
cfn=(976)
calls=1800 +34 
* 166001
* 1800
+1 3600
+13 3600
-7 1800
+7 5400
-8 9000
cfn=(952)
calls=1800 -61 
* 293555
* 17380
cfn=(952)
calls=3476 -61 
* 341448
* 10552
+1 17380
cfn=(952)
calls=3476 -62 
* 710134
* 6952
fi=(266)
-59 10428
cob=(4)
cfi=(176)
cfn=(984)
calls=3476 -27 
* 2252719
fe=(264)
+62 6952
fi=(266)
-62 3476
fe=(264)
+62 3476
cfi=(263)
cfn=(988)
calls=3476 +20 
* 327811
* 3476
+1 6952
+2 17380
+1 505
+2 13500
cfi=(263)
cfn=(990)
calls=3375 +71 
* 412401
* 6750
-53 2
156 2
-42 402
-33 786
cfi=(263)
cfn=(980)
calls=262 +60 
* 155715
* 262
+1 524
-17 346
-8 2
+8 4
cfi=(263)
cfn=(958)
calls=1 +52 
* 396
+1 2
+2 4
174 1

fn=(952)
24 99927
+1 11103
-1 11103
+3 88824
cob=(4)
cfi=(176)
cfn=(944)
calls=11103 -27 
* 66618
* 510405
+2 64883
-3 27807
+3 84776
+1 42388
-1 42388
+1 84776
-1 366911
+5 27807
-2 9269
+1 9269
+2 99927
-7 5502

fl=(267)
fn=(994)
112 10
+6 1
-6 1
+6 4
-3 5
+4 521
-1 522
+5 2
cfi=(257)
cfn=(930)
calls=1 -90 
* 346
* 1
+1 2
+3 3
+1 2
-2 2
+2 870
+3 346
-2 173
-2 519
+2 1
-2 3
+9 1053
+1 262
+1 786
-1 524
+1 1572
cfi=(268) /home/tobiasosborne/Projects/convexfeld/src/api/model_stub.c
cfn=(996) cxf_addvar
calls=262 -42 
* 24455
+2 524
+8 3
cfi=(257)
cfn=(1006)
calls=1 -42 
* 89
+1 1
+1 8
40 1
-5 1
+5 4
-5 1
+5 1
cfi=(257)
cfn=(912)
calls=1 +13 
* 2536
* 1
+2 2
+2 4
-7 1
+8 1
-8 6
+9 1572
+2 262
+1 786
-1 3113
+1 9339
+1 3375
+1 3375
-5 10125
-2 1048
+13 8
cfi=(261)
cfn=(1000)
calls=1 +19 
* 32992
+1 5
+6 4
+1 1
+1 2
-1 3
+1 522
-1 783
fi=(253)
-6 2
fe=(267)
+12 2
fi=(253)
-12 1
cob=(4)
cfi=(176)
cfn=(1004)
calls=1 -59 
* 2123
fe=(267)
+15 2
fi=(253)
-15 1
fe=(267)
+14 3
+2 786
+1 786
+1 524
+1 524
-1 6226
+1 6226
+1 13500
+3 3375
-3 3375
+1 6750
+1 13500
+1 3375
-7 10387
-2 1310
+14 1
+3 1
-3 1
cfi=(257)
cfn=(1006)
calls=1 +19 
* 172
+3 2
cfi=(257)
cfn=(930)
calls=1 -57 
* 311
+1 1
-1 1
+1 1
cfi=(257)
cfn=(930)
calls=1 -58 
* 256
+1 1
-1 1
+1 4
+9 2
-1 1
+1 3
+1 1044
+1 519
+2 173
-2 173
+1 346
-3 522
+7 2
+1 2

fl=(268)
fn=(998) cxf_model_grow_vars
26 35
+6 5
+1 15
+1 5
-1 10
+6 5
-1 20
cfi=(257)
cfn=(964)
calls=5 +39 
* 3880
+2 10
+3 5
+2 15
cfi=(257)
cfn=(964)
calls=5 +32 
* 3229
+2 10
+3 5
+2 15
cfi=(257)
cfn=(964)
calls=5 +25 
* 3082
+2 10
+3 5
+2 15
cfi=(257)
cfn=(964)
calls=5 +18 
* 2245
+2 10
+3 5
+2 15
cfi=(257)
cfn=(964)
calls=5 +11 
* 3038
+2 10
+6 5
-3 5
+5 5
+1 30

fn=(996)
96 262
+5 524
-5 1310
+10 1048
+4 262
+5 786
+8 524
+1 524
+1 524
+1 524
+1 524
+12 262
-11 262
+12 1310
-24 30
cfn=(998)
calls=5 -90 
* 15744
+1 10
+5 25

fl=(278)
fn=(1046)
37 9
+1 1
+4 2
+1 4
+5 3
+2 1
+1 2
+1 5
+6 1
cfi=(279)
cfn=(1048)
calls=1 -1 
* 960717
* 2
+4 2
cfi=(279)
cfn=(1062)
calls=1 +77 
* 2693
* 2
+6 3
cfi=(282)
cfn=(1064)
calls=1 -34 
* 14396
+1 2
+23 8
-20 2
cfi=(284)
cfn=(1070)
calls=1 -42 
* 3347325
+1 2
+1 3
cfi=(285)
cfn=(1072)
calls=1 -3 
* 14714
+1 2
cfi=(286)
cfn=(1074)
calls=1 -39 
* 37069
+1 4
cfi=(288)
cfn=(1080)
calls=1 +74 
* 72166910
+1 2
+3 3
cfi=(284)
cfn=(1120)
calls=1 +58 
* 6026
+1 2
+1 2
cfi=(286)
cfn=(1074)
calls=1 -46 
* 47311
+1 4
cfi=(288)
cfn=(1122)
calls=1 191 
* 2861893
+3 3
cfi=(285)
cfn=(1124)
calls=1 +85 
* 518
+1 3
cfi=(301)
cfn=(1126)
calls=1 -60 
* 10966
+1 2
+2 2
cfi=(282)
cfn=(1132)
calls=1 +57 
* 30531
+1 2
-3 3
cfi=(302)
cfn=(1128)
calls=1 -52 
* 891
* 1

ob=(2)
fl=(181) ./misc/./misc/init-misc.c
fn=(596) __init_misc
30 1
+1 2
-1 4
+1 4
+2 3
cob=(4)
cfi=(176)
cfn=(598) 0x0000000004960660
calls=1 -33 
* 31
+4 5
+1 3
+2 4

fl=(213) ./libio/./libio/iofopen.c
fn=(730) fopen@@GLIBC_2.2.5
85 14
-20 2
+20 4
-20 2
cob=(4)
cfi=(176)
cfn=(690) 0x00000000049603f0
calls=2 -65 
* 236
+2 6
+3 2
+2 4
-2 2
+2 10
cfi=(202) ./libio/./libio/genops.c
cfn=(732) _IO_no_init
calls=2 563 
* 112
+1 2
+1 2
-1 2
+1 2
cfi=(201) ./libio/./libio/fileops.c
cfn=(736) _IO_new_file_init_internal
calls=2 +32 
* 204
+1 10
cfi=(201)
cfn=(744) _IO_file_fopen@@GLIBC_2.2.5
calls=2 213 
* 430
* 4
-38 4
+50 14

fl=(204) ./io/../sysdeps/unix/sysv/linux/fstat64.c
fn=(688) fstat
30 4
+9 16
+33 4

fl=(306) ./stdlib/./stdlib/cmp.c
fn=(1154) __mpn_cmp
31 9
+4 18
+2 9
+1 9
+1 18
+8 45

fl=(92)
fn=(304)
29 1
fi=(93) ./debug/../sysdeps/x86_64/multiarch/ifunc-memmove.h
+28 3
-1 2
+4 3
+14 2
+3 2
+8 2
+8 2
+3 5
fe=(92)

fl=(217) ./libio/./libio/iofgets.c
fn=(758) fgets
32 14910
+5 8520
+2 4260
+8 19170
+4 2130
+1 2130
+1 4260
-1 2130
+1 8520
-2 2130
+2 2130
cfi=(218) ./libio/./libio/iogetline.c
cfn=(760) _IO_getline
calls=2130 -20 
* 255077
+3 2130
+1 2130
-1 4260
+7 4
fi=(219) ./libio/./libio/libioP.h
979 4
+1 17040
fe=(217)
66 14910
-10 4256
+4 2128
+3 2128
-2 2128
+2 4256
fi=(219)
979 6384
fe=(217)
47 10650

fl=(245) ./libio/./libio/iofclose.c
fn=(850) fclose@@GLIBC_2.2.5
34 16
+14 6
+9 2
fi=(219)
1025 6
+1 4
fe=(245)
57 6
cfi=(201)
cfn=(878) _IO_file_finish@@GLIBC_2.2.5
calls=2 168 
* 68
+1 6
+13 4
fi=(219)
951 8
+1 8
+6 4
cob=(4)
cfi=(176)
cfn=(864) 0x00000000049603e0
calls=2 0 
* 174
fe=(245)
76 14
-27 2
cfi=(202)
cfn=(852) _IO_un_link
calls=2 +4 
* 208
+2 16
+1 4
+1 4
cfi=(201)
cfn=(856) _IO_file_close_it@@GLIBC_2.2.5
calls=2 +75 
* 570
fi=(219)
979 2
fe=(245)
53 2
fi=(219)
979 6
+1 18
fe=(245)
51 10

fl=(107)
fn=(340)
30 1
fi=(101) ./wcsmbs/../sysdeps/x86_64/multiarch/ifunc-avx2.h
+10 3
-2 4
fe=(107)
-8 2
fi=(101)
+11 2
+1 3
+3 2
+4 3
+3 5
fe=(107)

fl=(250) ./io/../sysdeps/unix/sysv/linux/open64_nocancel.c
fn=(890) __open_nocancel
28 2
+3 1
-3 6
+3 6
+8 7
+2 5

fl=(125)
fn=(382)
29 1
fi=(118) ./string/../sysdeps/x86_64/multiarch/ifunc-strcpy.h
+9 2
+1 1
-1 2
+1 2
+3 2
+4 3
+3 3
fe=(125)
-20 1

fl=(255) ./debug/./debug/snprintf_chk.c
fn=(908) __snprintf_chk
27 12
+1 2
+9 1
+1 1
-1 4
-4 2
+4 1
-4 1
+5 2
cfi=(242) ./libio/./libio/vsnprintf.c
cfn=(842) __vsnprintf_internal
calls=1 +55 
* 561
+4 5

fl=(246) ./io/../sysdeps/unix/sysv/linux/close_nocancel.c
fn=(862) __close_nocancel
25 3
+1 12
+1 3

fl=(298) ./misc/../sysdeps/unix/sysv/linux/setvmaname.c
fn=(1106) __set_vma_name
33 7
+2 5
+14 12
-9 4
cob=(4)
cfi=(176)
cfn=(560) 0x0000000004960720
calls=1 -40 
* 26
* 3
+7 1
+1 1

fl=(116)
fn=(360)
60 1
-17 2
-1 4
+2 3
+2 2
+4 3
+10 1

fl=(136)
fn=(422)
29 1
fi=(332) ./string/../sysdeps/x86_64/multiarch/ifunc-sse4_2.h
+7 5
fe=(136)
-7 1

fl=(193) ./string/../sysdeps/x86_64/multiarch/strcmp-avx2.S
fn=(650) __strcmp_avx2
206 5402
+43 5402
+25 5402
+1 5402
+1 5402
+2 5402
+1 5402
+4 5223
+4 5223
+2 5223
+2 5223
+3 5223
+9 5223
+1 5223
+4 5223
+10 5223
+1 5223
+3 5223
+4 10446
953 942
+1 942
+3 675
+1 675
+1 675
+1 675
+2 675
+3 675
+1 675
+4 487
+1 487
+9 179
+4 179
+1 342
+8 163
+1 163
+1 163
+1 163
+1 163
+1 163
+2 163
+35 179
+1 179
+11 179
+1 179
+3 179
+1 179
+1 179
+3 358
+20 188
+1 188
+23 16
+1 16
+2 15
+1 15
+1 15
+1 15
+1 15
+1 15
+1 15
+45 1
+1 1
+75 1
+1 1
+2 1
+1 1
+1 1
+1 1
+1 1
+1 1
+1 1
+1 1
+6 1
+2 1
+4 1
+1 1
+1 1
+1 1
+1 1
+1 1
+1 1
+1 1

fn=(950) __strncmp_avx2
206 14
+24 14
+5 14
+14 14
+25 14
+1 14
+1 14
+2 14
+1 14
+4 14
+4 14
+2 14
+2 14
+3 14
+2 14
+1 14
+11 11
+10 11
+1 11
+3 11
+4 22
+5 14
+1 14
+1 14
+4 3
+1 6

fl=(239) ./stdlib/../sysdeps/ieee754/dbl-64/mpn2dbl.c
fn=(834) __mpn_construct_double
29 3771
+10 3771
-6 3771
+7 37710
+6 3771
+1 7542

fl=(315) ./stdlib/./stdlib/exit.c
fn=(1188) exit
137 2
+1 3
-1 1
+1 1
cfn=(1190) __run_exit_handlers
calls=1 38 
* 1943

fn=(1190)
38 12
+2 2
+3 5
+11 2
+2 2
+38 2
-30 6
+2 1
+1 1
-1 1
+3 7
+44 3
+13 1
-66 1
+66 3
+2 2
+3 2
cfi=(324) ./posix/../sysdeps/unix/sysv/linux/_exit.c
cfn=(1274) _Exit
calls=1 27 
* 4
-29 1
+1 1
-2 1
+3 1
+3 1
-3 2
+3 3
+1 3
cob=(1)
cfi=(317)
cfn=(1194)
calls=1 -82 
* 1235
+1 4
+10 3
+1 2
-79 1
cfi=(316) ./stdlib/./stdlib/cxa_thread_atexit_impl.c
cfn=(1192) __call_tls_dtors
calls=1 148 
* 13
* 1
+88 1
cfi=(202)
cfn=(1264) _IO_cleanup
calls=1 842 
* 612
* 1

fl=(251) ./dirent/../sysdeps/unix/sysv/linux/readdir64.c
fn=(894) readdir
32 234
+5 234
-5 585
+5 117
-5 351
+2 234
+3 234
+3 117
+27 117
-27 234
+7 10
cfi=(252) ./dirent/../sysdeps/unix/sysv/linux/getdents64.c
cfn=(896) __getdents
calls=2 -20 
* 18
+1 4
+13 2
+7 3
+1 2
+3 4
-4 345
+1 230
+3 460
+4 1053
-22 1
+1 1
+2 4
+2 2

fl=(260) ./string/../sysdeps/x86_64/multiarch/strncpy-avx2.S
fn=(928) __strncpy_avx2
54 874
+18 874
+3 874
+3 874
+1 874
+1 874
+1 874
+1 874
+3 874
+1 874
+1 874
+4 874
+7 874
+2 874
+4 1
+2 1
+1 1
382 1
+1 1
+1 1
+5 1
+1 1
+3 1
+1 1
+1 1
+1 1
+23 1
+1 1
+1 1
+1 1
+2 1
+1 1
+1 1
+3 1
+1 1
+2 1
+1 1
+1 1
+13 2
+57 873
+1 873
+1 873
+1 873
+1 873
+1 873
+1 1746
+6 873
+1 873
+1 873
+1 872
+1 872
+4 872
+7 873
+2 873
+1 873
+1 873
+2 873
+1 873
+1 873
+44 1
+1 1
+1 1
+1 1
+11 1

fl=(269) ./time/../sysdeps/unix/sysv/linux/clock_gettime.c
fn=(1014) clock_gettime@@GLIBC_2.17
30 2
+8 4
+2 4
+28 4
+1 4
-25 4

fl=(86)
fn=(290)
79 2
-31 4
+1 2
-2 8
+2 4
+3 4
+4 6
+3 6
+20 2

fl=(230) ./stdlib/./stdlib/strtod.c
fn=(806) __strtod_internal
68 228
+1 684
cfi=(231) ./stdlib/./stdlib/strtod_l.c
cfn=(808) ____strtod_l_internal
calls=228 508 
* 203371

fn=(986) strtod
81 3543
+1 14172
cfi=(231)
cfn=(808)
calls=3543 508 
* 2257538

fl=(221) ./string/../sysdeps/x86_64/multiarch/memchr-avx2.S
fn=(780) __memchr_avx2
61 2156
+7 2156
+2 2156
+3 2156
+1 2156
+2 2156
+1 2156
+1 2156
+1 2156
+3 2142
+1 2142
+3 2142
+1 2142
+2 2125
+1 2125
+1 197
+1 197
+2 394
+7 17
+5 17
+7 17
+1 17
+1 1
+1 1
+5 355
+1 355
+1 355
+1 710
+4 16
+1 16
+4 1527
+1 1527
+1 1527
+1 3054
+25 1942
+1 1942
+1 1942
+2 1942
+10 1942
+1 1942
+3 1942
+1 1942
+2 1882
+1 1882
+2 1527
+1 1527
+1 1527
+1 1527
+69 60
+1 60
+3 47
+1 47
+4 22
+1 22
+3 16
+1 16
+1 16
+1 16
+1 16
+1 10
+1 10
+2 32
+32 13
+2 13
+2 13
+1 13
+1 13
+1 13
+1 26
+3 6
+1 12
+16 25
+4 25
+2 25
+1 50
+21 25
+1 25
+1 25
+1 25
+43 14
+3 14
+1 14
+1 14
+3 14
+1 14
+7 14
+3 14
+1 14
+2 14
+1 14

fl=(310) ./stdlib/./stdlib/divrem.c
fn=(1166) __mpn_divrem
46 392
+3 56
234 252
62 28
+1 28
-16 28
+18 56
+7 165
+1 27
-1 54
+1 54
-1 54
+4 56
+3 28
+2 28

fl=(127)
fn=(394)
29 2
fi=(84) ./string/../sysdeps/x86_64/multiarch/ifunc-avx2.h
+11 6
-2 8
fe=(127)
-9 4
fi=(84)
+12 4
+1 6
+3 4
+4 6
+3 10
fe=(127)

fl=(212) ./stdio-common/./stdio-common/Xprintf_buffer_done.c
fn=(726) __printf_buffer_done
25 130
+1 390
+5 260
+2 1560
+7 130

fl=(316)
fn=(1192)
148 4
+1 1
-1 1
+1 3
+16 4

fl=(225) ./string/../sysdeps/x86_64/multiarch/strlen-avx2.S
fn=(794) __strlen_avx2
52 4127
+13 4127
+1 4127
+1 4127
+3 4127
+2 4127
+1 4127
+3 4126
+1 4126
+8 4126
+1 4126
+1 4010
+5 8020
+26 116
+13 116
+1 116
+1 116
+6 232
+82 116
+15 116
+6 116
+1 116
+1 116
511 1
+1 1
+1 1
+3 1
+15 1
+1 1
+1 1
+7 2

fl=(94)
fn=(308)
29 2
fi=(93)
+28 6
-1 4
+4 6
+14 4
+3 4
+8 4
+8 4
+3 10
fe=(94)

fl=(108)
fn=(344)
31 1
fi=(109) ./string/../sysdeps/x86_64/multiarch/ifunc-strncpy.h
+4 5
+1 3
+3 2
+4 3
+3 4
fe=(108)
-15 1

fl=(308) ./nptl/./nptl/alloca_cutoff.c
fn=(1160) __libc_alloca_cutoff
27 4
+1 36
+7 4

fl=(209) ./misc/./misc/sbrk.c
fn=(708) sbrk
37 32
+3 4
+3 4
-3 4
+3 4
+35 7
-20 8
+4 8
+4 12
+8 3
cfi=(210) ./misc/../sysdeps/unix/sysv/linux/brk.c
cfn=(710) brk
calls=3 -38 
* 27
* 6
+4 21
-19 2
cfi=(210)
cfn=(710)
calls=1 -23 
* 9
* 2
+4 2

fl=(297) ./misc/../sysdeps/unix/sysv/linux/mmap64.c
fn=(1104) mmap
47 1
+3 2
-3 6
+6 2
+5 6
+2 4
-7 5

fl=(100)
fn=(324)
31 2
fi=(101)
+9 6
-2 8
fi=(102) ./wcsmbs/../sysdeps/x86_64/multiarch/wcschr.c
-7 4
fi=(101)
+10 4
+1 6
+3 4
+4 6
+3 10
fe=(100)

fn=(390)
31 1
fi=(97) ./wcsmbs/../sysdeps/x86_64/multiarch/ifunc-wcs.h
+9 3
-1 4
+2 3
+3 2
+4 4
fe=(100)
-17 1

fl=(233) ./stdlib/../sysdeps/x86_64/mul_1.S
fn=(818) __mpn_mul_1
31 659
+1 659
+3 659
+1 659
+1 659
+1 659
+1 659
+2 659
+1 659
+2 659
+1 659
+1 659
+1 659
+1 652
+2 652
+1 652
+1 652
+1 652
+26 7
+1 7
+1 7
+1 7
+1 7
+1 7
+1 7
+1 7
+1 7
+26 7
+1 7
+1 7
+2 7
+1 7
+1 7
+1 7
+1 7
+1 7
+2 7
+3 7
-5 652
+2 652
+3 652

fl=(322) ./posix/./posix/register-atfork.c
fn=(1212) __unregister_atfork
82 6
+1 6
-1 12
+1 6
fi=(323) ./posix/../malloc/dynarray-skeleton.c
243 3
fe=(322)
71 6
+38 12
+1 9

fl=(117)
fn=(362)
29 1
fi=(118)
+9 2
+1 1
-1 2
+1 2
+3 2
+4 3
+3 3
fe=(117)
-20 1

fl=(188) ./csu/../sysdeps/nptl/libc_start_call_main.h
fn=(638) (below main)
29 4
+15 1
-15 5
+15 1
cfi=(189) ./setjmp/../sysdeps/x86_64/bsd-_setjmp.S
cfn=(640) _setjmp
calls=1 -16 
* 38
* 1
+2 2
+5 2
+1 2
+3 2
+3 6
cob=(6)
cfi=(192)
cfn=(646)
calls=1 168 
* 86268255
+16 2
cfi=(315)
cfn=(1188)
calls=1 +63 
* 1950

fl=(218)
fn=(760)
33 2130
+1 4260
cfn=(762) _IO_getline_info
calls=2130 +15 
* 248687

fn=(762)
49 31950
+2 4260
+2 6390
+2 8520
+28 2156
+2 4312
-2 4312
+2 2156
cob=(4)
cfi=(176)
cfn=(778) 0x0000000004960480
calls=2156 -85 
* 73133
* 2156
+1 4312
fi=(244) ./libio/../string/bits/string_fortified.h
-57 84
fe=(218)
+74 28
fi=(244)
-74 28
cob=(4)
cfi=(176)
cfn=(672) 0x00000000049606b0
calls=28 -29 
* 402
fe=(218)
+73 28
-1 28
-46 56
+2 6564
+1 4376
+2 64
cfi=(202)
cfn=(764) __uflow
calls=32 299 
* 5624
+1 64
+6 60
+11 30
-1 60
-22 62
+20 4
+32 16
-19 4256
+1 4256
-1 2128
+2 6384
+2 2128
+2 4256
fi=(244)
-65 10640
cob=(4)
cfi=(176)
cfn=(672)
calls=2128 -29 
* 29988
fe=(218)
+68 2128
+1 2128
-1 2128
+10 17024
-44 4
-9 4

fl=(201)
fn=(680) _IO_file_overflow@@GLIBC_2.2.5
732 16
+1 8
+7 8
+37 1
-2 2
-32 2
+12 2
+9 3
+5 3
+2 2
-5 1
+5 1
+1 1
-5 1
+1 1
+4 2
-7 1
+10 2
+13 2
-12 2
+1 2
+11 8
-12 2
cfn=(718) _IO_do_write@@GLIBC_2.2.5
calls=2 424 
* 112
-4 2
-27 2
cfi=(202)
cfn=(682) _IO_doallocbuf
calls=1 343 
* 1922
+1 1
+9 1
-9 5

fn=(678) _IO_file_xsputn@@GLIBC_2.2.5
1198 7
+7 1
-7 2
+6 4
+9 2
-2 4
+17 3
+40 9
-68 1
+44 1
fi=(219)
1025 3
+1 2
fe=(201)
1244 3
cfn=(680)
calls=1 732 
* 1983
* 2
+6 2
+1 5
+2 3
+11 2
+1 4
cfi=(202)
cfn=(720) _IO_default_xsputn
calls=1 371 
* 61
+2 3

fn=(736)
106 12
+5 2
-1 2
+3 2
cfi=(202)
cfn=(738) _IO_link_in
calls=2 -26 
* 178
+1 2
+1 6

fn=(686) _IO_file_stat
1147 3
+1 6
cfi=(204)
cfn=(688)
calls=3 30 
* 18

fn=(768) _IO_file_underflow@@GLIBC_2.2.5
462 32
+4 96
-4 288
+7 64
+6 96
+3 64
+12 60
fi=(219)
1025 32
fe=(201)
506 64
cfi=(202)
cfn=(772) _IO_switch_to_get_mode
calls=32 164 
* 832
+6 32
+5 32
-5 32
fi=(219)
1025 64
fe=(201)
512 32
fi=(219)
1025 32
fe=(201)
512 96
fi=(219)
1026 64
fe=(201)
517 128
cfn=(774) _IO_file_read
calls=32 1131 
* 416
+2 64
+16 30
-9 30
+9 60
+2 60
+1 256
-6 2
-10 14
-55 4
+14 6
+5 4
cfi=(202)
cfn=(682)
calls=2 343 
* 586
+4 8

fn=(1270) _IO_file_setbuf@@GLIBC_2.2.5
382 6
+1 1
cfi=(202)
cfn=(1272) _IO_default_setbuf
calls=1 +69 
* 69
* 2
+3 1
+4 2
-2 3
+3 3

fn=(744)
213 24
+9 4
+2 12
+23 12
357 24
-76 8
cfn=(746) _IO_file_open
calls=2 -99 
* 190
* 2
+3 4
+3 6
cfi=(216) ./string/../string/strstr.c
cfn=(750) __GI_strstr
calls=2 77 
* 118
* 2
+1 4
-74 2
+13 2
+1 4
+19 12

fn=(746)
182 4
+3 2
-3 20
+2 4
+4 2
cfi=(215) ./io/../sysdeps/unix/sysv/linux/open64.c
cfn=(748) open
calls=2 30 
* 72
* 2
+1 4
+3 4
+3 2
-4 2
+1 6
+3 2
-3 2
+3 2
+10 4
cfi=(202)
cfn=(738)
calls=2 87 
* 42
+1 2
+1 12

fn=(718)
424 6
+2 18
+1 1
-3 15
fi=(219)
1025 5
fe=(201)
424 40
+20 5
-10 10
+7 20
fi=(219)
1025 10
+1 10
fe=(201)
449 20
cfn=(1036) _IO_file_write@@GLIBC_2.2.5
calls=5 1174 
* 230
* 5
+1 15
+2 5
+4 10
-3 10
-1 10
+4 15
-30 10
+28 5
-28 10
+1 40
+28 15

fn=(1036)
1174 40
+2 20
-1 10
+6 5
cfi=(275) ./io/../sysdeps/unix/sysv/linux/write.c
cfn=(1038) write
calls=5 25 
* 40
+1 10
+5 5
+1 5
-12 10
+4 15
+1 10
+10 15
+3 30
-4 15

fn=(860) _IO_file_close
1165 2
+3 4
cfi=(246)
cfn=(862)
calls=2 25 
* 12

fn=(878)
168 10
+1 2
-1 2
+1 2
+6 4
+1 6
-1 2
cfi=(202)
cfn=(880) _IO_default_finish
calls=2 601 
* 40

fn=(774)
1131 32
+3 32
-1 32
+1 64
cfi=(220) ./io/../sysdeps/unix/sysv/linux/read.c
cfn=(776) read
calls=32 25 
* 256

fn=(856)
128 14
+2 6
+4 4
+3 2
-3 2
-1 4
+6 2
+3 2
-3 2
cfi=(202)
cfn=(858) _IO_unsave_markers
calls=2 937 
* 28
+3 6
fi=(219)
1025 6
+1 4
fe=(201)
142 4
cfn=(860)
calls=2 1165 
* 18
* 2
+3 6
+8 10
cfi=(202)
cfn=(716) _IO_setb
calls=2 329 
* 404
+1 2
+3 2
-3 6
+3 2
cfi=(202)
cfn=(852)
calls=2 53 
* 8
+5 2
-4 2
+1 2
+3 2
-2 2
+3 14

fn=(1032) _IO_file_sync@@GLIBC_2.2.5
793 35
+5 20
+1 12
+1 5
+1 10
+11 10
+4 25
-17 8
cfn=(718)
calls=4 424 
* 428
* 8

fl=(139)
fn=(432)
31 1
fi=(114) ./string/../sysdeps/x86_64/multiarch/ifunc-strcasecmp.h
+6 2
-1 4
fe=(139)
-5 2
fi=(114)
+7 3
+3 2
+4 3
+3 4
fe=(139)

fl=(110)
fn=(348)
31 2
fi=(111) ./wcsmbs/../sysdeps/x86_64/multiarch/ifunc-evex.h
+7 6
-1 8
+2 6
+6 4
-3 4
+9 6
+3 8
fe=(110)
-23 2

fl=(196) ./stdio-common/./stdio-common/vfprintf-internal.c
fn=(664) __printf_buffer
600 1560
fi=(227) ./stdio-common/./stdio-common/printf-parse.h
82 130
fe=(196)
600 260
fi=(227)
82 130
fe=(196)
600 130
+27 390
+11 130
-11 130
+11 130
-11 130
+11 260
fi=(227)
82 130
cob=(4)
cfi=(176)
cfn=(666) 0x0000000004960590
calls=130 -82 
* 2775
fe=(196)
653 260
+1 130
fi=(227)
82 260
fe=(196)
654 130
-1 130
cfi=(199) ./stdio-common/./stdio-common/Xprintf_buffer_write.c
cfn=(670) __printf_buffer_write
calls=130 27 
* 2848
+2 390
+4 260
+4 1008
-32 126
973 126
642 126
973 252
634 126
+71 536
1044 1430
705 268
-13 134
+7 134
+6 268
-14 134
-4 134
+18 134
-10 134
+10 134
-7 134
-4 134
+11 268
-19 134
-1 134
+20 134
-12 134
-9 134
-1 134
+22 134
-15 268
891 8
+82 8
+3 136
+20 44
+1 4
263 4
+1 4
997 4
744 4
264 8
744 4
263 8
1024 134
fi=(227)
82 134
fe=(196)
1018 134
fi=(227)
82 268
cob=(4)
cfi=(176)
cfn=(666)
calls=134 -82 
* 2814
fe=(196)
1028 268
+1 134
fi=(227)
82 134
fe=(196)
1029 134
-1 134
cfi=(199)
cfn=(670)
calls=134 27 
* 3186
+3 292
fi=(243) ./stdio-common/./stdio-common/vfprintf-process-arg.c
501 484
cfi=(199)
cfn=(670)
calls=121 27 
* 6602
+1 121
-11 122
-88 971
+19 242
-14 242
-5 1
+19 2
-14 2
+47 366
+6 3
fe=(196)
709 4
814 4
-1 4
+1 8
+26 12
+15 52
fi=(243)
422 488
+8 244
fe=(196)
726 1
fi=(227)
55 1
-2 1
+2 1
-2 1
+2 1
-2 1
+2 2
+1 2
+9 2
-9 2
+2 2
fe=(196)
807 2
+3 13
-89 15
-1 1
+1 1
-2 2
fi=(243)
136 16
+19 104
cfi=(247) ./stdio-common/./stdio-common/_itoa.c
cfn=(882) _itoa_word
calls=8 +14 
* 284
+11 16
-11 16
+11 32
-5 64
+25 34
+1 3
+14 6
-4 9
+4 10
-4 15
+2 24
+2 16
+7 8
-2 16
+2 24
+3 16
+13 16
fi=(248) ./stdio-common/../include/printf_buffer.h
-61 16
fi=(243)
+70 16
+3 16
136 8
+2 16
-71 8
-18 8
-1 16
201 24
58 16
-23 8
+22 16
fi=(227)
+7 1
+1 1
-1 1
+1 3
-10 1
+13 1
-13 5
fi=(243)
161 8
+9 16
+17 8
+8 8
-8 8
+12 8
-12 8
+8 32
-8 30
+53 32
cfi=(199)
cfn=(670)
calls=8 27 
* 454
* 8
fe=(196)
+26 4
cfi=(303) ./stdio-common/./stdio-common/printf_fp.c
cfn=(1146) __printf_fp_l_buffer
calls=4 1099 
* 7557
1001 4
fi=(243)
463 5
cfi=(199)
cfn=(670)
calls=1 27 
* 53
fi=(248)
163 3
+1 4
cfi=(313) ./stdio-common/./stdio-common/Xprintf_buffer_pad_1.c
cfn=(1174) __printf_buffer_pad_1
calls=1 24 
* 50
* 1
-1 16
fi=(243)
403 4
50 16
+2 16
+1 64
435 244
cob=(4)
cfi=(176)
cfn=(792) 0x0000000004960500
calls=122 0 
* 1976
* 244
fi=(227)
55 4
+10 8
-10 20
fi=(248)
+96 3
fe=(196)

fn=(658) __vfprintf_internal
1522 143
+3 56
+4 55
+11 22
+27 121
-42 20
+18 44
cfi=(197) ./stdio-common/./stdio-common/printf_buffer_to_file.c
cfn=(660) __printf_buffer_to_file_init
calls=11 108 
* 244
+1 55
cfn=(664)
calls=11 600 
* 10160
+1 22
cfi=(197)
cfn=(676) __printf_buffer_to_file_done
calls=11 117 
* 2730
* 11

fl=(214) ./nptl/./nptl/libc-cleanup.c
fn=(740) __libc_cleanup_push_defer
24 120
+1 120
+2 240
+2 240
+3 240
+14 360
+2 120
+1 120

fn=(742) __libc_cleanup_pop_restore
54 120
+1 120
+2 240
+2 120
+1 360
+11 120

fl=(222) ./stdio-common/./stdio-common/isoc99_sscanf.c
fn=(786) __isoc99_sscanf
24 1710
fi=(223) ./stdio-common/../libio/strfile.h
+64 456
fe=(222)
-64 342
fi=(223)
+64 114
-1 114
+1 228
cfi=(202)
cfn=(732)
calls=114 563 
* 5358
+1 114
+1 456
-1 114
+1 114
cfi=(224) ./libio/./libio/strops.c
cfn=(790) _IO_str_init_static_internal
calls=114 -54 
* 10594
fe=(222)
-60 114
+1 228
-1 114
+1 114
-1 114
+1 114
-1 342
+1 114
cfi=(226) ./stdio-common/./stdio-common/vfscanf-internal.c
cfn=(796) __vfscanf_internal
calls=114 278 
* 479450
+4 1026

fl=(305) ./stdlib/../sysdeps/ieee754/dbl-64/dbl2mpn.c
fn=(1152) __mpn_extract_double
33 4
+2 4
-2 8
+4 12
+1 20
+9 8
+9 4
-9 4
+9 8
+47 4
+4 4
-4 4
+4 4

fl=(95)
fn=(312)
29 1
fi=(84)
+11 3
-2 4
fe=(95)
-9 2
fi=(84)
+12 2
+1 3
+3 2
+4 3
+3 5
fe=(95)

fl=(128)
fn=(398)
29 2
fi=(109)
+6 10
+1 6
+3 4
+4 6
+3 8
fe=(128)
-17 2

fl=(115)
fn=(358)
29 1
fi=(332)
+7 5
fe=(115)
-7 1

fl=(134)
fn=(418)
29 1
fi=(135) ./string/../sysdeps/x86_64/multiarch/ifunc-evex.h
+9 3
-1 4
+2 3
+6 2
-3 2
+9 3
+3 4
fe=(134)
-25 1

fl=(226)
fn=(796)
278 1482
+10 570
+1 114
fi=(240) ./stdio-common/../include/scratch_buffer.h
78 114
fe=(226)
289 114
fi=(240)
77 228
fe=(226)
339 114
fi=(240)
77 114
fe=(226)
339 456
+6 342
+3 456
+4 114
+20 228
-20 114
+13 114
-6 114
+8 228
-8 114
+8 114
+5 228
-5 114
+5 342
cfi=(214)
cfn=(740)
calls=114 24 
* 1482
* 342
+9 114
fi=(229) ./stdio-common/../string/bits/string_fortified.h
59 114
fe=(226)
381 342
-49 114
-48 114
-1 114
+10 114
-11 114
+46 114
-1 114
-1 114
-1 114
-12 114
-30 228
419 1596
+24 1596
+1 1596
+3 1710
+7 2736
+8 342
-8 342
+8 684
+8 684
-27 684
-62 3192
3095 684
+3 456
223 456
-17 456
+17 456
-1 456
489 456
222 912
489 912
222 456
489 912
fi=(227)
55 228
-2 228
+12 228
-10 1140
+7 228
+2 228
+1 228
-1 228
+1 684
+3 228
-13 1368
fe=(226)
483 228
fi=(227)
55 1368
fe=(226)
506 1140
345 228
3105 456
cfi=(214)
cfn=(742)
calls=114 54 
* 1026
fi=(240)
85 456
fe=(226)
3109 228
+17 228
+6 1368
530 228
+3 912
660 912
+4 912
+1 2736
+4 228
+1 684
-1 228
+1 1596
+6 1368
+3 456
-3 228
+3 912
-3 456
+4 1824
+1 1140
+4 684
-4 684
cfi=(202)
cfn=(804) _IO_sputbackc
calls=228 -46 
* 5016
+4 2736
530 228
+3 3192
665 1368
+20 1824
546 684
+8 228
-21 456
-4 684
1992 1368
+1 456
260 228
1993 456
+8 684
260 144
+3 144
2005 432
+3 96
-3 48
+3 144
-5 48
+5 48
+5 1140
+21 456
263 684
2501 456
+10 228
206 228
2511 228
+2 228
-2 228
+2 228
-5 456
+37 684
701 456
2549 228
701 228
2549 228
701 228
2549 456
+5 228
+6 228
-6 228
+2 228
+1 228
-1 228
fi=(240)
131 1368
cfi=(228) ./malloc/./malloc/scratch_buffer_set_array_size.c
cfn=(800) __libc_scratch_buffer_set_array_size
calls=228 30 
* 5700
fe=(226)
2582 912
fi=(229)
59 9576
fe=(226)
2590 456
+1 912
+9 912
+10 456
-10 1824
+1 456
685 456
492 456
+6 912
2552 1140
1992 180
+21 180
-15 180
+15 360
2616 912
-90 456
+2 228
-2 228
+2 228
cfi=(230)
cfn=(806)
calls=228 68 
* 204283
+2 1368
+1 2736
206 228
2847 1824
2967 684
2847 228
2967 456
+10 2052
+39 14800
-49 4440
+49 1480
-49 4212
+7 4440
+2 2960
+1 2960
-1 2960
+43 456
+4 912
+40 684
+2 456
+8 684
-10 228
+8 456
2098 912
260 222
+3 333
2101 777
+1 222
-5 222
+22 111
+5 456
+11 2052
260 4222
+3 6333
2133 2111
2239 18190
+4 2328
-4 2328
231 2328
2243 6984
2124 4656
+6 7668
+5 2225
2239 868
231 228
2246 456
206 228
2254 456
2492 228
214 456
2492 1140
260 684
2172 890
-4 890
+52 684
-77 890
+1 2670
+26 890
-2 217
+15 434
+7 434
2552 3192
2168 228
-1 228
+5 1324
+1 651
+10 456
+21 217
fi=(240)
113 217
fe=(226)
2204 217
-18 1736
260 651
+3 651
2186 1736
+2 434
+13 22
+19 868
3011 1140
-42 912
cfi=(202)
cfn=(804)
calls=228 635 
* 5016
+1 456
249 111
2104 555
2733 117
2097 117
-99 234
2232 2052
cfi=(202)
cfn=(804)
calls=228 635 
* 5016
* 456

fl=(215)
fn=(748)
30 4
+3 2
-3 20
+3 12
+8 18
+2 16

fl=(220)
fn=(776)
25 32
+1 192
+1 32

fl=(186)
fn=(618)
242 13
+69 3
+1 3
cfi=(187) ./stdlib/./stdlib/cxa_atexit.c
cfn=(620) __cxa_atexit
calls=1 67 
* 72
+25 6
+6 2
-3 2
+10 2
cob=(4)
cfi=(176)
cfn=(634) 0x00000000049607b0
calls=1 0 
* 7
+2 2
+8 4
cfi=(188)
cfn=(638)
calls=1 29 
* 86270271
128 2
+6 3
+1 6
cob=(4)
cfi=(176)
cfn=(624) 0x0000000000109000
calls=1 0 
* 7
* 1
+3 1
+1 2
+3 2
+1 2
-1 1
+2 7
+1 4
cob=(6)
cfi=(185)
cfn=(628)
calls=1 0 
* 12
-1 4

fl=(126)
fn=(386)
31 1
fi=(114)
+6 2
-1 4
fe=(126)
-5 2
fi=(114)
+7 3
+3 2
+4 3
+3 4
fe=(126)

fl=(87)
fn=(292)
30 1
fi=(88) ./wcsmbs/../sysdeps/x86_64/multiarch/ifunc-wcslen.h
+11 2
-1 4
+2 3
+3 2
+4 3
+3 3
fe=(87)
-22 1

fl=(138)
fn=(428)
33 1
fi=(99) ./string/../sysdeps/x86_64/multiarch/ifunc-memmove.h
+24 3
-1 2
+4 3
+14 2
+3 2
+8 2
+8 2
+3 5
fe=(138)

fl=(189)
fn=(640)
28 1
+2 1
+2 1
cfi=(190) ./setjmp/../sysdeps/x86_64/setjmp.S
cfn=(642) __sigsetjmp
calls=1 -1 
* 35

fl=(198) ./string/../sysdeps/x86_64/multiarch/strchr-avx2.S
fn=(668) __strchrnul_avx2
53 264
+2 264
+1 264
+1 264
+1 264
+1 264
+3 264
+1 264
+4 264
+1 264
+1 264
+1 264
+1 264
+1 264
+1 264
+1 259
+13 259
+2 518
+12 5
+1 5
+6 5
+1 10
+48 5
+4 5
+1 5
+1 5
+1 5
+1 5
+1 5
+1 5

fn=(754) __strchr_avx2
53 2
+2 2
+1 2
+1 2
+1 2
+1 2
+3 2
+1 2
+4 2
+1 2
+1 2
+1 2
+1 2
+1 2
+1 2
+1 2
+3 2
+8 2
+8 2
+1 4

fl=(98)
fn=(320)
29 2
fi=(99)
+28 6
-1 4
+4 6
+14 4
+3 4
+8 4
+8 4
+3 10
fe=(98)

fl=(199)
fn=(670)
27 398
+1 1194
-1 2786
+4 1122
+2 326
+3 163
fi=(229)
-7 163
fe=(199)
+8 326
fi=(229)
-8 163
fe=(199)
+12 163
fi=(229)
-12 163
cob=(4)
cfi=(176)
cfn=(672)
calls=163 -29 
* 2698
fe=(199)
+11 489
-9 326
+2 489
+11 2388

fl=(208) ./malloc/./malloc/morecore.c
fn=(706) __glibc_morecore
25 4
+1 8
-1 8
+4 4
cfi=(209)
cfn=(708)
calls=4 +8 
* 155
+1 8
+4 8

fl=(216)
fn=(750)
77 18
+5 2
-5 6
+5 4
+2 8
cob=(4)
cfi=(176)
cfn=(752) 0x0000000004960680
calls=2 -84 
* 46
* 2
+1 4
+1 4
+75 24

fl=(96)
fn=(316)
31 1
fi=(97)
+9 3
-1 4
+2 3
+3 2
+4 4
fe=(96)
-17 1

fl=(113)
fn=(354)
31 1
fi=(114)
+6 2
-1 4
fe=(113)
-5 2
fi=(114)
+7 3
+3 2
+4 3
+3 4
fe=(113)

fl=(129)
fn=(402)
29 1
fi=(130) ./wcsmbs/../sysdeps/x86_64/multiarch/ifunc-memcmp.h
+5 5
+1 2
+1 2
+1 3
+3 2
+4 3
+3 4
fe=(129)
-18 2

fl=(137)
fn=(424)
31 1
fi=(97)
+9 3
-1 4
+2 3
+3 2
+4 4
fi=(333) ./wcsmbs/../sysdeps/x86_64/multiarch/wcpncpy.c
-17 1
fe=(137)

fl=(210)
fn=(710)
36 4
fi=(334) ./misc/../sysdeps/unix/sysv/linux/brk_call.h
-12 8
fe=(210)
+13 8
+1 8
+6 4
+1 4

fl=(314) ./dirent/../sysdeps/unix/sysv/linux/closedir.c
fn=(1186) closedir
31 1
+3 2
-3 4
+13 1
+6 1
cob=(4)
cfi=(176)
cfn=(864)
calls=1 -50 
* 170
+2 1
+1 2
-1 1
cfi=(246)
cfn=(862)
calls=1 -27 
* 6

fl=(313)
fn=(1174)
24 1
+1 3
-1 7
+15 1
-15 1
+9 2
+3 1
fi=(229)
+23 1
fe=(313)
-22 2
fi=(229)
+22 2
cob=(4)
cfi=(176)
cfn=(918) 0x0000000004960740
calls=1 -59 
* 15
fe=(313)
-19 3
+3 2
-10 3
+11 6

fl=(319)
fn=(1198)
367 1
51 3
+1 2
367 3
57 2
+8 1
-3 1
-23 1
+1 4
+1 1
+29 1
+2 1
369 2
74 2
+6 4
+4 3
+3 2

fl=(231)
fn=(808)
508 7542
+45 3771
-45 37710
+53 11313
+26 3771
-24 7542
+32 7542
+1 7542
cob=(4)
cfi=(176)
cfn=(792)
calls=3771 0 
* 60336
+1 7542
-1 3771
+1 3771
+14 3771
-4 3771
-6 3771
+10 7542
-1 15084
+1 7542
+3 7542
-12 3620
+17 7240
+13 32046
+1 7542
+8 4248
+91 2832
-43 2832
+19 1305
514 1305
708 10152
+67 18663
+1 7542
+12 7542
+16 10374
+42 7542
+9 30124
+1 7553
+18 22
+6 11
+1 11
-1 22
+1 22
-1 11
+1 44
+99 7542
+33 7542
+2 6620
+8 2766
+19 11313
+1 228
+5 7542
+9 1870
+2 5610
-2 3740
+2 3740
1770 41481
779 4900
+22 4900
-26 2450
635 9420
+97 4710
-43 4710
+19 4710
+25 7065
-1 2355
+7 2355
-5 2355
514 2355
732 2355
+7 21972
+1 4932
-7 7398
616 151
+1 453
862 11280
+1 3760
+1 3760
1068 7480
+1 7480
+3 9350
+4 1870
+1 1870
+98 18700
+2 1870
-1 1870
+1 3740
+3 7480
-5 19010
+2 1901
-1 1901
+1 3802
+3 7604
+12 7542
+3 7542
1357 12330
+18 7398
+3 2466
+13 2466
-13 17262
+8 4932
+10 14796
603 4932
1399 4932
+3 7398
-3 2466
+3 14796
-3 1688
+3 2532
-3 844
+3 5064
+8 3310
-55 3310
+75 3310
-17 3310
-3 3310
+20 3310
-16 3310
-4 6620
-56 3310
+76 3310
-20 3310
-56 3310
-1 3310
+77 3310
-77 3310
+77 6620
-6 3310
+1 3310
fi=(234) ./stdlib/../string/bits/string_fortified.h
29 6620
fe=(231)
1425 3310
fi=(234)
29 3310
cob=(4)
cfi=(176)
cfn=(810) 0x00000000049606f0
calls=3310 -29 
* 72820
fe=(231)
1440 6604
+1 6604
+2 13208
-26 14448
+7 3930
+1 3930
-5 3930
+2 7860
+8 3720
cfi=(232) ./stdlib/./stdlib/mul.c
cfn=(816) __mpn_mul
calls=620 48 
* 40300
+4 1240
+1 1240
+1 1240
+4 620
+1 620
-4 1860
+6 1240
+2 16550
+4 29790
cfn=(822) str_to_mpn.isra.0
calls=3310 365 
* 230351
+17 6620
+2 3310
-2 3310
+2 3310
-2 6620
+2 6620
+17 6620
+2 6620
689 333
514 111
708 333
514 222
710 222
-1 333
+24 333
-1 111
+2 111
-2 111
+2 555
-53 11
882 18855
1081 3802
-9 3802
739 444
+8 4932
1198 16965
cfn=(822)
calls=1305 365 
* 85355
+6 1305
+20 1305
-26 1305
+6 6525
+44 1305
+1 1305
-1 1305
+1 1305
-1 1305
+1 2610
+4 2610
+6 2610
+32 2610
+3 461
+4 922
-4 461
+4 922
-4 2305
+2 461
+2 461
-2 922
+10 2305
cfi=(235) ./stdlib/../sysdeps/x86_64/lshift.S
cfn=(824) __mpn_lshift
calls=461 28 
* 7376
+4 922
+15 3227
cfn=(826) round_and_return
calls=461 215 
* 38724
* 461
1494 3310
+1 3310
+1 19860
+42 3310
-38 19860
+38 6620
-38 2532
+38 5908
+6 3310
-1 3310
-1 6620
+2 3310
-2 3310
+1 3310
-1 16550
cfn=(826)
calls=3310 215 
* 282803
* 8242
-4 46854
+2 7398
-68 16550
cfi=(235)
cfn=(824)
calls=3310 28 
* 52960
+1 19860
cfi=(235)
cfn=(824)
calls=3310 28 
* 52960
+1 6620
+64 5064
cfi=(235)
cfn=(824)
calls=844 28 
* 13504
* 4220
+2 844
1391 2466
+5 4932
fi=(234)
29 594
fe=(231)
1446 594
fi=(234)
29 2376
cob=(4)
cfi=(176)
cfn=(810)
calls=594 -29 
* 13068
* 1188
fe=(231)
864 7520
+1 7970
-3 900
+12 7520
+6 11280
+1 7520
-16 6249
+3 24306
+1 5188
-1 5188
+1 20752
+2 5188
-6 5188
-1 5188
+1 10376
+6 4371
-6 4371
-1 4371
+1 15362
+5 6620
fi=(234)
29 1688
fe=(231)
1330 844
fi=(234)
29 4220
cob=(4)
cfi=(176)
cfn=(810)
calls=844 -29 
* 18568
fe=(231)
1357 5064
+9 1688
+3 2532
+1 2532
1485 844
1370 1688

fn=(822)
365 46150
+13 4615
+1 27690
-4 4615
-1 9230
+52 9287
+1 18574
-14 37148
+3 2880
+7 1440
+3 4320
+3 2880
-3 15694
+3 15694
-47 18574
+49 18460
+7 13845
+2 13845
+2 4615
+1 4615
+15 41535

fn=(826)
215 60336
fi=(236) ./stdlib/../sysdeps/generic/get-rounding-mode.h
94 3771
+1 33939
fe=(231)
218 7542
fi=(237) ./stdlib/../include/rounding-mode.h
46 16135
fe=(231)
355 1123
-3 2246
+3 3369
-3 4208
+3 7944
+1 3771
-1 7542
+1 22626
-1 3771
cfi=(239)
cfn=(834)
calls=3771 29 
* 60336
-42 7542
-80 3771
+83 3771
-90 3771
+90 3771
+4 7542
-1 10262
fi=(237)
46 2720
fe=(231)
355 2104
-5 7400
fi=(238) ./stdlib/../stdlib/gmp.h
453 2104
fe=(231)
328 2104
fi=(238)
454 2104
fe=(231)
328 2104
+22 4208
-12 4208
fi=(237)
52 11750
fe=(231)
355 1632

fl=(247)
fn=(882)
169 8
+3 32
+2 16
+9 212
+9 16

fl=(324)
fn=(1274)
27 2
+3 2

fl=(205) ./malloc/./malloc/malloc.c
fn=(874) _int_free_maybe_consolidate
4770 8096
+6 1472
+22 8096
-20 20
+3 15
-2 2
cfn=(992) malloc_consolidate
calls=2 +32 
* 9432
* 2
+5 25

fn=(1102) sysmalloc_mmap.isra.0
2400 5
+13 3
-13 1
+18 2
+3 9
cfi=(297)
cfn=(1104)
calls=1 47 
* 26
* 1
+3 2
+4 2
2008 4
2432 4
cfi=(298)
cfn=(1106)
calls=1 33 
* 59
+16 3
+19 1
-1 1
+5 1
-4 2
+4 2
+1 5
+3 3
+1 5
+5 7

fn=(712) alloc_perturb
1985 4233
+2 1411

fn=(870) _int_free
4495 15316
+4 6564
+6 8752
+1 4376
+4 10940
+8 8752
-1 4376
+1 4376
+29 1993
-20 1993
-6 1993
+6 3986
+20 7972
1792 1792
4561 3584
+11 4224
+2 3168
1992 1056
4593 1056
1992 2112
4595 1056
+1 1056
+4 2112
+2 1056
-2 1056
+2 1056
+4 2112
+2 3168
+1 1056
+19 4176
+1 428
+29 8712
-21 1472
+3 1472
+18 736
-12 736
+12 2944
-12 736
cfn=(872) _int_free_merge_chunk
calls=736 +19 
* 89616
3163 396
+4 396
-4 396
+2 1584
+1 396
+1 396
4550 396

fn=(692) malloc
3294 9600
+7 2400
1326 2398
+19 6000
3311 2400
+2 4800
+3 2398
+10 1948
+28 5844
3248 4
cfn=(702) tcache_init.part.0
calls=1 -6 
* 473
+68 2
+2 3126
3178 452
+4 452
+4 226
+4 226
-4 678
+4 226
+1 226
3354 1356
-26 3896
cfn=(704) _int_malloc
calls=974 3846 
* 186035
+1 4870
fi=(206) ./malloc/./malloc/arena.c
153 1948
264 1
cfn=(696) ptmalloc_init.part.0
calls=1 -2 
* 1151
fe=(205)
1326 2

fn=(872)
4665 3680
+1 736
-1 2208
+5 4416
+3 1472
+5 2208
+3 1472
+1 1472
+1 1472
1992 2208
4689 1472
+2 277
+2 277
-1 277
+2 1108
+2 554
cfn=(974) unlink_chunk.isra.0
calls=277 1608 
* 5931
+18 1472
+6 1462
+4 574
+9 574
-1 574
+1 1722
+1 1148
-1 157
-1 157
+1 471
+1 314
+2 731
+2 1462
+5 731
+1 731
+2 2193
+1 731
-45 731
-1 1462
+1 4386
-1 731
cfn=(874)
calls=731 +69 
* 17544
+1 5
-1 10
+1 30
-1 5
cfn=(874)
calls=5 +69 
* 9616
+39 609
+16 5
+1 15
+1 10
-37 157
+1 157
-1 157
cfn=(974)
calls=157 1608 
* 3705
+1 157
-47 2208
-2 1472

fn=(974)
1608 2004
+2 6012
-2 2004
+2 4008
+3 2004
+1 4008
+2 8016
-3 2004
+6 2004
+1 2004
+1 5913
+2 436
+1 654
+3 436
+14 218
+1 218
+3 4008

fn=(704)
3846 21538
1326 3916
+19 11742
3887 3904
1794 1952
3914 3904
+65 2178
-63 4356
+3 1089
+2 2178
+2 4
-6 2
+9 4
+1 10
+5 4
+1 4
+7 2
-1 4
+1 10
+5 4
3165 2
3945 2
+1 5
+5 6
3165 1
-2 1
+4 1
-2 1
3945 1
3163 1
+3 1
+1 1
3946 8
+2 2
+2 2
+27 1726
+62 1177
+1 594
+20 1869
-1 1869
-1 1869
+1 3738
+1 3738
-2 3736
+12 9345
-1 2174
+4 2174
+1 1087
+2 2174
-3 518
+1 259
+2 518
+1 4038
+2 1346
+1 5384
+2 5384
-10 1346
+12 2692
+1 2692
+2 2692
+11 4866
+29 622
+1 622
+4 1244
+29 1240
+8 1430
+1 30
+1 30
-1 30
+4 60
-4 189
+1 189
-1 189
+4 378
+5 2
-2 2
+2 6
+1 4
3887 12
+27 12
+66 1758
+2 1758
-2 1758
+2 3516
+2 87
+1 174
+6 87
-4 87
+1 87
+1 87
+2 174
+7 348
-1 174
+1 174
+5 465
+1 32
+2 20
-92 18
1345 6
3919 12
+2 12
+9 3279
4041 12
cfn=(992)
calls=6 4811 
* 72706
* 6
+93 11
+1 11
-1 11
+1 22
-14 11
+19 22
+1 54
1985 12
4487 23496
1985 87
4020 87
1985 174
4163 914
+1 1371
+1 457
-1 457
+57 914
+9 457
-9 914
+9 457
-9 1371
+1 457
+1 457
+1 457
+1 457
+6 914
-10 438
+9 219
-9 438
+9 219
-9 657
+1 219
+1 219
+1 219
+1 219
+6 438
4070 2028
4246 834
+11 3597
+2 588
+3 196
-3 196
+3 392
+1 1203
+71 3591
-4 1197
+1 1197
+1 1197
-1 1197
+1 1197
+1 2394
+1 3591
+5 4892
+16 5019
+2 10038
-4 11212
+8 587
+3 1174
+2 140
+1 140
+1 140
-2 560
-27 140
-99 2704
3163 9
+4 9
-4 9
+2 72
+1 18
+1 9
4070 18
+29 1816
+2 724
-1 1448
+27 65
+1 65
+4 130
+29 230
+8 590
4008 10
+1 10
+1 20
3159 10
4012 10
3167 10
-8 10
+4 10
4013 10
3163 10
+2 40
+1 10
+2 10
-2 10
+1 10
+1 10
4218 217
-48 217
+48 651
4343 2643
+3 3444
-3 2280
+3 3028
-3 2241
+3 2980
-3 1450
4443 750
+1 1500
+2 1500
+3 2250
+17 16
4070 665
-91 3990
4169 662
+23 6
+1 4
+6 2
+7 1
-1 4
+2 2
+2 1
+1 3
+2 1
+1 2
-1 1
+1 2
-44 80
+33 2
4343 131
+5 524
+1 262
+24 1788
+3 894
+2 447
+3 894
-3 894
+3 447
cfn=(974)
calls=447 1608 
* 11919
+3 1788
+15 856
-5 428
+5 856
+1 856
+3 428
+1 428
+1 428
+3 856
+1 253
+1 856
+2 382
+3 1528
+2 573
+1 191
1985 191
4421 191
1985 382
4415 1896
+2 711
+1 237
1985 237
4421 237
1985 493
4421 19
1985 38
4387 19
-1 19
+1 38
4070 9
3199 9
-21 9
+4 18
+8 9
-4 36
+4 9
+1 18
4248 9
4105 659
-1 659
+3 659
-1 659
+1 1318
+1 1977
+1 1318
+2 916
+4 458
+6 458
-6 458
+7 458
-7 2748
+2 1374
+5 458
-4 458
+4 458
cfn=(712)
calls=458 1985 
* 1832
-7 201
+6 201
-6 201
+7 201
-7 1206
+2 603
+5 201
-4 201
+4 201
cfn=(712)
calls=201 1985 
* 804
+1 659
2552 4
+12 4
-12 20
+12 4
+1 3
+3 4
+8 5
cfn=(1102)
calls=1 2400 
* 148
* 1
+1 2
4482 2
-22 2256
cfn=(712)
calls=752 1985 
* 3008
+1 752
-9 1492
+2 1492
-1 746
+1 746
-3 746
+3 746
+2 746
-2 2984
+2 746
+3 1496
4266 2
+1 12
+6 4
+2 1
+1 2
+2 1
+1 2
-1 2
+1 1
cfn=(974)
calls=1 1608 
* 24
-1 1
+1 2
-1 2
+1 1
cfn=(974)
calls=1 1608 
* 33
+3 8
2553 3
+36 9
+1 3
-1 3
+1 3
+9 24
+6 6
+3 9
2921 9
+1 3
+4 3
+4 15
+5 3
-2 3
+5 3
-3 6
-3 3
+2 3
+1 3
+1 3
-1 9
+1 3
4482 3
2669 9
+8 6
+1 9
+13 3
+2 3
-2 6
+8 15
+8 6
+48 4
+40 3
+19 2
+3 2
+1 6
+2 1
+1 5
cfi=(208)
cfn=(706)
calls=1 25 
* 33
+12 4
-12 1
+12 1
2008 4
3882 1
2873 1
+3 1
-1 1
+1 4
+12 1
-11 1
+11 2
2783 1
-1 2
2017 2
2745 1
+1 1
+6 3
-6 1
+6 3
-6 2
+6 6
-6 2
+6 10
+1 12
-44 9
cfi=(208)
cfn=(706)
calls=3 25 
* 162
+1 6
-1 3
+1 3
2008 3
2711 3
2008 9
2712 3
+3 6
+29 17
4285 2
-1 2
+1 4

fn=(972) _int_realloc
4914 4904
+11 2452
+1 3065
+1 2452
+6 1226
+2 1226
+1 1839
+2 2452
+3 1226
+14 129
+53 258
-53 258
+57 129
-57 129
+57 258
-2 258
+2 244
+1 122
+16 122
+1 1098
-1 7
+1 4419
-79 1222
+12 1170
+12 1832
cfn=(704)
calls=458 3846 
* 83332
* 458
+1 916
+9 458
-6 458
+1 458
+5 916
+8 458
-1 458
fi=(211) ./malloc/../string/bits/string_fortified.h
29 458
fe=(205)
4993 2748
fi=(211)
29 458
cob=(4)
cfi=(176)
cfn=(672)
calls=458 -29 
* 39919
fe=(205)
4997 1832
cfn=(870)
calls=458 4495 
* 40458
+2 458
+22 7
-4 7
+3 7
+5 7
-4 7
-1 7
+1 7
+3 7
+1 14
cfn=(870)
calls=7 4495 
* 627
* 7
-60 131
-1 262
+5 381
cfn=(974)
calls=127 1608 
* 2685
+44 254
-48 254
-13 26
+1 26
-2 52
+4 104
+2 26
-2 26
+2 26
-2 52
+1 26
-1 52
+4 26
-3 26
+1 26
+2 26

fn=(992)
4811 8
+17 8
-17 40
+28 8
-28 24
+15 8
+2 8
+13 16
+1 16
-1 144
+1 144
+62 240
+1 64
-31 2106
+4 1124
+2 562
+1 1124
+1 1124
+2 1124
-4 491
+1 982
+1 982
+2 982
+1 524
+4 262
+2 262
-2 524
+3 262
+9 524
-12 791
+2 791
-2 1582
+3 791
+9 2612
-56 2106
+4 3159
+1 4212
+8 1053
-3 2106
+3 1053
-3 1053
+4 1053
-4 1053
+5 1053
-5 1053
+5 2106
+2 2106
+1 503
+2 503
-1 503
+2 2012
+2 3521
cfn=(974)
calls=503 1608 
* 10740
* 2515
+3 2106
+4 491
+1 1473
+16 982
-16 491
cfn=(974)
calls=491 1608 
* 10914
* 1964

fn=(702)
3242 4
+9 8
+1 3
cfn=(704)
calls=1 3846 
* 359
+1 2
+8 4
+9 1
fi=(211)
59 2
fe=(205)
3270 1
fi=(211)
59 86
fe=(205)
3274 3

fn=(968) realloc
3407 6743
+6 1226
+4 1226
+7 1226
5241 613
3433 613
5242 1839
-1 1226
+2 1226
3538 5517
5244 613
3441 1226
+2 2
+1 4
+12 1839
fi=(206)
153 1839
fe=(205)
3464 2452
+1 1226
1326 1226
+19 3678
3475 1226
+31 1226
+2 3678
cfn=(972)
calls=613 4914 
* 211931
* 613
+1 3065
fi=(206)
153 2452
fe=(205)
3509 1226

fn=(916) calloc
3699 1050
+10 525
-10 3675
+10 4200
+8 1050
+3 1575
+2 1050
+34 2624
fi=(206)
153 1048
fe=(205)
3732 525
+1 525
+21 1050
-21 1050
+21 525
cfn=(704)
calls=525 +92 
* 158473
+2 1050
+33 1
fi=(211)
59 1
fe=(205)
3789 2
+48 1736
-78 2
+37 524
-12 524
+12 1048
+3 2620
+8 524
+2 1048
+2 1048
+5 216
+2 216
-2 216
+3 432
+2 196
+2 392
+2 184
+2 368
+2 362
-73 1572
+3 1572
+78 308
fi=(211)
59 616
fe=(205)
3837 1848
fi=(211)
59 308
cob=(4)
cfi=(176)
cfn=(918)
calls=308 -59 
* 123857
fe=(205)

fn=(1108) munmap_chunk
3024 1
+2 1
-1 1
+1 2
+2 1
-3 1
-1 1
+4 1
+3 2
+7 1
-8 1
+9 1
-8 1
+1 1
+6 3
+1 4
+3 1
+1 3
+6 1
-1 2
cfi=(299) ./misc/../sysdeps/unix/syscall-template.S
cfn=(1110) munmap
calls=1 117 
* 6

fn=(866) free
3359 1733
+4 3466
-4 5172
+14 1724
-14 5172
+12 1724
+4 1724
-4 1724
+4 3448
+17 5169
fi=(206)
153 5169
fe=(205)
3398 5169
cfn=(870)
calls=1723 4495 
* 186012
+3 1723
+1 10338
-23 3
+2 4
+2 1
+1 1
-1 1
+1 1
+1 1
+3 2
cfn=(1108)
calls=1 3024 
* 36
+13 1
+1 15

fl=(249) ./dirent/../sysdeps/unix/sysv/linux/opendir.c
fn=(888) opendir
82 9
-49 2
+53 2
cfi=(250)
cfn=(890)
calls=1 -58 
* 27
* 1
-40 2
+7 3
cfi=(204)
cfn=(688)
calls=1 -23 
* 6
* 2
+2 4
+57 7
+3 2
cob=(4)
cfi=(176)
cfn=(690)
calls=1 0 
* 179
+1 2
+7 1
+2 1
+2 1
+1 1
+1 1
+1 1
+1 1
-44 8

fl=(175) ./nptl/./nptl/pthread_mutex_conf.c
fn=(558) __pthread_tunables_init
55 2
+1 2
-1 2
+1 2
-1 4
+1 1
cob=(4)
cfi=(176)
cfn=(560)
calls=1 -56 
* 26
+2 4
cob=(4)
cfi=(176)
cfn=(560)
calls=1 -58 
* 25
+2 4
cob=(4)
cfi=(176)
cfn=(560)
calls=1 -60 
* 26
+2 6

fl=(321) ./stdlib/./stdlib/cxa_finalize.c
fn=(1210) __cxa_finalize
30 6
+3 6
-3 24
+3 15
+3 12
+4 21
-4 9
+57 12
+4 18
-4 9
+12 6
cfi=(322)
cfn=(1212)
calls=3 -23 
* 60
+1 12
+1 24

fl=(131)
fn=(406)
29 1
fi=(93)
+28 3
-1 2
+4 3
+14 2
+3 2
+8 2
+8 2
+3 5
fe=(131)

fl=(274) ./libio/./libio/iofflush.c
fn=(1030) fflush
32 4
+1 8
-1 20
+7 8
+1 4
fi=(219)
1025 12
+1 8
fe=(274)
40 8
cfi=(201)
cfn=(1032)
calls=4 793 
* 540
* 8
fi=(219)
979 8
+1 32
fe=(274)
44 20
-5 40

fl=(91)
fn=(300)
29 1
fi=(88)
+12 2
-1 4
+2 3
+3 2
+4 3
+3 3
fe=(91)
-23 1

fl=(241) ./stdio-common/./stdio-common/snprintf.c
fn=(840) snprintf
26 1368
+4 114
+1 228
-1 570
+1 114
cfi=(242)
cfn=(842)
calls=114 +62 
* 39184
+4 570

fl=(254) ./string/../sysdeps/x86_64/multiarch/strstr-sse2-unaligned.S
fn=(904) __strstr_sse2_unaligned
22 114
+1 114
+1 114
+1 114
+1 114
+1 114
+1 114
+1 114
+1 114
+1 114
+1 114
+1 114
+1 114
+1 114
+1 114
+1 114
+1 114
+1 114
+1 114
+1 114
+1 114
+1 114
+1 114
+1 114
+1 114
+1 114
+1 114
+1 114
+1 114
+1 114
+1 114
+1 114
+1 114
+1 114
+1 114
+1 114
+1 114
+1 114
+1 114
+1 114
+1 114
+2 117
+1 117
+1 117
+1 117
+1 4
+1 4
+1 4
+1 4
+1 4
+1 2
+1 2
+9 6
+1 6
+1 6
+2 7
+1 7
+1 7
+2 1
+2 113
+1 113
+4 3
+1 3
+1 3

fl=(119)
fn=(366)
31 1
fi=(114)
+6 2
-1 4
fe=(119)
-5 2
fi=(114)
+7 3
+3 2
+4 3
+3 4
fe=(119)

fl=(163)
fn=(522)
64 1
-13 4
+7 4
+6 1

fl=(172) ./ctype/./ctype/ctype-info.c
fn=(552) __ctype_init
29 1
+2 7
+2 4
+2 4
+1 1

fl=(235)
fn=(824)
28 7929
+1 7929
+1 7929
+2 7929
+1 7929
+1 7929
+12 7929
+1 7929
+1 7929
+1 7929
+1 7929
+1 7929
+1 7929
+6 7929
+1 7929
+1 7929

fl=(112)
fn=(352)
67 2
-23 4
-1 8
+24 4
-22 6
+3 4
+4 6
+3 8

fl=(121)
fn=(374)
29 1
fi=(122) ./string/../sysdeps/x86_64/multiarch/ifunc-memcmp.h
+5 5
+1 2
+1 2
+1 3
+3 2
+4 3
+3 4
fe=(121)
-18 2

fl=(182) ./string/../sysdeps/x86_64/multiarch/strrchr-avx2.S
fn=(600) __strrchr_avx2
53 1
+1 1
+1 1
+2 1
+1 1
+4 1
+1 1
+1 1
+3 1
+2 1
+1 1
+1 1
+1 1
+25 1
+1 1
+1 1
+1 1
+1 1
+26 1
+1 1
+4 2
+24 1
+3 1
+1 1
+1 1
+1 1
+1 1
+1 1

fl=(81)
fn=(280)
86 1
fi=(82) ./string/../sysdeps/x86/cacheinfo.h
-27 1
+3 3
+2 1
+1 1
-1 2
+7 3
+2 1
+1 1
-1 2
+5 2
+2 2
+1 2
+1 2
+2 2
+2 2
fe=(81)

fl=(191) ./setjmp/./setjmp/sigjmp.c
fn=(644) __sigjmp_save
28 6
+2 2
-1 1
+5 4

fl=(195) ./debug/./debug/printf_chk.c
fn=(656) __printf_chk
25 121
+7 1
-4 2
+4 1
-4 1
+4 1
+1 1
-1 1
-4 1
+5 1
-1 2
+1 2
cfi=(196)
cfn=(658)
calls=1 1522 
* 6290
-8 30
+7 10
-4 20
+4 10
-4 10
+4 10
+1 10
-1 10
-4 10
+5 10
-1 20
+1 20
cfi=(196)
cfn=(658)
calls=10 1522 
* 7393
+4 55

fl=(203) ./libio/./libio/filedoalloc.c
fn=(684) _IO_file_doallocate
78 33
+6 12
fi=(219)
1025 9
+1 6
fe=(203)
84 9
cfi=(201)
cfn=(686)
calls=3 1147 
* 27
* 6
+2 12
+11 12
+4 6
cob=(4)
cfi=(176)
cfn=(690)
calls=3 0 
* 2151
* 3
+1 6
+2 12
cfi=(202)
cfn=(716)
calls=3 329 
* 87
+1 3
+1 27

fl=(265) ./ctype/../include/ctype.h
fn=(946) __ctype_b_loc
40 13116
+1 26232
+1 13116

fl=(200) ./string/../sysdeps/x86_64/multiarch/memmove-vec-unaligned-erms.S
fn=(674) __memcpy_avx_unaligned_erms
255 2955
+1 2955
+6 2955
+1 2955
+2 2580
+1 2580
+1 2580
+3 1956
+1 1956
+1 1956
+3 3912
+30 375
+1 375
+2 347
+1 347
+2 126
+4 126
+1 22
+1 22
+1 22
+1 22
+1 11
+1 11
+2 11
+2 11
-2 11
+2 11
+6 104
+1 104
+1 104
+1 104
+1 104
+7 28
+1 28
+1 28
+1 28
+2 28
+17 221
+1 221
+1 221
+1 221
+1 221
+7 288
+1 288
+1 288
+1 288
+1 288
+1 288
+1 576
+5 624
+1 624
+5 622
+1 622
+2 426
+1 426
+1 426
+2 138
+1 138
+1 138
+1 138
+1 138
+1 138
+1 138
+1 138
+1 138
+1 138
+1 138
+1 138
+1 138
+1 138
+1 276
+4 196
+1 196
+4 196
+2 196
+4 196
+1 196
+11 196
+3 196
+2 196
+2 196
+4 196
+1 196
+9 194
+1 194
+2 194
+2 194
+1 194
+1 194
+3 194
+2 194
+2 194
+2 388
+6 194
+1 194
+1 194
+1 194
+1 194
+1 194
+1 194
+1 194
+1 194
+1 194
+1 194
+1 194
-11 1755
+1 1755
+1 1755
+1 1755
+1 1755
+1 1755
+1 1755
+1 1755
+1 1755
+1 1755
+1 1755
+1 1755
+2 194
+1 194
+1 194
+1 194
+2 194
+4 388
+13 2
+1 2
+2 2
+1 2
+1 2
+2 2
+2 2
+2 4
+6 2
+1 2
+1 2
+1 2
+1 2
+1 2
+1 2
+1 2
+1 2
+1 2
+1 2
+1 2
-11 26
+1 26
+1 26
+1 26
+1 26
+1 26
+1 26
+1 26
+1 26
+1 26
+1 26
+1 26
+2 2
+1 2
+1 2
+1 2
+2 2
+1 4
+9 2
+7 2
+1 2
+30 2
+1 2
+4 2
+2 2
+3 2
+4 2
+1 2
+4 2
+4 2
+24 2
+2 2
+2 2
+2 2
+3 2
+1 2
+2 24546
+3 2
+2 2
+2 4

fn=(724) __mempcpy_avx_unaligned_erms
242 1
+1 1
+1 1
+1 1
+17 1
+1 1
+2 1
+1 1
+1 1
+3 1
+1 1
+1 1
+3 2

fn=(812) __memcpy_chk_avx_unaligned_erms
249 4752
+1 4752
+1 23760
+4 4752
+1 4752
+6 4752
+1 4752
+2 4
+1 4
+1 4
+38 4748
+1 4748
+2 4748
+1 4748
+55 4748
+1 4748
+1 4748
+1 4748
+1 4748
+18 4
+1 4
+5 4
+1 4
+24 4
+1 4
+4 4
+2 4
+4 4
+1 4
+11 4
+3 4
+2 4
+2 4
+4 4
+1 4
+9 4
+1 4
+2 4
+2 4
+1 4
+1 4
+3 4
+2 4
+2 4
+2 8
+6 4
+1 4
+1 4
+1 4
+1 4
+1 4
+1 4
+1 4
+1 4
+1 4
+1 4
+1 4
-11 54
+1 54
+1 54
+1 54
+1 54
+1 54
+1 54
+1 54
+1 54
+1 54
+1 54
+1 54
+2 4
+1 4
+1 4
+1 4
+2 4
+4 8

fl=(273) ./debug/./debug/vsnprintf_chk.c
fn=(1024) __vsnprintf_chk
26 4
+1 16
+5 16
+2 8
cfi=(242)
cfn=(842)
calls=4 +59 
* 4370

fl=(85)
fn=(288)
29 1
fi=(332)
+7 5
fe=(85)
-7 1

fl=(232)
fn=(816)
48 10642
+6 1252
+12 1252
+76 6886
-71 626
+1 1252
+69 626
-60 1252
cfi=(233)
cfn=(818)
calls=626 -50 
* 13218
* 1252
+2 626
+1 626
+4 1252

fl=(318)
fn=(1196)
77 1
+3 3
+2 1
+2 2
-7 4
+11 2
+91 1
+3 1
+2 1
+3 1
-63 1
+66 3
-93 2
+11 4
+4 1
+3 2
-71 1
+1 7
+1 1
+84 3
+1 2

fl=(190)
fn=(642)
31 1
+2 1
+9 1
+1 2
+1 1
+4 1
+1 1
+1 1
+1 1
+1 1
+2 2
+2 1
+1 1
+1 1
+2 2
+2 1
+5 1
+1 1
+17 1
cfi=(191)
cfn=(644)
calls=1 -57 
* 13

fl=(177) ./nptl/../sysdeps/unix/sysv/linux/x86/elision-conf.c
fn=(562) __lll_elision_init
92 2
+4 1
-4 2
+4 2
-4 1
+4 1
-4 3
+4 1
cob=(4)
cfi=(176)
cfn=(560)
calls=1 -96 
* 26
+2 4
cob=(4)
cfi=(176)
cfn=(560)
calls=1 -98 
* 26
+2 4
cob=(4)
cfi=(176)
cfn=(560)
calls=1 0 
* 26
+2 4
cob=(4)
cfi=(176)
cfn=(560)
calls=1 0 
* 26
+2 4
cob=(4)
cfi=(176)
cfn=(560)
calls=1 0 
* 26
+3 3
+1 1
+1 6

fl=(224)
fn=(790)
36 1140
+4 228
+1 228
cob=(4)
cfi=(176)
cfn=(792)
calls=114 -41 
* 2728
* 114
+5 570
cfi=(202)
cfn=(716)
calls=114 329 
* 3306
+5 342
-3 114
+1 114
+1 114
+3 114
+1 114
+1 114
+9 114
+1 684
-14 456

fl=(252)
fn=(896)
27 2
+3 6
+2 8
+1 2

fl=(275)
fn=(1038)
25 5
+1 30
+1 5

fl=(104)
fn=(332)
29 1
fi=(105) ./debug/../sysdeps/x86_64/multiarch/ifunc-memset.h
+25 5
+3 3
+7 2
+9 2
+2 2
+10 2
+8 2
+3 5
fe=(104)

fl=(132)
fn=(410)
33 1
fi=(118)
+5 2
+1 1
-1 2
+1 2
+3 2
+4 3
+3 3
fe=(132)
-16 1

fl=(206)
fn=(696)
262 1
fi=(207) ./malloc/../sysdeps/unix/sysv/linux/not-cancel.h
97 3
fe=(206)
262 7
+5 1
fi=(207)
97 3
fi=(205)
3143 2
fe=(206)
292 2
+4 3
fi=(205)
1946 4
+3 1
-3 1
+3 2
-3 2
+3 126
-3 126
+3 252
-3 252
+11 1
fe=(206)
300 3
fi=(205)
1958 1
+2 1
fe=(206)
300 1
cob=(4)
cfi=(176)
cfn=(560)
calls=1 0 
* 25
+1 4
cob=(4)
cfi=(176)
cfn=(560)
calls=1 0 
* 26
+1 4
cob=(4)
cfi=(176)
cfn=(560)
calls=1 0 
* 25
+1 4
cob=(4)
cfi=(176)
cfn=(560)
calls=1 0 
* 25
+1 4
cob=(4)
cfi=(176)
cfn=(560)
calls=1 0 
* 26
+1 4
cob=(4)
cfi=(176)
cfn=(560)
calls=1 0 
* 25
+1 4
cob=(4)
cfi=(176)
cfn=(560)
calls=1 0 
* 25
+2 4
cob=(4)
cfi=(176)
cfn=(560)
calls=1 0 
* 25
+1 4
cob=(4)
cfi=(176)
cfn=(560)
calls=1 0 
* 25
+1 4
cob=(4)
cfi=(176)
cfn=(560)
calls=1 0 
* 25
+3 4
cob=(4)
cfi=(176)
cfn=(560)
calls=1 0 
* 25
+1 4
cob=(4)
cfi=(176)
cfn=(560)
calls=1 0 
* 25
+2 2
+10 8

fl=(123)
fn=(378)
31 2
fi=(124) ./wcsmbs/../sysdeps/x86_64/multiarch/ifunc-wmemset.h
+5 10
+1 6
fe=(123)
-6 2

fl=(103)
fn=(330)
65 1
-22 2
+1 1
-2 4
+2 2
+3 2
+4 3
+3 3
+11 1

fl=(173) ./resource/../sysdeps/unix/sysv/linux/getrlimit64.c
fn=(554) getrlimit
38 2
+1 7
+1 1

fl=(89)
fn=(296)
29 2
fi=(90) ./string/../sysdeps/x86_64/multiarch/ifunc-memset.h
+25 10
+3 6
+7 4
+9 4
+2 4
+10 4
+8 4
+3 10
fe=(89)

fl=(120)
fn=(370)
31 1
fi=(84)
+9 3
-2 4
fe=(120)
-7 2
fi=(84)
+10 2
+1 3
+3 2
+4 3
+3 5
fe=(120)

fl=(228)
fn=(800)
30 2964
+4 228
+1 456
+10 456
+1 228
+17 1368

fl=(307) ./stdlib/../sysdeps/x86_64/rshift.S
fn=(1158) __mpn_rshift
28 7
+1 7
+1 7
+1 7
+13 7
+1 7
+16 7
+1 7
+1 7
+1 7
+1 7
+1 7
+1 7
+5 7
+1 7
+1 7
+1 7
+1 7

fl=(171)
fn=(550)
33 9
+2 1
cfi=(172)
cfn=(552)
calls=1 -6 
* 17
+3 1
fi=(174) ./elf/../sysdeps/nptl/pthread_early_init.h
-5 2
fe=(171)
+8 1
-3 1
+3 1
fi=(174)
-8 1
cfi=(173)
cfn=(554)
calls=1 +5 
* 10
* 3
+1 1
+4 5
+7 1
fi=(335) ./elf/../nptl/nptl-stack.h
+16 3
fi=(174)
-16 1
fi=(335)
+16 2
fi=(174)
-7 1
fi=(335)
+7 3
fi=(174)
-9 1
-6 1
+2 2
+4 4
+1 1
+3 1
cfi=(175)
cfn=(558)
calls=1 -1 
* 104
fe=(171)
-9 3
+2 2
-2 1
cfi=(177)
cfn=(562)
calls=1 +45 
* 169

fl=(180)
fn=(594)
46 6
+5 2
+4 5
+8 1
-2 1
+10 1
-9 1
+1 1
+9 3
-1 1
cfi=(181)
cfn=(596)
calls=1 -41 
* 57

fl=(242)
fn=(842)
93 595
fi=(336) ./libio/../include/printf_buffer.h
+31 119
fe=(242)
-31 238
fi=(336)
+31 119
fe=(242)
-31 714
fi=(336)
+44 119
-13 119
+13 119
-10 119
+1 119
fe=(242)
-65 238
+3 119
+30 357
cfi=(196)
cfn=(664)
calls=119 600 
* 37332
-21 357
+1 119
+11 238
cfi=(212)
cfn=(726)
calls=119 -62 
* 2261
+11 714

fl=(197)
fn=(660)
108 11
+1 11
fi=(248)
+18 11
fe=(197)
-18 11
fi=(248)
+28 11
-9 11
+9 11
-13 11
fe=(197)
-13 11
fi=(248)
+13 11
fe=(197)
-12 11
cfn=(662) __printf_buffer_to_file_switch
calls=11 -83 
* 123

fn=(662)
29 12
+1 60
+10 1
+1 1
+3 4
+1 1
-1 44
+1 11

fn=(676)
117 11
+1 33
-1 11
-64 11
+64 66
-66 44
+2 33
+15 30
+18 30
+3 10
+2 20
+12 10
+19 10
-1 10
+1 40
-1 10
cfi=(212)
cfn=(726)
calls=10 -96 
* 190
+1 1
-1 1
+1 4
-1 1
cfi=(212)
cfn=(726)
calls=1 -96 
* 19
-56 2
cfn=(662)
calls=1 -36 
* 11
+1 1
-8 1
+1 1
fi=(337) ./stdio-common/../libio/libioP.h
1025 1
fe=(197)
58 1
+1 1
-1 1
fi=(337)
1025 2
+1 2
fe=(197)
59 2
cfi=(201)
cfn=(678)
calls=1 1198 
* 2107
* 2

fl=(187)
fn=(620)
67 7
-26 2
+2 8
+1 2
cfn=(622) __new_exitfn
calls=1 +36 
* 33
+2 2
+8 1
-2 1
+3 1
+1 1
-4 2
+1 1
+4 4
+1 1
+11 6

fn=(622)
80 1
+6 2

ob=(5)
fl=(179)
fn=(588)
0 12

fn=(1238) 0x0000000000001060
0 5

ob=(2)
fl=(187)
fn=(622)
80 4
+11 2
-10 1
+10 4
+2 4
-2 1
+10 1
-10 3
+45 1
+5 3
-4 1
+4 2
-18 1
-1 1
+12 1

fl=(106)
fn=(336)
28 1
fi=(84)
+12 3
-2 4
fe=(106)
-10 2
fi=(84)
+13 2
+1 3
+3 2
+4 3
+3 5
fe=(106)

fl=(133)
fn=(414)
29 1
fi=(99)
+28 3
-1 2
+4 3
+14 2
+3 2
+8 2
+8 2
+3 5
fe=(133)

fl=(183)
fn=(602)
545 1
+1 4
+1 3
+1 3
+2 1

fl=(258) ./string/../sysdeps/x86_64/multiarch/memset-vec-unaligned-erms.S
fn=(920) __memset_avx2_unaligned_erms
158 818
+1 1636
+5 818
+1 818
+1 817
+1 817
+1 817
+13 81
+1 81
+2 162
+53 817
+1 817
+6 633
+1 633
+12 633
+3 633
+1 633
+12 552
+1 552
+13 552
+1 552
+2 552
+3 405
+3 405
+3 405
+1 405
+1 405
+1 405
+1 405
+1 405
+1 405
-6 2768
+1 2768
+1 2768
+1 2768
+1 2768
+1 2768
+1 3173
+3 405
+1 405
+1 405
+1 405
+3 810
-6 147
+1 147
+1 147
+1 147
+3 294
+11 184
+1 184
+1 184
+1 481512
+1 184
+1 368
+7 1
+9 1
+1 1
+5 1
+1 1
+36 1
+1 1
+5 1

fl=(83)
fn=(284)
31 2
fi=(84)
+9 6
-2 8
fe=(83)
-7 4
fi=(84)
+10 4
+1 6
+3 4
+4 6
+3 10
fe=(83)

fl=(202)
fn=(720)
371 11
+3 4
fi=(219)
1025 1
fe=(202)
373 2
+24 1
+2 2
-20 4
+2 1
+1 2
+2 2
+2 2
+1 1
-1 1
cob=(4)
cfi=(176)
cfn=(722) 0x0000000004960430
calls=1 0 
* 16
* 1
+1 1
-12 1
+29 8

fn=(766) _IO_default_uflow
361 64
fi=(219)
1025 32
fe=(202)
361 96
+1 32
-1 32
fi=(219)
1025 64
+1 64
fe=(202)
362 64
cfi=(201)
cfn=(768)
calls=32 462 
* 3680
+1 64
+2 120
+1 128

fn=(716)
329 1309
+1 480
+5 238
-3 119
+3 238
-2 119
+2 238
+3 714
-7 2
cob=(4)
cfi=(176)
cfn=(864)
calls=2 0 
* 336
+4 4

fn=(732)
563 1276
+1 116
cfn=(734) _IO_old_init
calls=116 -33 
* 2672
+1 116
+1 232
+2 2
+4 2
+7 2
+2 2
-9 10
+15 2
+1 12
-1 114
+1 684
-2 228

fn=(772)
164 192
+1 96
+3 96
+4 64
+1 64
+7 32
-4 32
+4 32
-2 64
+3 32
+1 128

fn=(1264)
842 6
-66 1
+66 6
+1 1
cfn=(1266) _IO_flush_all
calls=1 686 
* 328
-67 2
+67 1
-67 3
cfi=(214)
cfn=(740)
calls=1 24 
* 13
+1 6
fi=(219)
1025 1
fe=(202)
785 1
-1 1
+1 4
-1 2
+1 25
+9 6
+2 4
+4 1
-2 1
+3 1
-3 1
+2 2
+5 1
fi=(219)
1025 2
+1 2
fe=(202)
805 4
cfi=(201)
cfn=(1270)
calls=1 382 
* 87
+2 3
+9 1
-2 1
+2 2
-2 1
+2 2
+1 3
-37 9
+41 7
+1 2
cfi=(214)
cfn=(742)
calls=1 54 
* 9
+33 12
-78 2
+39 24
-2 1
+2 1
-31 6
+7 7
-15 1
+3 2
-3 1
+3 2

fn=(1272)
452 8
fi=(219)
1025 1
fe=(202)
452 1
+1 1
-1 1
fi=(219)
1025 2
+1 2
fe=(202)
453 2
cfi=(201)
cfn=(1032)
calls=1 793 
* 21
* 2
+4 1
330 1
462 1
-7 2
332 1
466 1
337 1
-4 1
+4 1
467 1
-1 3
+2 6
-11 1
+1 2
-1 1
330 4

fn=(880)
601 12
+2 6
+6 6
+3 6
54 4
624 6

fn=(738)
87 28
+1 20
+18 36
-16 2
+2 6
-2 2
+2 8
cfi=(214)
cfn=(740)
calls=2 -68 
* 26
+1 14
+10 4
cfi=(214)
cfn=(742)
calls=2 -49 
* 18
+3 2
-11 10
+2 2
-2 2
+3 2
-3 2
+2 2
+3 8
+2 2
-2 2
+1 2
+1 10
-9 4
+1 2
+1 4

fn=(804)
635 4788
+3 2052
+1 1368
+9 684
+3 3420
-10 1368
+1 684
+5 684

fn=(852)
53 4
+1 8
+28 4
cfn=(854) __GI__IO_un_link.part.0
calls=2 -30 
* 200

fn=(854)
52 8
+6 2
-6 4
+6 2
-6 8
+6 8
cfi=(214)
cfn=(740)
calls=2 -34 
* 26
+1 14
+2 2
-1 2
+1 20
+4 4
+9 4
+2 12
+3 4
cfi=(214)
cfn=(742)
calls=2 -25 
* 18
+3 18
-19 2
-2 4
+2 4
+13 6
+2 2
-2 2
+1 2
+1 10
-12 6
-7 6

fn=(682)
343 3
+1 6
-1 21
+3 9
+1 3
fi=(219)
1025 9
+1 6
fe=(202)
347 6
cfi=(203)
cfn=(684)
calls=3 78 
* 2421
* 6
+3 18

fn=(734)
531 116
+3 116
-2 116
+2 116
+5 116
-7 116
+2 116
+10 116
-10 116
+16 116
-11 116
-5 116
+16 116
-16 116
+21 116
-16 580
+16 232
+1 4
+2 116

fn=(764)
299 160
+1 32
-1 32
+1 64
+5 96
+3 32
173 32
308 64
+2 64
+6 64
+7 32
fi=(219)
1025 96
+1 64
fe=(202)
323 64
+1 96
-1 32
cfn=(766)
calls=32 +38 
* 4440
-23 64
+21 96

fn=(858)
937 12
+2 4
+5 6
+2 6

fn=(1266)
686 5
+5 1
-5 1
+5 1
-5 6
+5 4
cfi=(214)
cfn=(740)
calls=1 24 
* 13
+1 6
-5 1
fi=(219)
1025 2
fe=(202)
705 1
fi=(219)
1025 2
+1 2
fe=(202)
705 3
cfi=(201)
cfn=(680)
calls=1 +27 
* 135
+1 3
+2 33
+1 3
-14 9
+2 3
+1 27
+2 20
+13 7
+1 2
cfi=(214)
cfn=(742)
calls=1 54 
* 9
+4 12
-20 9
-6 2
-5 2
+8 1
-3 1
+3 2

fl=(299)
fn=(1110)
117 5
+5 1

fl=(303)
fn=(1164) hack_digit
88 44
+3 11
-3 11
+3 24
+2 11
+2 22
-2 22
+8 20
+21 30
cfi=(233)
cfn=(818)
calls=10 -91 
* 210
+1 20
+1 45
+4 50
-23 60
cfi=(310)
cfn=(1166)
calls=10 -59 
* 470
+2 10
-2 10
+2 30
+3 10
-2 10
+2 10
+1 60
+11 10
-4 20
-23 1
+1 3
-1 1
+1 1
cfi=(233)
cfn=(818)
calls=1 -65 
* 21
+31 1
-31 1
+32 5
-37 6

fn=(1150) __printf_fp_buffer_1.isra.0
138 72
+21 4
+18 4
+10 4
-28 28
+62 8
1030 44
226 12
+4 28
+36 4
+5 4
-49 4
+44 16
+1 4
+1 8
+3 52
+1 4
-1 4
+1 12
-1 4
+1 8
-1 4
+1 32
+1 4
-1 8
+1 52
+6 4
-6 8
+7 8
+17 3
+4 12
-4 6
+16 6
+11 3
-41 3
+10 3
+31 3
-30 21
+33 9
+41 3
+1 3
-1 3
+1 9
fi=(229)
29 3
cob=(4)
cfi=(176)
cfn=(672)
calls=3 -29 
* 39
fe=(303)
385 30
+18 6
-9 6
+2 12
-2 30
+2 60
-74 72
-4 36
+4 147
-4 3
+4 12
+15 9
-13 18
+53 6
-2 36
cfi=(232)
cfn=(816)
calls=6 48 
* 462
+5 12
+1 12
fi=(229)
29 6
fe=(303)
388 6
fi=(229)
29 3
cob=(4)
cfi=(176)
cfn=(672)
calls=3 -29 
* 39
fe=(303)
389 9
+1 9
+1 3
+3 3
-4 3
-1 3
+1 3
+1 9
+5 6
+1 6
+6 6
+4 3
+4 3
-4 3
+4 9
-4 30
+6 6
665 4
+9 4
-9 4
+9 4
+6 4
-15 4
+9 8
+6 4
-6 8
+2 8
+10 4
+52 2
+8 8
fi=(309) ./stdio-common/../sysdeps/pthread/allocalim.h
27 4
fe=(303)
746 4
fi=(309)
27 4
cfi=(308)
cfn=(1160)
calls=4 * 
* 44
+2 8
fe=(303)
759 56
fi=(309)
29 4
fe=(303)
759 12
+4 4
-3 8
+3 10
+3 9
+7 18
+2 6
-4 3
+4 3
+14 6
-2 3
+1 15
+1 3
+1 6
-1 2
-2 1
+1 5
+1 1
+1 2
-1 21
+1 50
91 21
792 21
+2 21
91 48
+2 21
+2 42
-2 42
+8 36
+4 108
cfi=(310)
cfn=(1166)
calls=18 -59 
* 836
+2 18
+4 18
-6 18
+2 54
+1 18
+2 36
+1 72
+7 18
+4 54
cfi=(233)
cfn=(818)
calls=18 -91 
* 378
+1 36
+1 85
793 17
+1 34
-1 4
+1 8
+1 42
230 24
cfi=(305)
cfn=(1152)
calls=4 33 
* 88
* 16
+4 4
382 18
91 15
796 3
95 3
+1 9
-1 6
+1 3
cfi=(233)
cfn=(818)
calls=3 -65 
* 63
* 3
+31 9
805 20
+1 12
cfn=(1164)
calls=4 88 
* 413
+2 8
-2 4
+2 20
+2 6
+3 4
-4 2
fi=(311) ./stdio-common/../sysdeps/generic/get-rounding-mode.h
94 2
+1 8
-1 2
+1 20
fi=(312) ./stdio-common/../include/rounding-mode.h
-37 4
fe=(303)
935 2
-11 6
+7 4
+4 8
+2 6
+19 2
+1 12
+4 6
+14 6
+5 20
+3 8
+8 8
-4 4
+4 4
+5 8
-9 16
+9 16
fi=(248)
163 12
fe=(303)
999 16
+2 12
+5 8
fi=(248)
163 12
fe=(303)
1009 12
+13 16
cfi=(199)
cfn=(670)
calls=4 27 
* 214
+2 12
+4 12
483 2
-98 27
cfi=(306)
cfn=(1154)
calls=9 31 
* 108
* 18
+3 6
fi=(312)
52 12
fe=(303)
835 2
-5 4
+5 8
+5 6
+2 4
+2 4
+80 6
-69 4
+80 2
-11 6
766 9
-88 2
+2 4
+1 2
-1 2
+1 4
+57 2
-7 15
966 4
+9 4
688 4
+1 4
+3 6
+2 1
+2 2
+42 2
994 16
+2 8
308 3
-2 3
+2 3
-3 3
+3 12
-3 6
cfi=(235)
cfn=(824)
calls=3 28 
* 48
+4 6
-4 3
+4 21
+1 6
+1 21
766 9
+3 6
cfn=(1164)
calls=3 88 
* 363
* 8
cfn=(1164)
calls=4 88 
* 484
* 7
-3 24
+15 1
+2 1
669 2
782 1
-1 1
+2 3
499 3
cfi=(235)
cfn=(824)
calls=1 28 
* 16
+1 5
+1 2
+3 1
-8 1
+7 1
+1 1
-18 1
+18 2
+2 1
623 12
-2 12
+2 46
509 12
+2 24
647 3
+54 2
-12 3
1003 8
625 2
+4 5
cfi=(233)
cfn=(818)
calls=1 31 
* 33
+1 1
+1 1
-1 1
+1 2
+3 1
-1 1
+1 1
-1 1
+3 1
-2 4
+9 1
+1 1
-1 1
+2 2
439 6
+3 24
+16 9
+2 3
-2 3
cfi=(307)
cfn=(1158)
calls=3 28 
* 54
+3 6
-1 3
+1 3
-1 3
+1 9
cfi=(307)
cfn=(1158)
calls=3 28 
* 54
+2 18
+14 6
694 8
-52 1
cfi=(307)
cfn=(1158)
calls=1 28 
* 18
+3 2
834 4

fn=(1146)
1099 48
+3 4
-3 28
+3 8
+13 8
+2 4
-2 4
cob=(4)
cfi=(176)
cfn=(792)
calls=4 0 
* 64
* 8
+1 20
+31 12

ob=(5)
fl=(179)
fn=(1228)
0 9
cob=(4)
cfi=(176)
cfn=(1234) 0x000000000483d030
calls=1 0 
0 80
0 1
cfn=(1238)
calls=1 0 
0 5
0 3

ob=(2)
fl=(303)
fn=(1146)
1147 32
-30 8
fi=(304) ./stdio-common/../include/../locale/localeinfo.h
331 8
fe=(303)
1111 4
fi=(304)
331 4
fe=(303)
1112 8
+10 28
cfn=(1150)
calls=4 138 
* 7253
+4 4

ob=(4)
fl=(176)
fn=(560)
0 42
cob=(1)
cfi=(11)
cfn=(28)
calls=21 387 
0 493

fn=(598)
0 2
cob=(2)
cfi=(182)
cfn=(600)
calls=1 53 
0 29

fn=(634)
0 2
cob=(1)
cfi=(48)
cfn=(636)
calls=1 118 
0 5

fn=(1022)
0 8
cob=(2)
cfi=(273)
cfn=(1024)
calls=4 26 
0 4414

fn=(1244)
0 4

fn=(728)
0 4
cob=(2)
cfi=(213)
cfn=(730)
calls=2 85 
0 1068

fn=(604)
0 7

fn=(648)
0 10804
cob=(2)
cfi=(193)
cfn=(650)
calls=5402 206 
0 117283

fn=(672)
0 5566
cob=(2)
cfi=(200)
cfn=(674)
calls=2783 255 
0 67519

fn=(926)
0 1748
cob=(2)
cfi=(260)
cfn=(928)
calls=874 54 
0 30597

fn=(948)
0 28
cob=(2)
cfi=(193)
cfn=(950)
calls=14 206 
0 341

fn=(1004)
0 1018
cob=(2)
cfi=(258)
cfn=(920)
calls=509 158 
0 400532

fn=(1058)
0 8
cob=(2)
cfi=(200)
cfn=(812)
calls=4 249 
0 888

fn=(1262)
0 4

fn=(1234)
0 2
cob=(2)
cfi=(321)
cfn=(1210)
calls=1 30 
0 78

fn=(666)
0 528
cob=(2)
cfi=(198)
cfn=(668)
calls=264 53 
0 5061

fn=(756)
0 4260
cob=(2)
cfi=(217)
cfn=(758)
calls=2130 32 
0 397775

fn=(784)
0 228
cob=(2)
cfi=(222)
cfn=(786)
calls=114 24 
0 501444

fn=(902)
0 228
cob=(2)
cfi=(254)
cfn=(904)
calls=114 22 
0 5441

fn=(906)
0 2
cob=(2)
cfi=(255)
cfn=(908)
calls=1 27 
0 592

fn=(1028)
0 8
cob=(2)
cfi=(274)
cfn=(1030)
calls=4 32 
0 720

fn=(584)
0 7

fn=(752)
0 4
cob=(2)
cfi=(198)
cfn=(754)
calls=2 53 
0 42

fn=(778)
0 4312
cob=(2)
cfi=(221)
cfn=(780)
calls=2156 61 
0 68821

fn=(810)
0 9496
cob=(2)
cfi=(200)
cfn=(812)
calls=4748 249 
0 94960

fn=(892)
0 234
cob=(2)
cfi=(251)
cfn=(894)
calls=117 32 
0 4596

fn=(914)
0 1050
cob=(2)
cfi=(205)
cfn=(916)
calls=525 3699 
0 321736

fn=(1184)
0 2
cob=(2)
cfi=(314)
cfn=(1186)
calls=1 31 
0 189

fn=(1224)
0 4

fn=(1252)
0 2
cob=(2)
cfi=(321)
cfn=(1210)
calls=1 30 
0 78

fn=(690)
0 12
cob=(2)
cfi=(205)
cfn=(692)
calls=6 3294 
0 2554

fn=(792)
0 8022
cob=(2)
cfi=(225)
cfn=(794)
calls=4011 52 
0 57082

fn=(848)
0 4
cob=(2)
cfi=(245)
cfn=(850)
calls=2 34 
0 1168

fn=(864)
0 10
cob=(2)
cfi=(205)
cfn=(866)
calls=5 3359 
0 670

fn=(932)
0 2388
cob=(2)
cfi=(205)
cfn=(692)
calls=1194 3294 
0 240584

fn=(984)
0 7086
cob=(2)
cfi=(230)
cfn=(986)
calls=3543 81 
0 2275253

fn=(1078)
0 344
cob=(2)
cfi=(200)
cfn=(674)
calls=172 255 
0 27908

fn=(1208)
0 2
cob=(2)
cfi=(321)
cfn=(1210)
calls=1 30 
0 78

fn=(624)
0 7

fn=(838)
0 228
cob=(2)
cfi=(241)
cfn=(840)
calls=114 26 
0 42148

fn=(918)
0 618
cob=(2)
cfi=(258)
cfn=(920)
calls=309 158 
0 123254

fn=(944)
0 26232
cob=(2)
cfi=(265)
cfn=(946)
calls=13116 40 
0 52464

fn=(966)
0 1226
cob=(2)
cfi=(205)
cfn=(968)
calls=613 3407 
0 260977

fn=(1012)
0 4
cob=(2)
cfi=(269)
cfn=(1014)
calls=2 30 
0 22

fn=(654)
0 22
cob=(2)
cfi=(195)
cfn=(656)
calls=11 25 
0 14043

fn=(722)
0 2
cob=(2)
cfi=(200)
cfn=(724)
calls=1 242 
0 14

fn=(886)
0 2
cob=(2)
cfi=(249)
cfn=(888)
calls=1 82 
0 263

fn=(898)
0 232
cob=(2)
cfi=(225)
cfn=(794)
calls=116 52 
0 1626

fn=(1008)
0 3456
cob=(2)
cfi=(205)
cfn=(866)
calls=1728 3359 
0 238863

fn=(1116)
0 2
cob=(3)
cfi=(300)
cfn=(1118)
calls=1 23 
0 6

totals: 86466909
